kind,path,sha256,source_loading_seconds,receiver_loading_seconds,mapper_initialization_seconds,checkpoint_load_seconds
mapper_checkpoint,secondary/tasks/atcoder__abc365_a/mapper_loads/wm3eark6ucql22_secondary_0_1789839717223250707_FIXED_H.json,d1e24a49d9d1475f874eb6fc9ed915a7bc6b160bdd800beb264f865964fa3217,,,,0.5260716862976551
mapper_checkpoint,secondary/tasks/atcoder__abc365_a/mapper_loads/wm3eark6ucql22_secondary_0_1789839717223250707_ROTATING_H.json,4089e95765cb9b13c28d49ec9af2badc21a51ebe3c2458b5b73386002ea983ae,,,,0.5266096442937851
mapper_checkpoint,secondary/tasks/atcoder__abc365_a/mapper_loads/wm3eark6ucql22_secondary_0_1789839717223250707_ROTATING_M.json,56e7a2434690f653203743bd0465131197451c4ccde14415d67af1f6aea52d4c,,,,0.5123719992116094
mapper_checkpoint,secondary/tasks/atcoder__abc365_c/mapper_loads/q82518pd9efqvq_secondary_0_1789847875220936193_FIXED_H.json,14646116c7041781544ae2b0fb4a892807fad8cbf7528ab3ee01236dd2e1946d,,,,0.40589335234835744
mapper_checkpoint,secondary/tasks/atcoder__abc365_c/mapper_loads/q82518pd9efqvq_secondary_0_1789847875220936193_FIXED_M.json,2bafa72d38420c4a4fa6991ece354c946704d4372204d783a14a7b6425482c28,,,,0.41669332422316074
mapper_checkpoint,secondary/tasks/atcoder__abc365_c/mapper_loads/q82518pd9efqvq_secondary_0_1789847875220936193_ROTATING_H.json,830b2fd703167c677b47241fca2f20c836fd2874367c84f701948f1664de11b7,,,,0.4142552660778165
mapper_checkpoint,secondary/tasks/atcoder__abc365_c/mapper_loads/q82518pd9efqvq_secondary_0_1789847875220936193_ROTATING_M.json,6055a65097e12614e4b82a61c19b87ca8be4ba3d868f20d6122508e3ddc20b95,,,,0.41471024276688695
mapper_checkpoint,secondary/tasks/atcoder__abc366_c/mapper_loads/4todmkdu2u83rd_secondary_0_1789844696165057636_FIXED_H.json,1f874a4a8dc7c44552479df7544e57236d0213103875996c76c14080c2c7779e,,,,0.4184278058819473
mapper_checkpoint,secondary/tasks/atcoder__abc366_c/mapper_loads/4todmkdu2u83rd_secondary_0_1789844696165057636_FIXED_M.json,fe88c1480466e0e6d62281d5e6184f40e3d6d87e159fc1577665d56ad646121b,,,,0.4247782598249614
mapper_checkpoint,secondary/tasks/atcoder__abc366_c/mapper_loads/4todmkdu2u83rd_secondary_0_1789844696165057636_ROTATING_M.json,8f4c1614246234cc513aec979b4a0e303dd56d7685d66733ba94bf66580e9d41,,,,0.46393559873104095
mapper_checkpoint,secondary/tasks/atcoder__abc366_d/mapper_loads/wm3eark6ucql22_secondary_0_1789839717223250707_FIXED_H.json,19e2d642db9c02851de2922f858b1d92d0aae43ff494baf69142e52c5a444b8d,,,,0.49388332292437553
mapper_checkpoint,secondary/tasks/atcoder__abc366_d/mapper_loads/wm3eark6ucql22_secondary_0_1789839717223250707_FIXED_M.json,89b632014333254625c651c3d0f08f744f6064d42016acf6ed85b3779bab8a18,,,,0.5144779477268457
mapper_checkpoint,secondary/tasks/atcoder__abc366_d/mapper_loads/wm3eark6ucql22_secondary_0_1789839717223250707_ROTATING_M.json,4d47585f9fb37cf8a2282ceb6ad6f17ef705b94bd67a4aab8523a0e6738a1d46,,,,0.5069174133241177
mapper_checkpoint,secondary/tasks/atcoder__abc366_f/mapper_loads/q82518pd9efqvq_secondary_1_1789847874677542753_FIXED_H.json,6685e8a58f5fd3db610a57aa31a9b8befebbd1d87c251e4d6287b5abd64f6749,,,,0.39897543378174305
mapper_checkpoint,secondary/tasks/atcoder__abc366_f/mapper_loads/q82518pd9efqvq_secondary_1_1789847874677542753_FIXED_M.json,590cdbcd527fc15fbf18c49fdc57c7fb6dbd8f769b052b83e7a2420faf0fa0a4,,,,0.3906466858461499
mapper_checkpoint,secondary/tasks/atcoder__abc366_f/mapper_loads/q82518pd9efqvq_secondary_1_1789847874677542753_ROTATING_H.json,3b5b5f062248467434191043813c504b873fafd541e9baf798a7be5b717a4969,,,,0.3788698334246874
mapper_checkpoint,secondary/tasks/atcoder__abc366_f/mapper_loads/q82518pd9efqvq_secondary_1_1789847874677542753_ROTATING_M.json,5581e2cde0d02558ba73f189f079fd4df28809eb2b1b074457d35581fc27cdb9,,,,0.3821387458592653
mapper_checkpoint,secondary/tasks/atcoder__abc366_g/mapper_loads/4todmkdu2u83rd_secondary_0_1789844696165057636_FIXED_H.json,1255ca1c25656a25471c3476753773d5262b1664f91e288cc93bbdaec8c7747f,,,,0.4207761278375983
mapper_checkpoint,secondary/tasks/atcoder__abc366_g/mapper_loads/4todmkdu2u83rd_secondary_0_1789844696165057636_FIXED_M.json,408e86cde4a2c1a4fb65e7cbb46928851921758061949d63fd06e38d8f9b71ac,,,,0.41744693694636226
mapper_checkpoint,secondary/tasks/atcoder__abc366_g/mapper_loads/4todmkdu2u83rd_secondary_0_1789844696165057636_ROTATING_H.json,7c992bb9ea18100cbaae843381024dfd7043a6f801d2476640108f911b368cd7,,,,0.4662257758900523
mapper_checkpoint,secondary/tasks/atcoder__abc366_g/mapper_loads/4todmkdu2u83rd_secondary_0_1789844696165057636_ROTATING_M.json,039c6b2d46e5baa14d531bb8d86e768dc06998a87e79f396ab93d920a50717e5,,,,0.556251258123666
mapper_checkpoint,secondary/tasks/atcoder__abc367_b/mapper_loads/q82518pd9efqvq_secondary_0_1789847875220936193_FIXED_H.json,0a1febf6d850d916e1398d1be97f966ae7b5c5ab5ea3fef7684337067a322685,,,,0.41451226407662034
mapper_checkpoint,secondary/tasks/atcoder__abc367_b/mapper_loads/q82518pd9efqvq_secondary_0_1789847875220936193_FIXED_M.json,9aa5b09e298b0394b444eb02e0920d4ce1152d9508e483c523d6c8bfd14e46d2,,,,0.4122975920327008
mapper_checkpoint,secondary/tasks/atcoder__abc367_b/mapper_loads/q82518pd9efqvq_secondary_0_1789847875220936193_ROTATING_H.json,a6010d598d00c5326b3a0d8d859b6c6f6555d2becdd5c23ab4af3b47ede58ff5,,,,0.4390127882361412
mapper_checkpoint,secondary/tasks/atcoder__abc367_e/mapper_loads/4todmkdu2u83rd_secondary_0_1789844696165057636_FIXED_H.json,5b76df957da09efaa6ccd2f49ea8a57e07b077309859b35adad2015846b6fd7f,,,,0.549010313116014
mapper_checkpoint,secondary/tasks/atcoder__abc367_e/mapper_loads/4todmkdu2u83rd_secondary_0_1789844696165057636_FIXED_M.json,ea2e290a7a2b8113c1bd0857596a158be02381487396cc1a8b4a5c18fd5c4b73,,,,0.45515914680436254
mapper_checkpoint,secondary/tasks/atcoder__abc367_e/mapper_loads/4todmkdu2u83rd_secondary_0_1789844696165057636_ROTATING_H.json,9e1688e69e282dca3865fd1abff7ce83e7a5dbfbc16236f96f9d7b2678fbd655,,,,0.4398820521309972
mapper_checkpoint,secondary/tasks/atcoder__abc367_e/mapper_loads/4todmkdu2u83rd_secondary_0_1789844696165057636_ROTATING_M.json,2e5c11c3caa98e08ae8085097789e8881446a5478a8bf9ee39b04151956dcbd2,,,,0.42604519333690405
mapper_checkpoint,secondary/tasks/atcoder__abc368_c/mapper_loads/ydjoi2v9ndg67d_secondary_0_1789842150848628052_FIXED_H.json,9c2a1f660953f69cb079f914e59878d83b747a466dce20978b0360209571d7d8,,,,0.3948014946654439
mapper_checkpoint,secondary/tasks/atcoder__abc368_c/mapper_loads/ydjoi2v9ndg67d_secondary_0_1789842150848628052_FIXED_M.json,3e17b1ed882f3a222c6c4762aa496c08f61356ce13d12a33d832dcc471cf0d00,,,,0.4813877362757921
mapper_checkpoint,secondary/tasks/atcoder__abc368_c/mapper_loads/ydjoi2v9ndg67d_secondary_0_1789842150848628052_ROTATING_H.json,b4fba62d4ac6afe450c453d6252d54f6371b2f32e49674856c36ec342d4c470d,,,,0.39136990206316113
mapper_checkpoint,secondary/tasks/atcoder__abc368_c/mapper_loads/ydjoi2v9ndg67d_secondary_0_1789842150848628052_ROTATING_M.json,1e7db26eccaea15a7bb113c3b1ce4118d0030787c2c38e41527f38423c2e1ec9,,,,0.47892996901646256
mapper_checkpoint,secondary/tasks/atcoder__abc368_d/mapper_loads/q82518pd9efqvq_secondary_0_1789847875220936193_FIXED_H.json,a78c7a7529d7e0b82aa2b5bfb6b5f2d595f505e8bc91dd4a1f3739c5770970dc,,,,0.5078029301948845
mapper_checkpoint,secondary/tasks/atcoder__abc368_d/mapper_loads/q82518pd9efqvq_secondary_0_1789847875220936193_FIXED_M.json,a7d4742d1d509b8ba0c22a134910bd9423b2a42ba82de645f9823d86f0783c86,,,,0.5052158129401505
mapper_checkpoint,secondary/tasks/atcoder__abc368_d/mapper_loads/q82518pd9efqvq_secondary_0_1789847875220936193_ROTATING_H.json,32162e5b66b0243ecd9bb0165ba45d8f66b4ff94025759b539719beadbbb930a,,,,0.41452627489343286
mapper_checkpoint,secondary/tasks/atcoder__abc368_d/mapper_loads/q82518pd9efqvq_secondary_0_1789847875220936193_ROTATING_M.json,678e41275b519e0e51839318c5634bc1d694618cb1ec5abc623ab2aafc4d1ee9,,,,0.41125261690467596
mapper_checkpoint,secondary/tasks/atcoder__abc368_e/mapper_loads/4todmkdu2u83rd_secondary_0_1789844696165057636_FIXED_H.json,39883f8a00ceb5cde8649c9422d1d4e479d4270d3ae643f794b089eec358664e,,,,0.40288739604875445
mapper_checkpoint,secondary/tasks/atcoder__abc368_e/mapper_loads/4todmkdu2u83rd_secondary_0_1789844696165057636_FIXED_M.json,ff8ec323bb341b84f0189a6d7e1800054e7a18250f1c2047d3796631a8abeb5d,,,,0.4156603468582034
mapper_checkpoint,secondary/tasks/atcoder__abc368_e/mapper_loads/4todmkdu2u83rd_secondary_0_1789844696165057636_ROTATING_H.json,d78ff86cb31b1b1258aea1f21765ec407f01b7f74e26f17f813e0a859c6b698b,,,,0.46082180365920067
mapper_checkpoint,secondary/tasks/atcoder__abc368_f/mapper_loads/q82518pd9efqvq_secondary_0_1789847875220936193_FIXED_M.json,a224859e91600a8da1a789b9f4d17d114f3e5b86f30ec5828f1372a12394a6db,,,,0.418569790199399
mapper_checkpoint,secondary/tasks/atcoder__abc368_f/mapper_loads/q82518pd9efqvq_secondary_0_1789847875220936193_ROTATING_H.json,176782c83e0923ade4496241e039747970810617bba3f27fcd24bd85eb02c325,,,,0.41419929219409823
mapper_checkpoint,secondary/tasks/atcoder__abc368_f/mapper_loads/q82518pd9efqvq_secondary_0_1789847875220936193_ROTATING_M.json,184974d36d1a64e421aa0b3389ee5c640533ddd0a26c8078ca352757c1a6b83a,,,,0.5085447528399527
mapper_checkpoint,secondary/tasks/atcoder__abc368_g/mapper_loads/ydjoi2v9ndg67d_secondary_0_1789842150848628052_FIXED_M.json,095be422b1a2fd0d23b131bab0611a4edb238d181adf4c596a42da91e4d316ee,,,,0.38554137479513884
mapper_checkpoint,secondary/tasks/atcoder__abc368_g/mapper_loads/ydjoi2v9ndg67d_secondary_0_1789842150848628052_ROTATING_H.json,ced161c56716aadca9a8198049b34f56aa63b28e9740513bf014a6e26bd458fa,,,,0.4408208290114999
mapper_checkpoint,secondary/tasks/atcoder__abc368_g/mapper_loads/ydjoi2v9ndg67d_secondary_0_1789842150848628052_ROTATING_M.json,b824ec283bf9dac08403c54f54ed4970737d1a5d5b6a847ea318ef400593a020,,,,0.49596043210476637
mapper_checkpoint,secondary/tasks/atcoder__abc369_a/mapper_loads/q82518pd9efqvq_secondary_0_1789847875220936193_FIXED_H.json,9369226121cf7cb560c2bec127f652d89696308124a86c346d43702219cab31d,,,,0.3897354481741786
mapper_checkpoint,secondary/tasks/atcoder__abc369_a/mapper_loads/q82518pd9efqvq_secondary_0_1789847875220936193_FIXED_M.json,56e9e9bc26585d9f0dca957f3d65843a2064b60e07b11464e78edbf0d8113589,,,,0.4074292788282037
mapper_checkpoint,secondary/tasks/atcoder__abc369_a/mapper_loads/q82518pd9efqvq_secondary_0_1789847875220936193_ROTATING_H.json,eeb2394962627ab6bbbae1e7cdafd24bbe268920ee9d7265cbe582f048c66529,,,,0.38615752710029483
mapper_checkpoint,secondary/tasks/atcoder__abc369_a/mapper_loads/q82518pd9efqvq_secondary_0_1789847875220936193_ROTATING_M.json,e938bdc2068c11099b5cb00c6915317c183ac860d9fc63a2125cbd9d886b349c,,,,0.40674572717398405
mapper_checkpoint,secondary/tasks/atcoder__abc369_d/mapper_loads/4todmkdu2u83rd_secondary_0_1789844696165057636_FIXED_M.json,33c74fb291204a5104e0deda2d1374a4f0ba07f6076ab08b4e3b86c2312a1d48,,,,0.5367000470869243
mapper_checkpoint,secondary/tasks/atcoder__abc369_d/mapper_loads/4todmkdu2u83rd_secondary_0_1789844696165057636_ROTATING_H.json,676997bc719b2920790f1919bc9390facd450a8be2fa3dd6b4cabca47dfc5b90,,,,0.46046154806390405
mapper_checkpoint,secondary/tasks/atcoder__abc369_d/mapper_loads/4todmkdu2u83rd_secondary_0_1789844696165057636_ROTATING_M.json,c0e415d34cd6fdde07a227dcd342d6affbd9b574e4122a90e25c661b11b8d41f,,,,0.46002911357209086
mapper_checkpoint,secondary/tasks/atcoder__abc370_d/mapper_loads/4todmkdu2u83rd_secondary_0_1789844696165057636_FIXED_H.json,5caf783954f277d59bf8ea1dc7cff8bdacd2a8debf61eef6deca5122b0be5270,,,,0.40881591010838747
mapper_checkpoint,secondary/tasks/atcoder__abc370_d/mapper_loads/4todmkdu2u83rd_secondary_0_1789844696165057636_FIXED_M.json,f0905fbfcd833c8be068180755a2191e1c6236a9e33015a462e31ff8c4e9e693,,,,0.4988035960122943
mapper_checkpoint,secondary/tasks/atcoder__abc370_d/mapper_loads/4todmkdu2u83rd_secondary_0_1789844696165057636_ROTATING_H.json,30d2f0a5841698c476bea94d37c9a9d8ce6c1c5da0cbd2762d70d887bf05efb4,,,,0.4455397892743349
mapper_checkpoint,secondary/tasks/atcoder__abc370_d/mapper_loads/4todmkdu2u83rd_secondary_0_1789844696165057636_ROTATING_M.json,389befdff2ee917ca3e1800ea3fe8431b8c1cf8bd8c4c255b600a349714203f4,,,,0.4472581138834357
mapper_checkpoint,secondary/tasks/atcoder__abc370_e/mapper_loads/4todmkdu2u83rd_secondary_0_1789844696165057636_FIXED_H.json,5440cd8231bdb6f63fbfb0a2cb7e31c24a95bf926e89f85d9c107269a034a994,,,,0.4651272422634065
mapper_checkpoint,secondary/tasks/atcoder__abc370_e/mapper_loads/4todmkdu2u83rd_secondary_0_1789844696165057636_FIXED_M.json,1091678beb3730562a25279ddcb392b98e67f28916e1d3840209e73ba7fb6fe1,,,,0.46193906804546714
mapper_checkpoint,secondary/tasks/atcoder__abc370_e/mapper_loads/4todmkdu2u83rd_secondary_0_1789844696165057636_ROTATING_H.json,23642f61b9852faeb3eb7e1ec8f611a01f0d952766a0cac1473cfeecc5c5230d,,,,0.4382714689709246
mapper_checkpoint,secondary/tasks/atcoder__abc370_e/mapper_loads/4todmkdu2u83rd_secondary_0_1789844696165057636_ROTATING_M.json,f1537634b54210c5be4ad5400a5e1c9cc204cf07d5184f0dd7f1e5de601c1c38,,,,0.4284300971776247
mapper_checkpoint,secondary/tasks/atcoder__abc370_f/mapper_loads/ydjoi2v9ndg67d_secondary_0_1789842150848628052_FIXED_H.json,57af72233876d54200be48f89ae0bd507a13c4fee34fc0d76b247f8e17d3f26b,,,,0.3752441890537739
mapper_checkpoint,secondary/tasks/atcoder__abc370_f/mapper_loads/ydjoi2v9ndg67d_secondary_0_1789842150848628052_FIXED_M.json,09d540b9fa13921513c0e6f16577caafbbdf640a9a4d4c607388256baa42d4a3,,,,0.3905657632276416
mapper_checkpoint,secondary/tasks/atcoder__abc370_f/mapper_loads/ydjoi2v9ndg67d_secondary_0_1789842150848628052_ROTATING_H.json,21b2af55599948cdaf7e496f422440ae3f7e22b39b5c004f9cc513719279435d,,,,0.39901805436238647
mapper_checkpoint,secondary/tasks/atcoder__abc371_b/mapper_loads/wm3eark6ucql22_secondary_0_1789839717223250707_FIXED_H.json,f00e7d2e324b781055a9b07465f23d65e800dc30d21e53c5a82bb30a32e39a9f,,,,0.5127612678334117
mapper_checkpoint,secondary/tasks/atcoder__abc371_b/mapper_loads/wm3eark6ucql22_secondary_0_1789839717223250707_FIXED_M.json,fd7145b3cb32536fefbc0207541b1167c5b97bebab0d212e77ab07ea950387a2,,,,0.5065560163930058
mapper_checkpoint,secondary/tasks/atcoder__abc371_b/mapper_loads/wm3eark6ucql22_secondary_0_1789839717223250707_ROTATING_M.json,4620c97975df5754b8cd0ac08901f5c7526602b903df851ef86b96ea67f10d71,,,,0.5102928159758449
mapper_checkpoint,secondary/tasks/atcoder__abc371_c/mapper_loads/wm3eark6ucql22_secondary_0_1789839717223250707_FIXED_H.json,9674d0bb65294d4bc3df2fb7c9b3d377c5dc4d4854f9ad7590796c08d419fb21,,,,0.5026879655197263
mapper_checkpoint,secondary/tasks/atcoder__abc371_c/mapper_loads/wm3eark6ucql22_secondary_0_1789839717223250707_FIXED_M.json,d5193a74e96fa32d127d347d868d53f5ed5b26920cfebec3b2f42c3c50e71e43,,,,0.5054526319727302
mapper_checkpoint,secondary/tasks/atcoder__abc371_c/mapper_loads/wm3eark6ucql22_secondary_0_1789839717223250707_ROTATING_H.json,113375e700f5e909d265b4772b262b69cd16edc50b403b74acee02f2399a414b,,,,0.4998753806576133
mapper_checkpoint,secondary/tasks/atcoder__abc372_g/mapper_loads/ydjoi2v9ndg67d_secondary_0_1789842150848628052_FIXED_H.json,2d2132cdcd59e731fe9af615a9c1fd3fb741bfabe9e576412c56f9c28d4ecf71,,,,0.38341193785890937
mapper_checkpoint,secondary/tasks/atcoder__abc372_g/mapper_loads/ydjoi2v9ndg67d_secondary_0_1789842150848628052_FIXED_M.json,1236c6614af1ce414861eb6bca8f4b4ce9d24111ece059a44a7bffa603515c2f,,,,0.37806866504251957
mapper_checkpoint,secondary/tasks/atcoder__abc372_g/mapper_loads/ydjoi2v9ndg67d_secondary_0_1789842150848628052_ROTATING_H.json,41bc3c997ea916a0763e010b1c36900c0fd61ec44698856aa078dd098841c598,,,,0.3691264670342207
mapper_checkpoint,secondary/tasks/atcoder__abc372_g/mapper_loads/ydjoi2v9ndg67d_secondary_0_1789842150848628052_ROTATING_M.json,44ece57e97bdd006be7420f13b3030bc3e8ec08bc9c3cfbd4d904b7f314890ab,,,,0.3900205963291228
mapper_checkpoint,secondary/tasks/atcoder__abc373_a/mapper_loads/q82518pd9efqvq_secondary_0_1789847875220936193_FIXED_H.json,5e60fde4c264c2f7dfcd6b809d6238acbfc6fd93b082eba6a782e76a788577f7,,,,0.41683476511389017
mapper_checkpoint,secondary/tasks/atcoder__abc373_a/mapper_loads/q82518pd9efqvq_secondary_0_1789847875220936193_FIXED_M.json,da8efaecccfdc4865ff4a1836783f0682cd22bc0130b2a2647cfde18b3beea0e,,,,0.41152576776221395
mapper_checkpoint,secondary/tasks/atcoder__abc373_a/mapper_loads/q82518pd9efqvq_secondary_0_1789847875220936193_ROTATING_H.json,03b155bf7a6e160f1f4637099e2c5e846cfc8d522192464bdd6021fd5d63514d,,,,0.41462195198982954
mapper_checkpoint,secondary/tasks/atcoder__abc373_a/mapper_loads/q82518pd9efqvq_secondary_0_1789847875220936193_ROTATING_M.json,e9d8524d61fdf558e8b3dbbbf42476d1117f8f4fb42e018155bebbc67272e503,,,,0.41288259206339717
mapper_checkpoint,secondary/tasks/atcoder__abc373_b/mapper_loads/fjpaf9ioc9vbqu_secondary_1_1789866695545896148_FIXED_H.json,38db1b0f1f64c983f5adda68080f3a67ddabb79cbde83d2c186d21c59d0110d6,,,,3.857305125333369
mapper_checkpoint,secondary/tasks/atcoder__abc373_b/mapper_loads/fjpaf9ioc9vbqu_secondary_1_1789866695545896148_FIXED_M.json,d9ad2807707ac0e60e720b2bab7954bb05a1099b01166cf79eef64c4ca54dd01,,,,2.630335994064808
mapper_checkpoint,secondary/tasks/atcoder__abc373_b/mapper_loads/fjpaf9ioc9vbqu_secondary_1_1789866695545896148_ROTATING_M.json,a6457ff9d2e4d8f50c694d1dac23f1db7f6bab878aff7194ec1a7d1e6600f615,,,,2.978744007181376
mapper_checkpoint,secondary/tasks/atcoder__abc373_c/mapper_loads/q82518pd9efqvq_secondary_0_1789847875220936193_FIXED_H.json,6a47a3666243401d026ce85b984d4656fa2fd016876af3d34d8871f6d0db4ed3,,,,0.40445095393806696
mapper_checkpoint,secondary/tasks/atcoder__abc373_c/mapper_loads/q82518pd9efqvq_secondary_0_1789847875220936193_FIXED_M.json,78ced599bba15b503b732aff068cf1b21002c8aeec4b82802e86c837275b72b1,,,,0.4122598022222519
mapper_checkpoint,secondary/tasks/atcoder__abc373_c/mapper_loads/q82518pd9efqvq_secondary_0_1789847875220936193_ROTATING_H.json,cf1a31d08f6aa756ae80438feb4743334bbcf3782cc52c89e4483d7bcd44ca42,,,,0.40587459271773696
mapper_checkpoint,secondary/tasks/atcoder__abc373_c/mapper_loads/q82518pd9efqvq_secondary_0_1789847875220936193_ROTATING_M.json,470f42ec283616ec3da80914a86262b1bfa0e4ad434c366b7bca77f5e96518a2,,,,0.40943452902138233
mapper_checkpoint,secondary/tasks/atcoder__abc373_e/mapper_loads/q82518pd9efqvq_secondary_0_1789847875220936193_FIXED_H.json,9cc4ad235f8897fe8823ba77f7e8de5e80b2811f7e7f831a1f64980038cb5f80,,,,0.5002770107239485
mapper_checkpoint,secondary/tasks/atcoder__abc373_e/mapper_loads/q82518pd9efqvq_secondary_0_1789847875220936193_FIXED_M.json,9b1000167041edd8c9ad052d5ce8cee3ac75e37e0da355be8ed364c66e741ea5,,,,0.39872876089066267
mapper_checkpoint,secondary/tasks/atcoder__abc373_e/mapper_loads/q82518pd9efqvq_secondary_0_1789847875220936193_ROTATING_H.json,8e40ad884965427563f3cf464e34ed37c3d76bcaafcc0cabbd08e1e5bac1c870,,,,0.4179154150187969
mapper_checkpoint,secondary/tasks/atcoder__abc373_g/mapper_loads/q82518pd9efqvq_secondary_0_1789847875220936193_FIXED_H.json,6264bbf14d904ce1ab188f2d4d69a1d518fb6c9ed78f6060d2077af68076cc92,,,,0.4172874097712338
mapper_checkpoint,secondary/tasks/atcoder__abc373_g/mapper_loads/q82518pd9efqvq_secondary_0_1789847875220936193_FIXED_M.json,24340bdf99a61aafcf55ddcd0b98f4328bdf7f11fc0f383c473db5c7cb5ed15a,,,,0.482837091665715
mapper_checkpoint,secondary/tasks/atcoder__abc373_g/mapper_loads/q82518pd9efqvq_secondary_0_1789847875220936193_ROTATING_H.json,bdd80b03c6a6080f5351213e4d22ddfe5a076452ecba1011cbd2c73d79c33007,,,,0.4098795084282756
mapper_checkpoint,secondary/tasks/atcoder__abc374_a/mapper_loads/q82518pd9efqvq_secondary_1_1789847874677542753_FIXED_H.json,b9bc54dda6c4db9e3007d177cb6140c5844a84c21cb22022dbf5d2005c924853,,,,0.4137089280411601
mapper_checkpoint,secondary/tasks/atcoder__abc374_a/mapper_loads/q82518pd9efqvq_secondary_1_1789847874677542753_FIXED_M.json,e27b75712d157ceafefcaf0c8df28c2cb3e0b2bb88058eac7980c2348c88da49,,,,0.40547987865284085
mapper_checkpoint,secondary/tasks/atcoder__abc374_a/mapper_loads/q82518pd9efqvq_secondary_1_1789847874677542753_ROTATING_H.json,9e21bb103e5b20b21943cc42fa89fd8a03187014838dd1a74f12330ad4cc752b,,,,0.4870525342412293
mapper_checkpoint,secondary/tasks/atcoder__abc374_b/mapper_loads/ydjoi2v9ndg67d_secondary_0_1789842150848628052_FIXED_H.json,c63cdad4def2440688de31a949800e61719122f5626a342f2da838de233b3367,,,,0.48177173314616084
mapper_checkpoint,secondary/tasks/atcoder__abc374_b/mapper_loads/ydjoi2v9ndg67d_secondary_0_1789842150848628052_FIXED_M.json,da1c781cd81955880f8a1d2b80c412c4399fd88a74928701224464a276e1abbb,,,,0.4187372620217502
mapper_checkpoint,secondary/tasks/atcoder__abc374_b/mapper_loads/ydjoi2v9ndg67d_secondary_0_1789842150848628052_ROTATING_H.json,147f887f65fbdd75d2e6703b31d1331b07a086366d62fffa9950dfdb7b575fc6,,,,0.5084291752427816
mapper_checkpoint,secondary/tasks/atcoder__abc374_b/mapper_loads/ydjoi2v9ndg67d_secondary_0_1789842150848628052_ROTATING_M.json,71cf17dc8eafe2d1700746df26de93d3ab8d2c137a7a537fe92299b67a9bf324,,,,0.4187415591441095
mapper_checkpoint,secondary/tasks/atcoder__abc374_c/mapper_loads/wm3eark6ucql22_secondary_0_1789839717223250707_FIXED_H.json,4a201ffb374ce7c8d35d4249d4dd111c9cb7c24e160e6862313951df3f26d74d,,,,0.5013691876083612
mapper_checkpoint,secondary/tasks/atcoder__abc374_c/mapper_loads/wm3eark6ucql22_secondary_0_1789839717223250707_FIXED_M.json,b0f3a0227846bcb6667f022267f1aeb57325cb9c449475e59234a71d4d09a0c3,,,,0.5105015700682998
mapper_checkpoint,secondary/tasks/atcoder__abc374_c/mapper_loads/wm3eark6ucql22_secondary_0_1789839717223250707_ROTATING_H.json,48caa611cc0583a86f2ead931cee66020267eefb3333c1a4ad7c57eee2aea003,,,,0.5079618981108069
mapper_checkpoint,secondary/tasks/atcoder__abc374_c/mapper_loads/wm3eark6ucql22_secondary_0_1789839717223250707_ROTATING_M.json,ab893034c45a929002d453c0a840cd422451fabd14974a2e382f2753c1a44edd,,,,0.5134965125471354
mapper_checkpoint,secondary/tasks/atcoder__abc374_d/mapper_loads/wm3eark6ucql22_secondary_0_1789839717223250707_FIXED_H.json,e871f728b734dd2ae4f43193572792342fbf8f6af6e44b48d363ef2a42fe5edc,,,,0.5096156550571322
mapper_checkpoint,secondary/tasks/atcoder__abc374_d/mapper_loads/wm3eark6ucql22_secondary_0_1789839717223250707_ROTATING_H.json,792b6e66a3cfe205a5a5c63bd05b3d0b332587ce784c95dec3759c3aeaeecc4e,,,,0.50653887540102
mapper_checkpoint,secondary/tasks/atcoder__abc374_d/mapper_loads/wm3eark6ucql22_secondary_0_1789839717223250707_ROTATING_M.json,5ed17a24c174d8ec5ad78532a718e8049853b162e18f5ed589981dd594165c5d,,,,0.49851426761597395
mapper_checkpoint,secondary/tasks/atcoder__abc375_a/mapper_loads/q82518pd9efqvq_secondary_0_1789847875220936193_FIXED_H.json,5565ab8af1b495b9e7b23d1ead884818882ba7815a33a8f0c0c0645266868d50,,,,0.41606434993445873
mapper_checkpoint,secondary/tasks/atcoder__abc375_a/mapper_loads/q82518pd9efqvq_secondary_0_1789847875220936193_FIXED_M.json,a209a8f3f77d5b35c5b2c8c22b5e32f112ea8bbfd41c11e67e7f159303bdeb4d,,,,0.41303946217522025
mapper_checkpoint,secondary/tasks/atcoder__abc375_a/mapper_loads/q82518pd9efqvq_secondary_0_1789847875220936193_ROTATING_H.json,548d9d48a514edceb2b4962dfc7da9bd419bb1a97a1e18740f0652f4960ac211,,,,0.4121988699771464
mapper_checkpoint,secondary/tasks/atcoder__abc375_a/mapper_loads/q82518pd9efqvq_secondary_0_1789847875220936193_ROTATING_M.json,f1e94b3a839fce9fba97f069e1d3b02f0c33c0b6b75db4923fef10aa2f1b5cfe,,,,0.5038703670725226
mapper_checkpoint,secondary/tasks/atcoder__abc375_e/mapper_loads/wm3eark6ucql22_secondary_0_1789839717223250707_FIXED_H.json,a134facf2cdb47cb3e07c0a4f5bfdedd8312de927d64047da2cd06e71636372b,,,,0.5119037376716733
mapper_checkpoint,secondary/tasks/atcoder__abc375_e/mapper_loads/wm3eark6ucql22_secondary_0_1789839717223250707_FIXED_M.json,a106f4f08f8b551b0f646d50407c367fa016a073bc49cedb28464a2d83771bd7,,,,0.5043119536712766
mapper_checkpoint,secondary/tasks/atcoder__abc375_e/mapper_loads/wm3eark6ucql22_secondary_0_1789839717223250707_ROTATING_H.json,f83d26ae937efea14dfc1bc21bce81f1608f54d1341156a10d88d21d9a0c7ca8,,,,0.5114125916734338
mapper_checkpoint,secondary/tasks/atcoder__abc375_e/mapper_loads/wm3eark6ucql22_secondary_0_1789839717223250707_ROTATING_M.json,e0a4c7f56cca1d5b464d9bad5973f8e79b803cc2389eea322fce8e3c68d18622,,,,0.5181003138422966
mapper_checkpoint,secondary/tasks/atcoder__abc375_f/mapper_loads/q82518pd9efqvq_secondary_0_1789847875220936193_FIXED_H.json,70c6fc935bac04771108f8c1636ad4d58a13ea6616c7a4d1f1cc28c873ec1620,,,,0.416286236140877
mapper_checkpoint,secondary/tasks/atcoder__abc375_f/mapper_loads/q82518pd9efqvq_secondary_0_1789847875220936193_FIXED_M.json,bf2197f088c88975fa20f92753e0dad1aa076edb93d4e28935c8ece8319f149c,,,,0.41517444467172027
mapper_checkpoint,secondary/tasks/atcoder__abc375_f/mapper_loads/q82518pd9efqvq_secondary_0_1789847875220936193_ROTATING_H.json,7a2731bb1bc114d1cab58a46dec4a44b7ed773957357862da0e8169dcf09f7e5,,,,0.5013929829001427
mapper_checkpoint,secondary/tasks/atcoder__abc375_f/mapper_loads/q82518pd9efqvq_secondary_0_1789847875220936193_ROTATING_M.json,6be69a423224ef50c2eee9a75131d9d6738ed5f6ca26a972bcb3628ead66a2cd,,,,0.41291831713169813
mapper_checkpoint,secondary/tasks/atcoder__abc376_f/mapper_loads/4todmkdu2u83rd_secondary_0_1789844696165057636_FIXED_H.json,326bebb2e301ea14cc835c1c2ddb73fc72da5f73f6e4624c5dfa88f1e6c80897,,,,0.41821536188945174
mapper_checkpoint,secondary/tasks/atcoder__abc376_f/mapper_loads/4todmkdu2u83rd_secondary_0_1789844696165057636_ROTATING_H.json,20249e0738074e334c5800b329a3ce58f7ada71969bf40f3ed7e01781751aef8,,,,0.46159307984635234
mapper_checkpoint,secondary/tasks/atcoder__abc376_f/mapper_loads/4todmkdu2u83rd_secondary_0_1789844696165057636_ROTATING_M.json,12e46d87d766ee313fa3e5ee35c1f3dae84854cd9482cba26fa0ad51af0a880a,,,,0.5059590311720967
mapper_checkpoint,secondary/tasks/atcoder__abc377_a/mapper_loads/ydjoi2v9ndg67d_secondary_0_1789842150848628052_FIXED_H.json,5e48f4c7250974bd49fc8c643820c95f5b093d1ad0277429d9518b1fd2b7d007,,,,0.40817490173503757
mapper_checkpoint,secondary/tasks/atcoder__abc377_a/mapper_loads/ydjoi2v9ndg67d_secondary_0_1789842150848628052_FIXED_M.json,40fae04abef34d67a0b9ae02631626eaa898f85cfb00ef1810b4ffe0065627f9,,,,0.41024563414976
mapper_checkpoint,secondary/tasks/atcoder__abc377_a/mapper_loads/ydjoi2v9ndg67d_secondary_0_1789842150848628052_ROTATING_H.json,17390a87b819091e1f35b73392f68c1aa004c6dfcdf6ddd15ce624ee5a52ff7b,,,,0.4094805628992617
mapper_checkpoint,secondary/tasks/atcoder__abc377_a/mapper_loads/ydjoi2v9ndg67d_secondary_0_1789842150848628052_ROTATING_M.json,79e519d20344aeea239f80a97f23cc496558bc238de2cfb2fe794092fc7e9f00,,,,0.4134275154210627
mapper_checkpoint,secondary/tasks/atcoder__abc377_b/mapper_loads/wm3eark6ucql22_secondary_0_1789839717223250707_FIXED_H.json,c6b59c57ac1dfbe65cc84a71e58ae6391591ade21bf8a9cfe0317284bf32ac26,,,,0.5438029756769538
mapper_checkpoint,secondary/tasks/atcoder__abc377_b/mapper_loads/wm3eark6ucql22_secondary_0_1789839717223250707_FIXED_M.json,53f2a6538de96e50dc05d59e6e0ff8f2df68d253b17025c1fa46964dd5a4b885,,,,0.5246521774679422
mapper_checkpoint,secondary/tasks/atcoder__abc377_b/mapper_loads/wm3eark6ucql22_secondary_0_1789839717223250707_ROTATING_H.json,c748639ae5df229d01277ab54a4c7f822a8bbd8b93509e979ba14b3c8521f9fa,,,,0.5147310914471745
mapper_checkpoint,secondary/tasks/atcoder__abc377_c/mapper_loads/4todmkdu2u83rd_secondary_0_1789844696165057636_FIXED_H.json,9da55dd371feadd5395cd4ea93a09def32f096d4a22f2866a65982d91328919c,,,,0.41583846090361476
mapper_checkpoint,secondary/tasks/atcoder__abc377_c/mapper_loads/4todmkdu2u83rd_secondary_0_1789844696165057636_FIXED_M.json,e391080d28e845a2e1c41602c1fcb65d38226770514e960b8bdcc931639ab703,,,,0.4166645249351859
mapper_checkpoint,secondary/tasks/atcoder__abc377_c/mapper_loads/4todmkdu2u83rd_secondary_0_1789844696165057636_ROTATING_H.json,c7029551e269c4618d2f54a5e93e6231c63ae38e8c8f70a40c653c7786e920af,,,,0.4616730157285929
mapper_checkpoint,secondary/tasks/atcoder__abc377_d/mapper_loads/ydjoi2v9ndg67d_secondary_0_1789842150848628052_FIXED_H.json,a0b449de5344a9cbf823632a9ea57dbfabf5ec295f27e32c0ce85492a8fc54e7,,,,0.4099620711058378
mapper_checkpoint,secondary/tasks/atcoder__abc377_d/mapper_loads/ydjoi2v9ndg67d_secondary_0_1789842150848628052_FIXED_M.json,f44e4968aee16873e9df263b4bdb05ad2e74a5f3f3e71bf2c7d4e89afdebc7fa,,,,0.40275467885658145
mapper_checkpoint,secondary/tasks/atcoder__abc377_d/mapper_loads/ydjoi2v9ndg67d_secondary_0_1789842150848628052_ROTATING_M.json,a5d0f3f02bc7d216f42455d3bf50bc5572861071ad3112cda408dfea05ff35b2,,,,0.4941228157840669
mapper_checkpoint,secondary/tasks/atcoder__abc377_g/mapper_loads/4todmkdu2u83rd_secondary_0_1789844696165057636_FIXED_H.json,313ff6d1deb42fc53a77c58e4d0fc9b3327fef38a20e83622222bec6ab4a6984,,,,0.5425320859067142
mapper_checkpoint,secondary/tasks/atcoder__abc377_g/mapper_loads/4todmkdu2u83rd_secondary_0_1789844696165057636_FIXED_M.json,3c10dca64b903d4cc3cf6e0625467a89a6750c81894e8ab98c9dc99f5d2e33aa,,,,0.46888815658167005
mapper_checkpoint,secondary/tasks/atcoder__abc377_g/mapper_loads/4todmkdu2u83rd_secondary_0_1789844696165057636_ROTATING_H.json,8d9f95e507de0d206fb8946e800913e37265400299f064e489acd4417204f035,,,,0.42307619098573923
mapper_checkpoint,secondary/tasks/atcoder__abc377_g/mapper_loads/4todmkdu2u83rd_secondary_0_1789844696165057636_ROTATING_M.json,7757bfa69fc3ca5e6d40e99ba2114ae1cdc2501f277f33c975ee94bf0a91e7e7,,,,0.4288198743015528
mapper_checkpoint,secondary/tasks/atcoder__abc378_c/mapper_loads/q82518pd9efqvq_secondary_0_1789847875220936193_FIXED_M.json,a6b695d07541256713ff030eeda954f16b9ca0ea400764ccc0b67e2a2d19253c,,,,0.499295930378139
mapper_checkpoint,secondary/tasks/atcoder__abc378_c/mapper_loads/q82518pd9efqvq_secondary_0_1789847875220936193_ROTATING_H.json,60099c9819fea483421518cacc4a6db8a17423adec01bf48cff678ed5f54a862,,,,0.406827833969146
mapper_checkpoint,secondary/tasks/atcoder__abc378_c/mapper_loads/q82518pd9efqvq_secondary_0_1789847875220936193_ROTATING_M.json,f2f9665b03022239b3dec6ece318f8b2d797fc0116d7b9ac96812d63fe762d72,,,,0.4063310637138784
mapper_checkpoint,secondary/tasks/atcoder__abc378_e/mapper_loads/q82518pd9efqvq_secondary_0_1789847875220936193_FIXED_H.json,17086d22e31b3162812b0f939f760dfe9482946af329719985ef15bece9a0164,,,,0.39805024256929755
mapper_checkpoint,secondary/tasks/atcoder__abc378_e/mapper_loads/q82518pd9efqvq_secondary_0_1789847875220936193_FIXED_M.json,7ab2bfeaaa06f90fe2489afbd7e0ab329f19131993a6c37e64929705dd4d607e,,,,0.4166602147743106
mapper_checkpoint,secondary/tasks/atcoder__abc378_e/mapper_loads/q82518pd9efqvq_secondary_0_1789847875220936193_ROTATING_H.json,3da67d15e289b0dbea7abedc10aca4b7613089cbaf5c7810047b82de6b7117c8,,,,0.3952184137888253
mapper_checkpoint,secondary/tasks/atcoder__abc378_f/mapper_loads/q82518pd9efqvq_secondary_1_1789847874677542753_FIXED_H.json,aaaeeb32bb7eaff5bd3786743fc197f6378523d1c34f46913ece93d910bc67a3,,,,0.39256644807755947
mapper_checkpoint,secondary/tasks/atcoder__abc378_f/mapper_loads/q82518pd9efqvq_secondary_1_1789847874677542753_FIXED_M.json,0445da8e2aa3c3b1d1c796bde795700506a02b80d7049badcf4b2dbc599a832b,,,,0.41660197963938117
mapper_checkpoint,secondary/tasks/atcoder__abc378_f/mapper_loads/q82518pd9efqvq_secondary_1_1789847874677542753_ROTATING_H.json,6d35cb211447e52b9bb83ac15140c62b19cfc745dd0a4f6accddfbddac7e0bf4,,,,0.39560076501220465
mapper_checkpoint,secondary/tasks/atcoder__abc378_f/mapper_loads/q82518pd9efqvq_secondary_1_1789847874677542753_ROTATING_M.json,edfed83f829d7a7363c3451631b6b98bb16dde255754377c218a6e27de306126,,,,0.4242176120169461
mapper_checkpoint,secondary/tasks/atcoder__abc378_g/mapper_loads/q82518pd9efqvq_secondary_0_1789847875220936193_FIXED_M.json,58638020a55841b8e8fd974100f5f869a1818d988116fb12f17b8bc4b5f4c422,,,,0.4124380690045655
mapper_checkpoint,secondary/tasks/atcoder__abc378_g/mapper_loads/q82518pd9efqvq_secondary_0_1789847875220936193_ROTATING_H.json,5a8ca94e7eee451fa5e6b5c1880116e6c83ab7b77b56b55d36eb4052c0e8d330,,,,0.41126088006421924
mapper_checkpoint,secondary/tasks/atcoder__abc378_g/mapper_loads/q82518pd9efqvq_secondary_0_1789847875220936193_ROTATING_M.json,394c85e65b23db09870a02183f0405c2e2d768af1f2819352bd499dc7ce8218c,,,,0.4151855129748583
mapper_checkpoint,secondary/tasks/atcoder__abc379_c/mapper_loads/q82518pd9efqvq_secondary_0_1789847875220936193_FIXED_H.json,ff237686f6e4414eb63bb4dd601abe0a8695be1ee1c21b8d7d7db3c7737ece05,,,,0.4113601129502058
mapper_checkpoint,secondary/tasks/atcoder__abc379_c/mapper_loads/q82518pd9efqvq_secondary_0_1789847875220936193_FIXED_M.json,5d7c6511b749705f8f43679bfa5f62c2e5eeb90819cb0b17cd070304c0085922,,,,0.5020138379186392
mapper_checkpoint,secondary/tasks/atcoder__abc379_c/mapper_loads/q82518pd9efqvq_secondary_0_1789847875220936193_ROTATING_M.json,3fc7c4ec9f820286d3ab30538877d596da21b371a76535f40cb8edd8e8e58dca,,,,0.413857261184603
mapper_checkpoint,secondary/tasks/atcoder__abc379_d/mapper_loads/wm3eark6ucql22_secondary_0_1789839717223250707_FIXED_H.json,ac855ea7c512dd37fd2c2255766bbf583ec63541e324f53552e5dc3066fa2219,,,,0.5046446956694126
mapper_checkpoint,secondary/tasks/atcoder__abc379_d/mapper_loads/wm3eark6ucql22_secondary_0_1789839717223250707_FIXED_M.json,6b5227017f2c8c35a322c2512e54842c5ed625956e323ea44f472043bffd16e0,,,,0.5095648597925901
mapper_checkpoint,secondary/tasks/atcoder__abc379_d/mapper_loads/wm3eark6ucql22_secondary_0_1789839717223250707_ROTATING_H.json,d01889204fb514b67e91c12f13cef71ba26754158ad30bcb659907be8d02aa14,,,,0.5040961820632219
mapper_checkpoint,secondary/tasks/atcoder__abc379_d/mapper_loads/wm3eark6ucql22_secondary_0_1789839717223250707_ROTATING_M.json,e22fbecdb1f0d08e5a7e6b93a898657bef6185529182843812aabe6584429dc4,,,,0.5039150649681687
mapper_checkpoint,secondary/tasks/atcoder__abc380_b/mapper_loads/q82518pd9efqvq_secondary_0_1789847875220936193_FIXED_H.json,e58d040d88fe7e3527cb93f68d210d91fe83e3792852b893c54012252a177022,,,,0.41186293261125684
mapper_checkpoint,secondary/tasks/atcoder__abc380_b/mapper_loads/q82518pd9efqvq_secondary_0_1789847875220936193_FIXED_M.json,5a93ee6f0414603986a32ed565c9d41f5d1ee7b21561664270baaa85e19c6059,,,,0.415011421777308
mapper_checkpoint,secondary/tasks/atcoder__abc380_b/mapper_loads/q82518pd9efqvq_secondary_0_1789847875220936193_ROTATING_M.json,d14e58ea33509d4af9d8f23a1903851da01c404d4f59690d427b6a46c937ece3,,,,0.4116507391445339
mapper_checkpoint,secondary/tasks/atcoder__abc380_g/mapper_loads/wm3eark6ucql22_secondary_0_1789839717223250707_FIXED_H.json,d2141bb3bc57cdf1327fe76aa3e9a2db703e0ba856af85ca2d9315dcbd397499,,,,0.5049807978793979
mapper_checkpoint,secondary/tasks/atcoder__abc380_g/mapper_loads/wm3eark6ucql22_secondary_0_1789839717223250707_FIXED_M.json,0e4766cb3ba3348c978586e5420b8094c9476aee8e7b0216fb0c736e0281dcc8,,,,0.5009669959545135
mapper_checkpoint,secondary/tasks/atcoder__abc380_g/mapper_loads/wm3eark6ucql22_secondary_0_1789839717223250707_ROTATING_H.json,b2033eed6d44a002d9cd5cbde755ce449544d254bd2d6c5b68ddb1add26d9e8f,,,,0.5117172040045261
mapper_checkpoint,secondary/tasks/atcoder__abc380_g/mapper_loads/wm3eark6ucql22_secondary_0_1789839717223250707_ROTATING_M.json,1f9ca27ad48105b5c3d14fd65581b37101481cfc98e18507275352645c1cd750,,,,0.494875225238502
mapper_checkpoint,secondary/tasks/atcoder__abc381_b/mapper_loads/q82518pd9efqvq_secondary_1_1789847874677542753_FIXED_H.json,6c4449d37b04174c628f0cee46d4625a6bd91c2597ade91618d5be65e762f75b,,,,0.405036109033972
mapper_checkpoint,secondary/tasks/atcoder__abc381_b/mapper_loads/q82518pd9efqvq_secondary_1_1789847874677542753_FIXED_M.json,2df744db6e9ce03032e31350a806453a6dfd805ed5ce188a32cf7fcd4b069051,,,,0.5068668299354613
mapper_checkpoint,secondary/tasks/atcoder__abc381_b/mapper_loads/q82518pd9efqvq_secondary_1_1789847874677542753_ROTATING_H.json,38340a3d3dd61ed2dfeb7c51d75a68a5d8fbde5ecfd37668ed053b497edd083b,,,,0.41753287333995104
mapper_checkpoint,secondary/tasks/atcoder__abc381_b/mapper_loads/q82518pd9efqvq_secondary_1_1789847874677542753_ROTATING_M.json,926fa730ed74e5234aded882114f516c2ee1419a915afa823a099559d0f62c3e,,,,0.41295184614136815
mapper_checkpoint,secondary/tasks/atcoder__abc381_d/mapper_loads/4todmkdu2u83rd_secondary_0_1789844696165057636_FIXED_H.json,7008914da1e5a2eac2f3f0128aeb09b236fd3d2df579ca4501f2d4890599dfa0,,,,0.45090715726837516
mapper_checkpoint,secondary/tasks/atcoder__abc381_d/mapper_loads/4todmkdu2u83rd_secondary_0_1789844696165057636_FIXED_M.json,e7e67cf6b00fc04f5442d33f1fe8afc760504179c18918c8e1a85a0598cd1dc8,,,,0.5462683802470565
mapper_checkpoint,secondary/tasks/atcoder__abc381_d/mapper_loads/4todmkdu2u83rd_secondary_0_1789844696165057636_ROTATING_H.json,209c809814d9f489bffc78897ed7ffd88c09c77bc9d0732e5eaa734127197c86,,,,0.43135057482868433
mapper_checkpoint,secondary/tasks/atcoder__abc381_d/mapper_loads/4todmkdu2u83rd_secondary_0_1789844696165057636_ROTATING_M.json,88c9bdd58d7fedb4d0db6cd1d58820e91850f2c0b34d935335263e67ae69a0ed,,,,0.4261569189839065
mapper_checkpoint,secondary/tasks/atcoder__abc381_e/mapper_loads/q82518pd9efqvq_secondary_1_1789847874677542753_FIXED_H.json,502c0781822048172deac3be185c314fb9c58f70e79e1399bbef524ba396b437,,,,0.38565513817593455
mapper_checkpoint,secondary/tasks/atcoder__abc381_e/mapper_loads/q82518pd9efqvq_secondary_1_1789847874677542753_FIXED_M.json,825080e7c6ff9d12308055391d98df5e2e1c945d0c0e663f8ea4e6df18301c4f,,,,0.40962483268231153
mapper_checkpoint,secondary/tasks/atcoder__abc381_e/mapper_loads/q82518pd9efqvq_secondary_1_1789847874677542753_ROTATING_H.json,ef2a448bf15006498698333b46ed97deac2e4b15576348900921db039f158d23,,,,0.37950102100148797
mapper_checkpoint,secondary/tasks/atcoder__abc381_e/mapper_loads/q82518pd9efqvq_secondary_1_1789847874677542753_ROTATING_M.json,946dcab04d13a155d053880a09bc3d6cb7a662960d6d533aa91c425bd313dffc,,,,0.3842809805646539
mapper_checkpoint,secondary/tasks/atcoder__abc382_b/mapper_loads/4todmkdu2u83rd_secondary_0_1789844696165057636_FIXED_M.json,c0270d223d0ef0164008ebd85bd1381e1e4ff644f81c180e841a16daee30d395,,,,0.45372325368225574
mapper_checkpoint,secondary/tasks/atcoder__abc382_b/mapper_loads/4todmkdu2u83rd_secondary_0_1789844696165057636_ROTATING_H.json,058534f36f78958e60a7798c0681e3dc33289cb6ac2308393ae5c8025977e346,,,,0.5237305029295385
mapper_checkpoint,secondary/tasks/atcoder__abc382_b/mapper_loads/4todmkdu2u83rd_secondary_0_1789844696165057636_ROTATING_M.json,82d07f65672e269f6a840697513cc08c1dc38b9d32270888235bfae1bcc84906,,,,0.425600360147655
mapper_checkpoint,secondary/tasks/atcoder__abc384_a/mapper_loads/q82518pd9efqvq_secondary_1_1789847874677542753_FIXED_H.json,d4f8c2aa4f4857ed8c927a84ad655f73a2c29c7ed9aac3518b96ece876ab6d88,,,,0.41385472705587745
mapper_checkpoint,secondary/tasks/atcoder__abc384_a/mapper_loads/q82518pd9efqvq_secondary_1_1789847874677542753_FIXED_M.json,954734513fd3c2c290c69a9e6a69f1e895f97db2c179a471ba4566b5ef220622,,,,0.41805862775072455
mapper_checkpoint,secondary/tasks/atcoder__abc384_a/mapper_loads/q82518pd9efqvq_secondary_1_1789847874677542753_ROTATING_H.json,6b851b96d18714dc28308d542a6ef71390a6a042c56582fa50ea63c96b050573,,,,0.4170698318630457
mapper_checkpoint,secondary/tasks/atcoder__abc384_a/mapper_loads/q82518pd9efqvq_secondary_1_1789847874677542753_ROTATING_M.json,b2d8a529ecebded0c52322048eee6fd5b5598158d2ed5d35cb7d5916a0771a16,,,,0.41487192502245307
mapper_checkpoint,secondary/tasks/atcoder__abc385_a/mapper_loads/wm3eark6ucql22_secondary_0_1789839717223250707_FIXED_H.json,f07157a8b98702d18a88e329277c605cca899cda5c0f99d3d1e407d3b4ad34ef,,,,0.5097224833443761
mapper_checkpoint,secondary/tasks/atcoder__abc385_a/mapper_loads/wm3eark6ucql22_secondary_0_1789839717223250707_FIXED_M.json,c9dd122527d394d1c15edf05cdde08f9fdb92118a9ed23c1bdae5b64d2a1d667,,,,0.5053689945489168
mapper_checkpoint,secondary/tasks/atcoder__abc385_a/mapper_loads/wm3eark6ucql22_secondary_0_1789839717223250707_ROTATING_H.json,fe005f6a8c06e012b61735b87cacfbe3f2e20078b7c6a472f02d5e40bb4c95e4,,,,0.5011382922530174
mapper_checkpoint,secondary/tasks/atcoder__abc385_a/mapper_loads/wm3eark6ucql22_secondary_0_1789839717223250707_ROTATING_M.json,7147466d897cea912553c4dd6a19958c2f50f9e51ecda82f52b69aa4265fdfcf,,,,0.51257155649364
mapper_checkpoint,secondary/tasks/atcoder__abc385_b/mapper_loads/wm3eark6ucql22_secondary_0_1789839717223250707_FIXED_H.json,0d22033b133c7485e2d2331821e898c5f01fb1f33a887ecb2914830f5b34fd89,,,,0.5071578631177545
mapper_checkpoint,secondary/tasks/atcoder__abc385_b/mapper_loads/wm3eark6ucql22_secondary_0_1789839717223250707_FIXED_M.json,dfd1161ce4ab033c94f9b60cc04a0aff650454a806cb2c27f0ed8d6baa0e90db,,,,0.5108774024993181
mapper_checkpoint,secondary/tasks/atcoder__abc385_b/mapper_loads/wm3eark6ucql22_secondary_0_1789839717223250707_ROTATING_M.json,8753f83ce2bf4c51fa92d334bdee28089e7588257b5db4d28ff29a250b63da74,,,,0.509012165479362
mapper_checkpoint,secondary/tasks/atcoder__abc385_c/mapper_loads/4todmkdu2u83rd_secondary_0_1789844696165057636_FIXED_H.json,9c8cfd66c7a0fe3b20187920783aba20d433155297fda8ce5e9761164ff41006,,,,0.45497266575694084
mapper_checkpoint,secondary/tasks/atcoder__abc385_c/mapper_loads/4todmkdu2u83rd_secondary_0_1789844696165057636_FIXED_M.json,e2f0eccb9884441e6e9124113f546a3c28aec7791501ea59372fd83fedf7d153,,,,0.43517078133299947
mapper_checkpoint,secondary/tasks/atcoder__abc385_c/mapper_loads/4todmkdu2u83rd_secondary_0_1789844696165057636_ROTATING_H.json,4003f4af052d1061e11da70fa42c15f3afff6bf8671b9d7053e0faaf869e8311,,,,0.4076227229088545
mapper_checkpoint,secondary/tasks/atcoder__abc385_c/mapper_loads/4todmkdu2u83rd_secondary_0_1789844696165057636_ROTATING_M.json,d6fc61fc88873a5ade2393d8957698159f663e41d1d58bc083a344db5361e09e,,,,0.4365340960212052
mapper_checkpoint,secondary/tasks/atcoder__abc385_e/mapper_loads/q82518pd9efqvq_secondary_1_1789847874677542753_FIXED_H.json,880c01aa58e616994a8b1cf61997a5c51afba243f1d7f8aa1810d744299adc5e,,,,0.40519301733002067
mapper_checkpoint,secondary/tasks/atcoder__abc385_e/mapper_loads/q82518pd9efqvq_secondary_1_1789847874677542753_FIXED_M.json,c5b527a519d88858cc2f895781cc0e6a379aea3d354850aa791bbe4474fb1c8d,,,,0.3898967639543116
mapper_checkpoint,secondary/tasks/atcoder__abc385_e/mapper_loads/q82518pd9efqvq_secondary_1_1789847874677542753_ROTATING_H.json,9838446fb96aba6e3d08a55e0ee6cc1332bbaa744b9b9746b01d67f9177cae80,,,,0.41813049372285604
mapper_checkpoint,secondary/tasks/atcoder__abc385_f/mapper_loads/q82518pd9efqvq_secondary_1_1789847874677542753_FIXED_H.json,6bdb5810425ccacc71109cfca964d150dd80b0cd280a473a019b62d8ec2d68d3,,,,0.5059333760291338
mapper_checkpoint,secondary/tasks/atcoder__abc385_f/mapper_loads/q82518pd9efqvq_secondary_1_1789847874677542753_ROTATING_H.json,e3b04a943ac103c816d0cf544387ef386dc8276f73a194a535ff985dcace744e,,,,0.3907965258695185
mapper_checkpoint,secondary/tasks/atcoder__abc385_f/mapper_loads/q82518pd9efqvq_secondary_1_1789847874677542753_ROTATING_M.json,afa3da6039a782ce4c6d26b600f1f6d19ed5b3b48a7081d6c760d84d3b8427f8,,,,0.4059358322992921
mapper_checkpoint,secondary/tasks/atcoder__abc386_a/mapper_loads/q82518pd9efqvq_secondary_1_1789847874677542753_FIXED_H.json,a3d38ca321fa9fba87a14ed7fbd584b57ef8c68ddeb9800e8e7cd106a9ff40b5,,,,0.4119886951521039
mapper_checkpoint,secondary/tasks/atcoder__abc386_a/mapper_loads/q82518pd9efqvq_secondary_1_1789847874677542753_FIXED_M.json,c8166e79e4e6013a49cbfc80f82a86ebe5a1d8a7b8b8f2f5129b0f7f7caaa331,,,,0.39696850441396236
mapper_checkpoint,secondary/tasks/atcoder__abc386_a/mapper_loads/q82518pd9efqvq_secondary_1_1789847874677542753_ROTATING_H.json,4ff0caa6dc508d6a01bb02e0b15283958f98831a8e0399aa57e3fb0b3d9ccb03,,,,0.3922578259371221
mapper_checkpoint,secondary/tasks/atcoder__abc386_a/mapper_loads/q82518pd9efqvq_secondary_1_1789847874677542753_ROTATING_M.json,0a8ccb29ab74e99e30abc866b5886600fd8a0ea6c6909edabdb69099f7cb40f7,,,,0.4868660429492593
mapper_checkpoint,secondary/tasks/atcoder__abc386_e/mapper_loads/q82518pd9efqvq_secondary_0_1789847875220936193_FIXED_H.json,5bd6a106720f899b5caf9453ed279b3f1a246bac55f603c705ea2b2aed841542,,,,0.4117383942939341
mapper_checkpoint,secondary/tasks/atcoder__abc386_e/mapper_loads/q82518pd9efqvq_secondary_0_1789847875220936193_ROTATING_H.json,6e9dcfbc19d92083e3cc2ba18af6d78ed1e1a178fac7739a298b1981a961bf91,,,,0.409777688793838
mapper_checkpoint,secondary/tasks/atcoder__abc386_e/mapper_loads/q82518pd9efqvq_secondary_0_1789847875220936193_ROTATING_M.json,8a389dfc072baa96811f5a0bdc46395d6af616cda32b91c1a2a9d515520a4711,,,,0.4146338542923331
mapper_checkpoint,secondary/tasks/atcoder__abc386_f/mapper_loads/4todmkdu2u83rd_secondary_0_1789844696165057636_FIXED_H.json,bc175c20e0ba73f95e660d261a8d1bb0518634a86b4ca9083ec2159583ccb831,,,,0.43663759203627706
mapper_checkpoint,secondary/tasks/atcoder__abc386_f/mapper_loads/4todmkdu2u83rd_secondary_0_1789844696165057636_FIXED_M.json,dfea51c2f1c12774850750d954f9fa2cccadfd96bfeb6e183dc6e4706522f6ea,,,,0.4380626888014376
mapper_checkpoint,secondary/tasks/atcoder__abc386_f/mapper_loads/4todmkdu2u83rd_secondary_0_1789844696165057636_ROTATING_H.json,f3aeef9688642cc51c527d49097026494dcd703a09ff08f6231863428ada5be8,,,,0.42931776214390993
mapper_checkpoint,secondary/tasks/atcoder__abc386_f/mapper_loads/4todmkdu2u83rd_secondary_0_1789844696165057636_ROTATING_M.json,9d9eda32a88e2b8699dd599e5b0a747bef294529e35f7738ead03bedb157bc57,,,,0.43635445460677147
mapper_checkpoint,secondary/tasks/atcoder__abc387_a/mapper_loads/q82518pd9efqvq_secondary_0_1789847875220936193_FIXED_H.json,89d70f528c29b3ac35116306becd6bf2eb6dbed403be4ab43a36a5f4fa07cb9f,,,,0.5110700549557805
mapper_checkpoint,secondary/tasks/atcoder__abc387_a/mapper_loads/q82518pd9efqvq_secondary_0_1789847875220936193_FIXED_M.json,d7563faaa07c37149f140a6f1a769868ed1f59e4853c38d881038689615f6f01,,,,0.4155671917833388
mapper_checkpoint,secondary/tasks/atcoder__abc387_a/mapper_loads/q82518pd9efqvq_secondary_0_1789847875220936193_ROTATING_M.json,71487f24fd71b0395ee9e2e15b3ac673d6170f9bb143472c052424cfae1b1947,,,,0.4076399141922593
mapper_checkpoint,secondary/tasks/atcoder__abc387_c/mapper_loads/q82518pd9efqvq_secondary_0_1789847875220936193_FIXED_H.json,a88eb2fbc60aa35a888174ac09e546969a8b53bdabb07c93e257cd4342585aa6,,,,0.501608959864825
mapper_checkpoint,secondary/tasks/atcoder__abc387_c/mapper_loads/q82518pd9efqvq_secondary_0_1789847875220936193_ROTATING_H.json,e3f7259d791ae1e3eee6f18cc2e41b54e6c4831c2d574826f277cdb9e0dab332,,,,0.41535198874771595
mapper_checkpoint,secondary/tasks/atcoder__abc387_c/mapper_loads/q82518pd9efqvq_secondary_0_1789847875220936193_ROTATING_M.json,059dfb797dc7b31f7dfc139f12e0d3ed14cc49399cc79c6d96d8dffd59a29e59,,,,0.41202493011951447
mapper_checkpoint,secondary/tasks/atcoder__abc387_f/mapper_loads/4todmkdu2u83rd_secondary_0_1789844696165057636_FIXED_H.json,de619cf6a2cecf3fcba173287362e6b3028f1d3755bc52b53a6274e3d65304b0,,,,0.45499323727563024
mapper_checkpoint,secondary/tasks/atcoder__abc387_f/mapper_loads/4todmkdu2u83rd_secondary_0_1789844696165057636_FIXED_M.json,82a631e126f1184aca04270e98666558972fc8613b348350d30568d6322b9065,,,,0.46795467007905245
mapper_checkpoint,secondary/tasks/atcoder__abc387_f/mapper_loads/4todmkdu2u83rd_secondary_0_1789844696165057636_ROTATING_H.json,4855176682203216fa1a3a4ff38b7896f5d5fd78615cbb68aa87aa13f40fbf95,,,,0.5575613928958774
mapper_checkpoint,secondary/tasks/atcoder__abc387_f/mapper_loads/4todmkdu2u83rd_secondary_0_1789844696165057636_ROTATING_M.json,aff51e7a0d0ed58301f69cf95931796056781477ff8527282392f3af9b68d3ae,,,,0.4386934479698539
mapper_checkpoint,secondary/tasks/atcoder__abc388_d/mapper_loads/q82518pd9efqvq_secondary_0_1789847875220936193_FIXED_H.json,99a5764585d68dcfadf7b958a648ee095fe5a3b4f91d23883c170b6a4b816a3b,,,,0.4120009229518473
mapper_checkpoint,secondary/tasks/atcoder__abc388_d/mapper_loads/q82518pd9efqvq_secondary_0_1789847875220936193_ROTATING_H.json,5a78bd0f77a3d3a257209d8d847403713009b2defb88c6a21c77db8d933a1b9c,,,,0.40925358328968287
mapper_checkpoint,secondary/tasks/atcoder__abc388_d/mapper_loads/q82518pd9efqvq_secondary_0_1789847875220936193_ROTATING_M.json,e846ebf2c1e7a6051086c9f2b75d4e174dcd94bd281f98218a8476a1d4f80d9b,,,,0.40663790702819824
mapper_checkpoint,secondary/tasks/atcoder__abc388_e/mapper_loads/q82518pd9efqvq_secondary_1_1789847874677542753_FIXED_H.json,594ce73738be3ecacc979640544d59d46295d3bb8a11b920e852ddcb45bedeaa,,,,0.38857729313895106
mapper_checkpoint,secondary/tasks/atcoder__abc388_e/mapper_loads/q82518pd9efqvq_secondary_1_1789847874677542753_FIXED_M.json,fc93fc8f1286c57b6fc0786e5066444f2be5b55b5bd1285a584d659b7f78629f,,,,0.39589893724769354
mapper_checkpoint,secondary/tasks/atcoder__abc388_e/mapper_loads/q82518pd9efqvq_secondary_1_1789847874677542753_ROTATING_H.json,21296021ef9fbfa29534ba59ff7d84893cc6e39eb222735dd2eb485d4991e1dc,,,,0.39185344614088535
mapper_checkpoint,secondary/tasks/atcoder__abc388_e/mapper_loads/q82518pd9efqvq_secondary_1_1789847874677542753_ROTATING_M.json,d4e3b5886a63afe04453a48e07f74be49d340250ee177a39e54169c7b334b6a5,,,,0.39283016277477145
mapper_checkpoint,secondary/tasks/atcoder__abc388_f/mapper_loads/wm3eark6ucql22_secondary_0_1789839717223250707_FIXED_H.json,0e229a040ea79488f5a2a2253d5b43e1623e70ac9cea591179b29ae59cfbdb4f,,,,0.5118192285299301
mapper_checkpoint,secondary/tasks/atcoder__abc388_f/mapper_loads/wm3eark6ucql22_secondary_0_1789839717223250707_FIXED_M.json,2d506f6c2f1b275fc1cc01b03083bc7d11f0fac57e3ef62080c40c612ee1bd34,,,,0.5057685794308782
mapper_checkpoint,secondary/tasks/atcoder__abc388_f/mapper_loads/wm3eark6ucql22_secondary_0_1789839717223250707_ROTATING_H.json,fd56cfa8259e8cfd884ecd68f89e245ece5f6d76a02e35ea9efb20a6c6888559,,,,0.5084344856441021
mapper_checkpoint,secondary/tasks/atcoder__abc388_f/mapper_loads/wm3eark6ucql22_secondary_0_1789839717223250707_ROTATING_M.json,a68683712e8198bb9c709329c8ff75377577622061d502bb3a695d4f0b2f7ab4,,,,0.5073543339967728
mapper_checkpoint,secondary/tasks/atcoder__abc389_b/mapper_loads/q82518pd9efqvq_secondary_1_1789847874677542753_FIXED_H.json,931f680eca262e739c18fcb4aa862bd833ec6fa991ed52b81fa7e59113c0f048,,,,0.41292394511401653
mapper_checkpoint,secondary/tasks/atcoder__abc389_b/mapper_loads/q82518pd9efqvq_secondary_1_1789847874677542753_FIXED_M.json,5660750b4ea0cdf3e19cba5c3bd3fddb4f9ec6dc7378146aed1e0a9bbcac7ed5,,,,0.41076004318892956
mapper_checkpoint,secondary/tasks/atcoder__abc389_b/mapper_loads/q82518pd9efqvq_secondary_1_1789847874677542753_ROTATING_H.json,9b17560da1e499339db368d663353499e0e3e568ba9cc931ad302550c23470e5,,,,0.41478824708610773
mapper_checkpoint,secondary/tasks/atcoder__abc389_b/mapper_loads/q82518pd9efqvq_secondary_1_1789847874677542753_ROTATING_M.json,239c26ab96563618132a684f29801583c30cc96060b41ce4dc5526645972de46,,,,0.4045306039042771
mapper_checkpoint,secondary/tasks/atcoder__abc389_d/mapper_loads/q82518pd9efqvq_secondary_1_1789847874677542753_FIXED_H.json,3c77aa8cd7edb00208655d5a8499c428971f4375ee3e45bde70a205edd55de9a,,,,0.5012097898870707
mapper_checkpoint,secondary/tasks/atcoder__abc389_d/mapper_loads/q82518pd9efqvq_secondary_1_1789847874677542753_FIXED_M.json,b07f4aae5009ccee660203227c5d2fd211856057c9ff0680f5b4ffbc88c0e0cd,,,,0.41262059193104506
mapper_checkpoint,secondary/tasks/atcoder__abc389_d/mapper_loads/q82518pd9efqvq_secondary_1_1789847874677542753_ROTATING_H.json,ab1a2e1f2ef78f0f26348179b11205385934369ba60f9342616c016cc17bffd2,,,,0.41420267103239894
mapper_checkpoint,secondary/tasks/atcoder__abc389_d/mapper_loads/q82518pd9efqvq_secondary_1_1789847874677542753_ROTATING_M.json,bdb144c83fe917878c4e30c7c5511d03ea146efaa88a2358413f198c6f04c7be,,,,0.4080136348493397
mapper_checkpoint,secondary/tasks/atcoder__abc390_a/mapper_loads/q82518pd9efqvq_secondary_0_1789847875220936193_FIXED_H.json,48158dc9b6dd34e72cacf9f568378c6895e3b49148fc0cbc78e323c737648d3c,,,,0.410205758176744
mapper_checkpoint,secondary/tasks/atcoder__abc390_a/mapper_loads/q82518pd9efqvq_secondary_0_1789847875220936193_FIXED_M.json,64caffc665f96009d17478c05708cebc192277ab9cdb500953d17852d100819e,,,,0.40397281385958195
mapper_checkpoint,secondary/tasks/atcoder__abc390_a/mapper_loads/q82518pd9efqvq_secondary_0_1789847875220936193_ROTATING_H.json,d0a69612ebb70e6b5009e94aba5d6919bb384135cad832614becd2a5825d5b9b,,,,0.40582677302882075
mapper_checkpoint,secondary/tasks/atcoder__abc390_a/mapper_loads/q82518pd9efqvq_secondary_0_1789847875220936193_ROTATING_M.json,661c55bbcf7177f4641bba59d1dcae101ca83273f6458dab4d3d657a99f5312b,,,,0.40566471917554736
mapper_checkpoint,secondary/tasks/atcoder__abc390_d/mapper_loads/wm3eark6ucql22_secondary_0_1789839717223250707_FIXED_H.json,c19489449995aff2408f3785d1f305a85ca13fe92e318d54d4122e2995cc399d,,,,0.5119525333866477
mapper_checkpoint,secondary/tasks/atcoder__abc390_d/mapper_loads/wm3eark6ucql22_secondary_0_1789839717223250707_FIXED_M.json,644f07801edeb3d2f141d76b7deee0ff0f5839dcd45fb0874a2f902fdb610087,,,,0.5146279213950038
mapper_checkpoint,secondary/tasks/atcoder__abc390_d/mapper_loads/wm3eark6ucql22_secondary_0_1789839717223250707_ROTATING_M.json,df9c27912e9c08e604b3377a3b95d591e6a84632b59a1d0eeb295ead4111620a,,,,0.512689583003521
mapper_checkpoint,secondary/tasks/atcoder__abc390_e/mapper_loads/ydjoi2v9ndg67d_secondary_0_1789842150848628052_FIXED_M.json,18cc0c687cd5a3ce6c0c7ef91d0e334580f8ecff400051d04c6b04f6f6ec9850,,,,0.3978114970959723
mapper_checkpoint,secondary/tasks/atcoder__abc390_e/mapper_loads/ydjoi2v9ndg67d_secondary_0_1789842150848628052_ROTATING_H.json,b021c4263e57898502e72e6d2704bdc41129e63dc637a75d0cb3df800e0bd355,,,,0.3798281033523381
mapper_checkpoint,secondary/tasks/atcoder__abc390_e/mapper_loads/ydjoi2v9ndg67d_secondary_0_1789842150848628052_ROTATING_M.json,186f85bacca7f04798aa70e16a36e1234854e7a6d2b6cd617e399feebfd0d849,,,,0.3948142100125551
mapper_checkpoint,secondary/tasks/atcoder__abc391_a/mapper_loads/q82518pd9efqvq_secondary_0_1789847875220936193_FIXED_H.json,7f6afdac450b23c92c3cd62724abdeda0090f6c8342b532c76ad5b3ab14eee99,,,,0.40773002710193396
mapper_checkpoint,secondary/tasks/atcoder__abc391_a/mapper_loads/q82518pd9efqvq_secondary_0_1789847875220936193_FIXED_M.json,9503c92df89ec83d11901e7ac489fdd36ce562f7457cbd2e0cd2b2fc25901346,,,,0.4140235926024616
mapper_checkpoint,secondary/tasks/atcoder__abc391_a/mapper_loads/q82518pd9efqvq_secondary_0_1789847875220936193_ROTATING_H.json,e82ca02867935c912d083dad3b87b4c5cdf00e3cce246ee4ab2397833c4ecd4d,,,,0.4149841768667102
mapper_checkpoint,secondary/tasks/atcoder__abc391_a/mapper_loads/q82518pd9efqvq_secondary_0_1789847875220936193_ROTATING_M.json,889fb4e8a6b8f0b6bac1ea6c0733b16cc37ee937ce97166d0c0af58d18c84e33,,,,0.4166010790504515
mapper_checkpoint,secondary/tasks/atcoder__abc391_b/mapper_loads/wm3eark6ucql22_secondary_0_1789839717223250707_FIXED_H.json,c37d5ac80b1a07f92b0b7661c755ec2bfa7a4ca8cf101cf9c78043e9f80771eb,,,,0.5241967309266329
mapper_checkpoint,secondary/tasks/atcoder__abc391_b/mapper_loads/wm3eark6ucql22_secondary_0_1789839717223250707_ROTATING_H.json,9d2d1735f6323703b1ff52293e75c0acd28fe641f9572530de60543bd01a2560,,,,0.5137587245553732
mapper_checkpoint,secondary/tasks/atcoder__abc391_b/mapper_loads/wm3eark6ucql22_secondary_0_1789839717223250707_ROTATING_M.json,9d3b26e5fee530c463d50e2eeeffc6c733fda861f664cd1ee5f9ca6bba9652f0,,,,0.5105043184012175
mapper_checkpoint,secondary/tasks/atcoder__abc391_e/mapper_loads/wm3eark6ucql22_secondary_0_1789839717223250707_FIXED_H.json,625731e96786f81f1db5befc6adf6904b8e3966ef67fb09d9acb5014826de67e,,,,0.5068000992760062
mapper_checkpoint,secondary/tasks/atcoder__abc391_e/mapper_loads/wm3eark6ucql22_secondary_0_1789839717223250707_FIXED_M.json,6354b2ed1f7ae5ba8e6736ab80c6dc2a85ead74d08a9ba5ffdd03bffa1858f04,,,,0.510219850577414
mapper_checkpoint,secondary/tasks/atcoder__abc391_e/mapper_loads/wm3eark6ucql22_secondary_0_1789839717223250707_ROTATING_M.json,eb96e6b60c027796611b328d790278731699aef4ab323f5b0a02a36eef4d49b1,,,,0.5084389830008149
mapper_checkpoint,secondary/tasks/atcoder__abc391_f/mapper_loads/wm3eark6ucql22_secondary_0_1789839717223250707_FIXED_H.json,d1a78585a6fcc10feff6a8bad8c3dfbf8538764fa3a8e5a946b522e60912300a,,,,0.5080133946612477
mapper_checkpoint,secondary/tasks/atcoder__abc391_f/mapper_loads/wm3eark6ucql22_secondary_0_1789839717223250707_FIXED_M.json,e868407c36133fbed1be0afddf039981dd84dac0f54948252f312a00e19a65fa,,,,0.5100615946575999
mapper_checkpoint,secondary/tasks/atcoder__abc391_f/mapper_loads/wm3eark6ucql22_secondary_0_1789839717223250707_ROTATING_H.json,16d3826b6e39aba37455bc7e92991dde93de8d7e266bccd478d65500d4930512,,,,0.4987512994557619
mapper_checkpoint,secondary/tasks/atcoder__abc391_f/mapper_loads/wm3eark6ucql22_secondary_0_1789839717223250707_ROTATING_M.json,947caae9f522494eaaaa32e185a0a26379a26394527ebc8b3c067649f250307f,,,,0.5068411249667406
mapper_checkpoint,secondary/tasks/atcoder__abc392_b/mapper_loads/wm3eark6ucql22_secondary_0_1789839717223250707_FIXED_H.json,2d66753a1cc2b37f3a6308b039536467ded22b8163f00ac855cb3ebff39f9fbd,,,,0.512328227981925
mapper_checkpoint,secondary/tasks/atcoder__abc392_b/mapper_loads/wm3eark6ucql22_secondary_0_1789839717223250707_FIXED_M.json,b678f71d222445ab832f540fd4110a279e25fe45f6d70bb3a5fdecdb15198ef1,,,,0.5094503602012992
mapper_checkpoint,secondary/tasks/atcoder__abc392_b/mapper_loads/wm3eark6ucql22_secondary_0_1789839717223250707_ROTATING_H.json,ee859cdb901198ff7c5cbae1ab3e6b9fc8bc94520385368c1ae938780b073e48,,,,0.5048003066331148
mapper_checkpoint,secondary/tasks/atcoder__abc392_b/mapper_loads/wm3eark6ucql22_secondary_0_1789839717223250707_ROTATING_M.json,02ffd86bd088d42a58892c16d72b0cc9c1f6cc2ab8821d30e523060caad019e8,,,,0.5054393084719777
mapper_checkpoint,secondary/tasks/atcoder__abc392_c/mapper_loads/4todmkdu2u83rd_secondary_0_1789844696165057636_FIXED_H.json,3d79d9303ea4c2ee77c2412d92dc56e42d70adcd1b35ebf956a86f0424b8f5c6,,,,0.44229212077334523
mapper_checkpoint,secondary/tasks/atcoder__abc392_c/mapper_loads/4todmkdu2u83rd_secondary_0_1789844696165057636_FIXED_M.json,6e8ea2dbe045822ebf940eda0c35f12f7ace9c79242625f0f4546f1ea5f2a78b,,,,0.4423782741650939
mapper_checkpoint,secondary/tasks/atcoder__abc392_c/mapper_loads/4todmkdu2u83rd_secondary_0_1789844696165057636_ROTATING_H.json,8c6d2d73432b2fc53ae841a2c7bdacbd19298ec2d8ed90c66793fb996dc0fc19,,,,0.408552551176399
mapper_checkpoint,secondary/tasks/atcoder__abc393_a/mapper_loads/fjpaf9ioc9vbqu_secondary_1_1789866695545896148_FIXED_H.json,b0168f5c0c060a49ffb3be9109a3498fc5eaefe7ac41ac5705c8dbde6f0a2ae1,,,,2.9140572766773403
mapper_checkpoint,secondary/tasks/atcoder__abc393_a/mapper_loads/fjpaf9ioc9vbqu_secondary_1_1789866695545896148_FIXED_M.json,da9bedafd7ae93937b5e35e7658c4d559a8744d2e7627331727a42140b04ac6e,,,,1.9229481928050518
mapper_checkpoint,secondary/tasks/atcoder__abc393_a/mapper_loads/fjpaf9ioc9vbqu_secondary_1_1789866695545896148_ROTATING_H.json,c1101880fb19cc1651020977bf38c606361bd6cd85696673a250fa4b77968fe7,,,,2.2992672128602862
mapper_checkpoint,secondary/tasks/atcoder__abc393_a/mapper_loads/fjpaf9ioc9vbqu_secondary_1_1789866695545896148_ROTATING_M.json,a0f16ce978ae507a0a28437bc1fc445295ff6a065fb06ca3886dd7fc146d7244,,,,3.0851111537776887
mapper_checkpoint,secondary/tasks/atcoder__abc393_b/mapper_loads/ydjoi2v9ndg67d_secondary_0_1789842150848628052_FIXED_H.json,64514d560cc0e07e0dae95a3a78260e6f62425f9c95bd4af1a319003e2a47a3b,,,,0.4140060981735587
mapper_checkpoint,secondary/tasks/atcoder__abc393_b/mapper_loads/ydjoi2v9ndg67d_secondary_0_1789842150848628052_FIXED_M.json,3bd6502067748c3097eb84dc63bcf944545bb8eda6f7d2b29bca224f749fd53e,,,,0.413338337559253
mapper_checkpoint,secondary/tasks/atcoder__abc393_b/mapper_loads/ydjoi2v9ndg67d_secondary_0_1789842150848628052_ROTATING_H.json,e2756924373ef99cca6baa4ccd60f0d4db4e117054f1ccfe9a0cda2ca85f8354,,,,0.4177349559031427
mapper_checkpoint,secondary/tasks/atcoder__abc393_b/mapper_loads/ydjoi2v9ndg67d_secondary_0_1789842150848628052_ROTATING_M.json,00062e99115dcf222f5ce8a1f90cae84d6fce78c0ddef4736ada507f2705abda,,,,0.4162761429324746
mapper_checkpoint,secondary/tasks/atcoder__abc393_f/mapper_loads/ydjoi2v9ndg67d_secondary_0_1789842150848628052_FIXED_H.json,f70476e19fc70b973933ad7d5ff1c0454c85e508f5737a67bb56983539ed6689,,,,0.39431795105338097
mapper_checkpoint,secondary/tasks/atcoder__abc393_f/mapper_loads/ydjoi2v9ndg67d_secondary_0_1789842150848628052_FIXED_M.json,5f96dc1ba36feb0a2b95c70539a3e678450d5f8f1bc0cc982429a969186338fa,,,,0.4008401040919125
mapper_checkpoint,secondary/tasks/atcoder__abc393_f/mapper_loads/ydjoi2v9ndg67d_secondary_0_1789842150848628052_ROTATING_H.json,317d922a3fdca89d091a7e7e26bd8129b728a92971beb428d345de693f20c039,,,,0.39106047293171287
mapper_checkpoint,secondary/tasks/atcoder__abc394_b/mapper_loads/q82518pd9efqvq_secondary_1_1789847874677542753_FIXED_H.json,5761736449aff6bb78f23539cb5aaf7be198de7226cad2c4cb9132b71d5c8082,,,,0.4875417477451265
mapper_checkpoint,secondary/tasks/atcoder__abc394_b/mapper_loads/q82518pd9efqvq_secondary_1_1789847874677542753_FIXED_M.json,5250dea675f435b489770d7235d03b2824321d25cbdc63ce732cf86a45e9d653,,,,0.5019365889020264
mapper_checkpoint,secondary/tasks/atcoder__abc394_b/mapper_loads/q82518pd9efqvq_secondary_1_1789847874677542753_ROTATING_H.json,1ec43a5a64419fcdb07639c85c8ffca2a5df44e32ecc1206daed5cf0d6fc22fe,,,,0.4130289847962558
mapper_checkpoint,secondary/tasks/atcoder__abc394_b/mapper_loads/q82518pd9efqvq_secondary_1_1789847874677542753_ROTATING_M.json,711f75c15b4d13ff529627d84058c691bcf2178965fa259ef85a7e98386c800e,,,,0.4120238218456507
mapper_checkpoint,secondary/tasks/atcoder__abc394_g/mapper_loads/wm3eark6ucql22_secondary_0_1789839717223250707_FIXED_H.json,1ec102f5429acb2a0b9ca35d4ecc35878da4faa723b841fd6ce9cb019ab2e830,,,,0.4897693134844303
mapper_checkpoint,secondary/tasks/atcoder__abc394_g/mapper_loads/wm3eark6ucql22_secondary_0_1789839717223250707_FIXED_M.json,7ebe4933aee3f450a8b9b4ae97918ee174287a72c2e277b6c4dc472eda2d92d9,,,,0.502565641887486
mapper_checkpoint,secondary/tasks/atcoder__abc394_g/mapper_loads/wm3eark6ucql22_secondary_0_1789839717223250707_ROTATING_H.json,9c76510d7d8830eaa01175e48b83a4703c99a25a3d984ea35567fcf6d3a3e3c3,,,,0.4954695636406541
mapper_checkpoint,secondary/tasks/atcoder__abc394_g/mapper_loads/wm3eark6ucql22_secondary_0_1789839717223250707_ROTATING_M.json,017d1419a4d79c60a81650a9d4fc766a47e88d855f6e516e724117848d6056a5,,,,0.49179796501994133
mapper_checkpoint,secondary/tasks/atcoder__abc395_b/mapper_loads/q82518pd9efqvq_secondary_1_1789847874677542753_FIXED_M.json,c71c9e5bcb9410bef4019b9823e0c59a28ed50fecd0d2f9f921a61cff08feed2,,,,0.37840590672567487
mapper_checkpoint,secondary/tasks/atcoder__abc395_b/mapper_loads/q82518pd9efqvq_secondary_1_1789847874677542753_ROTATING_H.json,31b4ed62a44a42775823bb316a2878313e8356aefe1bf8d315a05cd4672c8ed4,,,,0.37782832607626915
mapper_checkpoint,secondary/tasks/atcoder__abc395_b/mapper_loads/q82518pd9efqvq_secondary_1_1789847874677542753_ROTATING_M.json,832cf9ac647db482210cdd3c52506a4d989b295b680afac4d89d8f6a0a62fb18,,,,0.48285131296142936
mapper_checkpoint,secondary/tasks/atcoder__abc395_e/mapper_loads/4todmkdu2u83rd_secondary_0_1789844696165057636_FIXED_H.json,9e1f631573dae3ab650bb835fab14e2544c8582ddcf53dce53d23865455fc728,,,,0.41712156496942043
mapper_checkpoint,secondary/tasks/atcoder__abc395_e/mapper_loads/4todmkdu2u83rd_secondary_0_1789844696165057636_FIXED_M.json,48cb830ed8cd3092e6d5a971a99f1e021a9efdb76817fb198320462138b2a5d8,,,,0.41561783105134964
mapper_checkpoint,secondary/tasks/atcoder__abc395_e/mapper_loads/4todmkdu2u83rd_secondary_0_1789844696165057636_ROTATING_H.json,522778ddb4896cc5f40650c912d4508fe2cc5f0605be2d4eea871ea2889f2dd2,,,,0.4586228006519377
mapper_checkpoint,secondary/tasks/atcoder__abc395_e/mapper_loads/4todmkdu2u83rd_secondary_0_1789844696165057636_ROTATING_M.json,f97f038ad05b1499b4f08424621819b5d706ab483b21dc7556f5a2c820a704bf,,,,0.5930630639195442
mapper_checkpoint,secondary/tasks/atcoder__abc396_b/mapper_loads/q82518pd9efqvq_secondary_0_1789847875220936193_FIXED_H.json,546c304eb15c69bc53fc54e7383736b0fd86da7ece292f5a9058e5c5db9f6387,,,,0.40113226883113384
mapper_checkpoint,secondary/tasks/atcoder__abc396_b/mapper_loads/q82518pd9efqvq_secondary_0_1789847875220936193_FIXED_M.json,ddd19030c6db9caf739064329104bcd2c4647dfcb96837123e7205b657b2fcd8,,,,0.4007349177263677
mapper_checkpoint,secondary/tasks/atcoder__abc396_b/mapper_loads/q82518pd9efqvq_secondary_0_1789847875220936193_ROTATING_H.json,85c0d84e56f9d79eef974d2b1009b7d905a6bb73fc82830a654a66eabc655931,,,,0.4091337854042649
mapper_checkpoint,secondary/tasks/atcoder__abc396_b/mapper_loads/q82518pd9efqvq_secondary_0_1789847875220936193_ROTATING_M.json,b8dfc7e7e99a389b7aa544fb3c3b6d73226e1c99e488ae4ba716444e29f776e0,,,,0.499332414008677
mapper_checkpoint,secondary/tasks/atcoder__abc396_c/mapper_loads/q82518pd9efqvq_secondary_1_1789847874677542753_FIXED_H.json,0b9f31ffcd351b7bd2ae2686b9d5994faa20b0c5ac0896c928d625b91441cc94,,,,0.3972140671685338
mapper_checkpoint,secondary/tasks/atcoder__abc396_c/mapper_loads/q82518pd9efqvq_secondary_1_1789847874677542753_FIXED_M.json,2082d6db56a3ec703170bed46aa5ed0f878f3e4b5a27701b16020b230da537af,,,,0.40235275216400623
mapper_checkpoint,secondary/tasks/atcoder__abc396_c/mapper_loads/q82518pd9efqvq_secondary_1_1789847874677542753_ROTATING_H.json,6b17e9fccefb75f807cac1454708892e0f6ed3cba77e0f6a5694bca965131e84,,,,0.48657033080235124
mapper_checkpoint,secondary/tasks/atcoder__abc396_c/mapper_loads/q82518pd9efqvq_secondary_1_1789847874677542753_ROTATING_M.json,b43ccd699279d29715829f89b18962a4af6f3accbe2b8278c7f48bd4436498d4,,,,0.39346852991729975
mapper_checkpoint,secondary/tasks/atcoder__abc396_f/mapper_loads/q82518pd9efqvq_secondary_1_1789847874677542753_FIXED_H.json,90d43db64e92a2101e146898ed1446690607a23ffa81afacf9fd69ef8149df40,,,,0.38640767289325595
mapper_checkpoint,secondary/tasks/atcoder__abc396_f/mapper_loads/q82518pd9efqvq_secondary_1_1789847874677542753_ROTATING_H.json,8218116171330f8ab3b659c97cfc8e5616e3c3af654b752fda7f1879bedb7452,,,,0.3972720759920776
mapper_checkpoint,secondary/tasks/atcoder__abc396_f/mapper_loads/q82518pd9efqvq_secondary_1_1789847874677542753_ROTATING_M.json,848cd045335046f07241e1b56d7020588a9c63609b2a9ac298eaea79d59308d9,,,,0.37796451477333903
mapper_checkpoint,secondary/tasks/atcoder__abc397_b/mapper_loads/q82518pd9efqvq_secondary_0_1789847875220936193_FIXED_H.json,fa61219a042efe04a5ebff27f0a0a3ff1a8d17e7e070b545fbc4d1d6e23e53d3,,,,0.4135845908895135
mapper_checkpoint,secondary/tasks/atcoder__abc397_b/mapper_loads/q82518pd9efqvq_secondary_0_1789847875220936193_FIXED_M.json,0cb9110718a9526d15f87e13953079d935216a8039626cec38816d0e5cf0936c,,,,0.40684060333296657
mapper_checkpoint,secondary/tasks/atcoder__abc397_b/mapper_loads/q82518pd9efqvq_secondary_0_1789847875220936193_ROTATING_H.json,5113974a55c63a96debf59f7d15684b1444e02e03233b61e6c8fb4d52ce7d167,,,,0.414543773047626
mapper_checkpoint,secondary/tasks/atcoder__abc398_a/mapper_loads/ydjoi2v9ndg67d_secondary_0_1789842150848628052_FIXED_H.json,a8c0dd68a3171df5f234659dd00fef70e918d6b039e228f72a27e87195867f21,,,,0.4128660010173917
mapper_checkpoint,secondary/tasks/atcoder__abc398_a/mapper_loads/ydjoi2v9ndg67d_secondary_0_1789842150848628052_FIXED_M.json,eda3c10c4558450346fa2f16c830553e3fb9ae9b1e72b12f3781ce64e413ac7a,,,,0.40526006696745753
mapper_checkpoint,secondary/tasks/atcoder__abc398_a/mapper_loads/ydjoi2v9ndg67d_secondary_0_1789842150848628052_ROTATING_H.json,3f2e9b7b8ad2948fed75786f280dada51765b6626de8ff6e9809c02706995173,,,,0.4119881158694625
mapper_checkpoint,secondary/tasks/atcoder__abc398_a/mapper_loads/ydjoi2v9ndg67d_secondary_0_1789842150848628052_ROTATING_M.json,6c3672faeaf1925fe68018b96c4ab4f03afae1b4a571b3944254e4209401f366,,,,0.4129941612482071
mapper_checkpoint,secondary/tasks/atcoder__abc398_b/mapper_loads/fjpaf9ioc9vbqu_secondary_0_1789866696784132389_FIXED_H.json,482af10eaee850b8e149227026e4a99504136af1057028659883f849cf9239fb,,,,5.588888639584184
mapper_checkpoint,secondary/tasks/atcoder__abc398_b/mapper_loads/fjpaf9ioc9vbqu_secondary_0_1789866696784132389_FIXED_M.json,573f989ad52cadcac71e5f0141b2c43e603831556beb02c4d8f2f622a92995b2,,,,4.000117661431432
mapper_checkpoint,secondary/tasks/atcoder__abc398_b/mapper_loads/fjpaf9ioc9vbqu_secondary_0_1789866696784132389_ROTATING_H.json,ad7b039cf6c2d7e9d42514afd9a161cf33cb44387543445b12e77a38626a6211,,,,3.5681937751360238
mapper_checkpoint,secondary/tasks/atcoder__abc398_b/mapper_loads/fjpaf9ioc9vbqu_secondary_0_1789866696784132389_ROTATING_M.json,026f7bb5f94be2d4c09e625531adf3202ce1c8241d5df5449ad730a29d586025,,,,4.3885012390092015
mapper_checkpoint,secondary/tasks/atcoder__abc398_d/mapper_loads/ydjoi2v9ndg67d_secondary_0_1789842150848628052_FIXED_H.json,e7f36e2dc9b52ccfaf22693587c0c3fc38628a294613f0a8bc914028de831d62,,,,0.3836924461647868
mapper_checkpoint,secondary/tasks/atcoder__abc398_d/mapper_loads/ydjoi2v9ndg67d_secondary_0_1789842150848628052_ROTATING_H.json,b1d507d31f80dd0ff3a9c850a29c20dec760fb626bc4b4497d1ad4e83aba3e2c,,,,0.38842811109498143
mapper_checkpoint,secondary/tasks/atcoder__abc398_d/mapper_loads/ydjoi2v9ndg67d_secondary_0_1789842150848628052_ROTATING_M.json,e82a3ed6b7d92b80368dff88844cdd0ad753584a6433783233148acc3cf4ed9e,,,,0.38831920409575105
mapper_checkpoint,secondary/tasks/atcoder__abc398_f/mapper_loads/q82518pd9efqvq_secondary_1_1789847874677542753_FIXED_H.json,1ed02eb2210d8b864634d4984251aa5de1ab39822cf50d0a2a40012c49e9a0c8,,,,0.43211612896993756
mapper_checkpoint,secondary/tasks/atcoder__abc398_f/mapper_loads/q82518pd9efqvq_secondary_1_1789847874677542753_FIXED_M.json,796f131ca48338c583a52b2b66af2e70bac1aba943da585c30485f01a9ed2663,,,,0.4179804418236017
mapper_checkpoint,secondary/tasks/atcoder__abc398_f/mapper_loads/q82518pd9efqvq_secondary_1_1789847874677542753_ROTATING_H.json,01ec41074689ee27457ac80e420bea2367d4e70d7514f9c381e6ee7216f9d875,,,,0.4091063719242811
mapper_checkpoint,secondary/tasks/atcoder__abc398_f/mapper_loads/q82518pd9efqvq_secondary_1_1789847874677542753_ROTATING_M.json,9082f9debc01bd93f37c13231d2a27c19eb7237aa4d5f4fe546da64a2038fefd,,,,0.4108500718139112
mapper_checkpoint,secondary/tasks/atcoder__abc398_g/mapper_loads/ydjoi2v9ndg67d_secondary_0_1789842150848628052_FIXED_H.json,b60d2342eab0763a951493ecf2157b13bdadc9c94b9b1435c7853dbca1574d45,,,,0.5191120309755206
mapper_checkpoint,secondary/tasks/atcoder__abc398_g/mapper_loads/ydjoi2v9ndg67d_secondary_0_1789842150848628052_FIXED_M.json,6206bc275ff7aaf3bfa2791489a72abab24a077de7841545cc980460c7516472,,,,0.3912920029833913
mapper_checkpoint,secondary/tasks/atcoder__abc398_g/mapper_loads/ydjoi2v9ndg67d_secondary_0_1789842150848628052_ROTATING_H.json,5b09163e778c9b955a711e032f72189a971b9933680cd48d090920594aa6882e,,,,0.3928561545908451
mapper_checkpoint,secondary/tasks/atcoder__abc398_g/mapper_loads/ydjoi2v9ndg67d_secondary_0_1789842150848628052_ROTATING_M.json,c63c732b70e066b530c8024e68f757f082b37c3a8bdcfc8a2695addf51cb2c61,,,,0.515688527841121
mapper_checkpoint,secondary/tasks/atcoder__abc399_b/mapper_loads/wm3eark6ucql22_secondary_0_1789839717223250707_FIXED_H.json,53937be1c4e007529b584fdea3b836a47a5637a6a751cc5dc3a5075f08fc4566,,,,0.5115760890766978
mapper_checkpoint,secondary/tasks/atcoder__abc399_b/mapper_loads/wm3eark6ucql22_secondary_0_1789839717223250707_FIXED_M.json,80c66b0073d142895e77f36a66d25c6366366bc4cdae74dce3853193db92766d,,,,0.5143410442396998
mapper_checkpoint,secondary/tasks/atcoder__abc399_b/mapper_loads/wm3eark6ucql22_secondary_0_1789839717223250707_ROTATING_M.json,986774f6fcbebf7b787ebabae0e406a23b08832b87be70aa9182b868de4dfa7d,,,,0.5119138834998012
mapper_checkpoint,secondary/tasks/atcoder__abc399_e/mapper_loads/wm3eark6ucql22_secondary_0_1789839717223250707_FIXED_H.json,9bce5be98bdc1284558a1598fe11b6eebdb64b6fa839e5405c93454e1a2d7db1,,,,0.5230441801249981
mapper_checkpoint,secondary/tasks/atcoder__abc399_e/mapper_loads/wm3eark6ucql22_secondary_0_1789839717223250707_FIXED_M.json,caa1ca634675cd58c27550832140b1f249c66467c84cd91b42f3eb007250372c,,,,0.5205462360754609
mapper_checkpoint,secondary/tasks/atcoder__abc399_e/mapper_loads/wm3eark6ucql22_secondary_0_1789839717223250707_ROTATING_H.json,efef5161b7dd53a4872e6936f9533ba9b23ef8d060aced2260f76c45869e5db1,,,,0.509726227261126
mapper_checkpoint,secondary/tasks/atcoder__abc399_e/mapper_loads/wm3eark6ucql22_secondary_0_1789839717223250707_ROTATING_M.json,01de5b81fb6ee40518857750e15115643e3cc4d74f72a47a55de9cb66c113b27,,,,0.5066473158076406
mapper_checkpoint,secondary/tasks/atcoder__abc400_b/mapper_loads/4todmkdu2u83rd_secondary_0_1789844696165057636_FIXED_H.json,abe3d4ba34e61fa3cb497d15990ac9be773a634041804a6a1864be91b34df57d,,,,0.4462615456432104
mapper_checkpoint,secondary/tasks/atcoder__abc400_b/mapper_loads/4todmkdu2u83rd_secondary_0_1789844696165057636_FIXED_M.json,02e03509308535a5f607fb0b06dd13d77e9cb691e8b0baf1a181294ddf46636a,,,,0.4582241317257285
mapper_checkpoint,secondary/tasks/atcoder__abc400_b/mapper_loads/4todmkdu2u83rd_secondary_0_1789844696165057636_ROTATING_H.json,c45e331350b0a1c6ceb8677860191b43977779560a3078028ebce5a8606425e5,,,,0.4289230150170624
mapper_checkpoint,secondary/tasks/atcoder__abc400_b/mapper_loads/4todmkdu2u83rd_secondary_0_1789844696165057636_ROTATING_M.json,0c7c87cefa6d8aace8dd2eaf2ebb33b3826559804836d854d2dbd863eb339c47,,,,0.4281858089379966
mapper_checkpoint,secondary/tasks/atcoder__abc400_d/mapper_loads/wm3eark6ucql22_secondary_0_1789839717223250707_FIXED_H.json,bf67af339e961f42318a45e611f41fddba6e7722773a28cf8e629cc69cc8609d,,,,0.5141953080892563
mapper_checkpoint,secondary/tasks/atcoder__abc400_d/mapper_loads/wm3eark6ucql22_secondary_0_1789839717223250707_ROTATING_H.json,5a6b4c1b2e27f488fe1233f2c3d126c66f647822049b9eafba97fdd06207a307,,,,0.5101705547422171
mapper_checkpoint,secondary/tasks/atcoder__abc400_d/mapper_loads/wm3eark6ucql22_secondary_0_1789839717223250707_ROTATING_M.json,29f6e3c4b7a939e4008a5dcfb69e866f466398209a5919e24a9df696fe83a499,,,,0.5014208992943168
mapper_checkpoint,secondary/tasks/atcoder__abc400_e/mapper_loads/q82518pd9efqvq_secondary_0_1789847875220936193_FIXED_H.json,746f944316ecd71e0ba3113cc9690c2bff277ba571d63e95979d5fb5acaa12e9,,,,0.41271476773545146
mapper_checkpoint,secondary/tasks/atcoder__abc400_e/mapper_loads/q82518pd9efqvq_secondary_0_1789847875220936193_FIXED_M.json,513b30b91def494d13a9c3f055edf48da8186c79c8a80be6aa70b9c354fb7ac3,,,,0.5074160248041153
mapper_checkpoint,secondary/tasks/atcoder__abc400_e/mapper_loads/q82518pd9efqvq_secondary_0_1789847875220936193_ROTATING_H.json,992228aa540623fcd0eb45cb9290b02697a8b67b03ccedd733a2a18403ca9863,,,,0.5137791191227734
mapper_checkpoint,secondary/tasks/atcoder__abc400_e/mapper_loads/q82518pd9efqvq_secondary_0_1789847875220936193_ROTATING_M.json,ce9a418b944d4f6a43383ba48414a95380101f3cf3dfb2944f6c2089d25f6e1f,,,,0.4024844039231539
mapper_checkpoint,secondary/tasks/atcoder__abc400_g/mapper_loads/wm3eark6ucql22_secondary_0_1789839717223250707_FIXED_H.json,336e9506934fcd33ec8e4c7969da6737bc2e7d5aeebe5148a021d0cfd92b3b5b,,,,0.48671049252152443
mapper_checkpoint,secondary/tasks/atcoder__abc400_g/mapper_loads/wm3eark6ucql22_secondary_0_1789839717223250707_FIXED_M.json,deb7f882e089d8735e3a13d036ddde077c323530829236784143a6bef5e8e4d8,,,,0.48605868965387344
mapper_checkpoint,secondary/tasks/atcoder__abc400_g/mapper_loads/wm3eark6ucql22_secondary_0_1789839717223250707_ROTATING_H.json,6d18367e1a4f904dc38671df55d50522b0fbf2f5dd9c9c819f28c3170167d625,,,,0.4844355881214142
mapper_checkpoint,secondary/tasks/atcoder__abc400_g/mapper_loads/wm3eark6ucql22_secondary_0_1789839717223250707_ROTATING_M.json,b89da918297947d377a2dde168633020daa6b69f0b07a5a084164509d20b3d18,,,,0.4898881493136287
mapper_checkpoint,secondary/tasks/atcoder__arc181_a/mapper_loads/ydjoi2v9ndg67d_secondary_0_1789842150848628052_FIXED_H.json,d50741857f1a7b1aaf90da7619d748748494992ace2cd28e19809ce4e391c148,,,,0.39692332316190004
mapper_checkpoint,secondary/tasks/atcoder__arc181_a/mapper_loads/ydjoi2v9ndg67d_secondary_0_1789842150848628052_FIXED_M.json,9ee6f80d50f854153c04f8fe2c2d916b57518869d42ac50460c1d590df99cb2f,,,,0.3947746311314404
mapper_checkpoint,secondary/tasks/atcoder__arc181_a/mapper_loads/ydjoi2v9ndg67d_secondary_0_1789842150848628052_ROTATING_H.json,10b430c2b9083081d5ed71192f31bef7d4caeb0c9770c94d979ce52d9925bf40,,,,0.4001235170289874
mapper_checkpoint,secondary/tasks/atcoder__arc182_c/mapper_loads/q82518pd9efqvq_secondary_1_1789847874677542753_FIXED_M.json,d7a16d2b6b9e6e8d79c98f85592909c280485a640b98b044bf423288aad4535a,,,,0.39862126111984253
mapper_checkpoint,secondary/tasks/atcoder__arc182_c/mapper_loads/q82518pd9efqvq_secondary_1_1789847874677542753_ROTATING_H.json,df847fb074e8763ffa3ed7ed86d00e83b1ea924f04c0228055894ceaefa473a5,,,,0.393608421087265
mapper_checkpoint,secondary/tasks/atcoder__arc182_c/mapper_loads/q82518pd9efqvq_secondary_1_1789847874677542753_ROTATING_M.json,72bc52d60d5d04804e7e376261942456c3a98698853ae771c1de02c8227dbb1d,,,,0.3990287738852203
mapper_checkpoint,secondary/tasks/atcoder__arc183_b/mapper_loads/wm3eark6ucql22_secondary_0_1789839717223250707_FIXED_M.json,e2a01dffba933961b1b237f67a8301d883ef191afa320bc51bc9bcce4e8ab838,,,,0.5101353572681546
mapper_checkpoint,secondary/tasks/atcoder__arc183_b/mapper_loads/wm3eark6ucql22_secondary_0_1789839717223250707_ROTATING_H.json,1881f9507ead909df7d28260fc6b72d5606fbc6c12a0cdb1c12ee551be4ef9e5,,,,0.5134761249646544
mapper_checkpoint,secondary/tasks/atcoder__arc183_b/mapper_loads/wm3eark6ucql22_secondary_0_1789839717223250707_ROTATING_M.json,2f0e5f4aa3f800d40095a7f361fc5ed4bd0461475d7b02013f9fcc65c2b068be,,,,0.5122413951903582
mapper_checkpoint,secondary/tasks/atcoder__arc183_c/mapper_loads/q82518pd9efqvq_secondary_0_1789847875220936193_FIXED_H.json,3b9f6595e1a9e97e3621dcdcc00852a1fd33a92c5b1b6169d2363d92c2ab3419,,,,0.4044945449568331
mapper_checkpoint,secondary/tasks/atcoder__arc183_c/mapper_loads/q82518pd9efqvq_secondary_0_1789847875220936193_FIXED_M.json,d3734a49812ee4b5e4731327eb1c1bdc8394558e747d2deaf75545b9df9da2d2,,,,0.4184038043022156
mapper_checkpoint,secondary/tasks/atcoder__arc183_c/mapper_loads/q82518pd9efqvq_secondary_0_1789847875220936193_ROTATING_H.json,c651d0b22cc4b968d97188f755c8a3771875e050c5eacd55e74c829d34671d92,,,,0.4073023097589612
mapper_checkpoint,secondary/tasks/atcoder__arc185_b/mapper_loads/ydjoi2v9ndg67d_secondary_0_1789842150848628052_FIXED_H.json,b54a1ac34ffe4a9a2b100745543cb7bece48cf5036efd5d4930b218ad70bcf58,,,,0.39265266386792064
mapper_checkpoint,secondary/tasks/atcoder__arc185_b/mapper_loads/ydjoi2v9ndg67d_secondary_0_1789842150848628052_FIXED_M.json,235704badf9fc65841936453a7128645a2fb3f7eee5bf47972867b5d0d75430d,,,,0.4882489866577089
mapper_checkpoint,secondary/tasks/atcoder__arc185_b/mapper_loads/ydjoi2v9ndg67d_secondary_0_1789842150848628052_ROTATING_M.json,ed36d25142337209865f33dca704a62b8d18d46d9bc3fde99a4eb874ca151031,,,,0.4900800809264183
mapper_checkpoint,secondary/tasks/atcoder__arc185_c/mapper_loads/wm3eark6ucql22_secondary_0_1789839717223250707_FIXED_M.json,07ca62d43ccf04cc5a794e14dfba14e4792d0c126438c8202ffca4822ff683c8,,,,0.5044738948345184
mapper_checkpoint,secondary/tasks/atcoder__arc185_c/mapper_loads/wm3eark6ucql22_secondary_0_1789839717223250707_ROTATING_H.json,efdcfc3f67a70f1ec69343964dfddc00cf1e9fbac67060fb7cca5ed3a65cacad,,,,0.5077204015105963
mapper_checkpoint,secondary/tasks/atcoder__arc185_c/mapper_loads/wm3eark6ucql22_secondary_0_1789839717223250707_ROTATING_M.json,9e8ff52fcab2edbacdd92e7242adbafd2b7b800ee08ff9c75938c6d3b6d750f1,,,,0.5092955846339464
mapper_checkpoint,secondary/tasks/atcoder__arc185_d/mapper_loads/q82518pd9efqvq_secondary_1_1789847874677542753_FIXED_H.json,c5ecd9c5fdf0495ca462d3b4dea20a0528a29a35541120fbdafa639e9061ac7e,,,,0.3809757591225207
mapper_checkpoint,secondary/tasks/atcoder__arc185_d/mapper_loads/q82518pd9efqvq_secondary_1_1789847874677542753_FIXED_M.json,22f380307a51ebde932f7717959841860f5ad01e8cc6d94d0f1d1d47b3af3816,,,,0.38687270833179355
mapper_checkpoint,secondary/tasks/atcoder__arc185_d/mapper_loads/q82518pd9efqvq_secondary_1_1789847874677542753_ROTATING_H.json,aa156856b710803523d4148ff71ff85de72cd2bbfc4d499bf09a02221a894009,,,,0.3910811389796436
mapper_checkpoint,secondary/tasks/atcoder__arc185_d/mapper_loads/q82518pd9efqvq_secondary_1_1789847874677542753_ROTATING_M.json,eaad7e71c5e5cf6d4df55506d7c8d9765b322957c32ef2464e27feaca1724f1d,,,,0.38372633466497064
mapper_checkpoint,secondary/tasks/atcoder__arc187_b/mapper_loads/q82518pd9efqvq_secondary_0_1789847875220936193_FIXED_H.json,f2d88c6e2071eb3fa9c02cfda58252581a223e094a2ae0bafe3e774ebe8b1a2c,,,,0.4124605846591294
mapper_checkpoint,secondary/tasks/atcoder__arc187_b/mapper_loads/q82518pd9efqvq_secondary_0_1789847875220936193_FIXED_M.json,b9c9438f721fe5b1284c8db2b346821d97689261fa2fad40ed495c765299aba5,,,,0.4087672410532832
mapper_checkpoint,secondary/tasks/atcoder__arc187_b/mapper_loads/q82518pd9efqvq_secondary_0_1789847875220936193_ROTATING_M.json,cdde8ab305f2b02cb55d60069accbfe4a3f8da39464f6458eee74a0030dd77de,,,,0.42520321486517787
mapper_checkpoint,secondary/tasks/atcoder__arc188_a/mapper_loads/ydjoi2v9ndg67d_secondary_0_1789842150848628052_FIXED_H.json,84775d2844164262066858af8645d57f3ae76c506ac51f09ac761886e1a58466,,,,0.3893441567197442
mapper_checkpoint,secondary/tasks/atcoder__arc188_a/mapper_loads/ydjoi2v9ndg67d_secondary_0_1789842150848628052_ROTATING_H.json,332f7f33c28e55a22105b97e7268843c06931bb3470793a516ea97457fba186a,,,,0.4846662520430982
mapper_checkpoint,secondary/tasks/atcoder__arc188_a/mapper_loads/ydjoi2v9ndg67d_secondary_0_1789842150848628052_ROTATING_M.json,fc867bbd2d3bd5eb1be034e14c580213a0168db91ca9b7c2f8fc2938193c536e,,,,0.38840389624238014
mapper_checkpoint,secondary/tasks/atcoder__arc188_c/mapper_loads/wm3eark6ucql22_secondary_0_1789839717223250707_FIXED_M.json,8207cbe433c7f0d56058a1ca3c65401b93d64d1b2312ae7a64efe88d8b27f942,,,,0.5073155406862497
mapper_checkpoint,secondary/tasks/atcoder__arc188_c/mapper_loads/wm3eark6ucql22_secondary_0_1789839717223250707_ROTATING_H.json,20fbcb1db3389fa68c915bc4064af7c5989e6e73f88c8852ebdb39c4ff10be5d,,,,0.5060963248834014
mapper_checkpoint,secondary/tasks/atcoder__arc188_c/mapper_loads/wm3eark6ucql22_secondary_0_1789839717223250707_ROTATING_M.json,120f754a3f225ee1c7aa4afe023a2f26894e1c069b7a9295609d169fba58ec7d,,,,0.5046813003718853
mapper_checkpoint,secondary/tasks/atcoder__arc188_d/mapper_loads/wm3eark6ucql22_secondary_0_1789839717223250707_FIXED_H.json,996d6739eae50b0890503e79ded7acdc7b3acf9c1db11623305595cd1730f8d3,,,,0.5036519784480333
mapper_checkpoint,secondary/tasks/atcoder__arc188_d/mapper_loads/wm3eark6ucql22_secondary_0_1789839717223250707_FIXED_M.json,b469e76d99ec18c1e252d377e80e4c8b4047597a85469ae6b8e80a33da2b7a46,,,,0.5084256669506431
mapper_checkpoint,secondary/tasks/atcoder__arc188_d/mapper_loads/wm3eark6ucql22_secondary_0_1789839717223250707_ROTATING_H.json,c11c90e0de6b1727e7242f23df0ce9e470aa6c4a49a4cdd9e5bf608fedf72c29,,,,0.5057436367496848
mapper_checkpoint,secondary/tasks/atcoder__arc188_d/mapper_loads/wm3eark6ucql22_secondary_0_1789839717223250707_ROTATING_M.json,8d284d7cab09d5a7260c821dacadf294c7cf5156bc35674491e0e66b176cf9d5,,,,0.504295103251934
mapper_checkpoint,secondary/tasks/atcoder__arc189_b/mapper_loads/4todmkdu2u83rd_secondary_0_1789844696165057636_FIXED_H.json,2fb63d0f38c653afd22209030b992d77b9b4065bd5bcaa3ba0f7b39bf78c9384,,,,0.45786484982818365
mapper_checkpoint,secondary/tasks/atcoder__arc189_b/mapper_loads/4todmkdu2u83rd_secondary_0_1789844696165057636_FIXED_M.json,c51d73577776bbe4ba2d7bff9f2619e74ae9ee79eac2b6edf6a84a805fd9c495,,,,0.4573414819315076
mapper_checkpoint,secondary/tasks/atcoder__arc189_b/mapper_loads/4todmkdu2u83rd_secondary_0_1789844696165057636_ROTATING_H.json,bf7b0bac2afefd34d5cb3fc6f65c2f8aef2e4b816e4538b6f4046dc6bfd4d46f,,,,0.42709021316841245
mapper_checkpoint,secondary/tasks/atcoder__arc189_c/mapper_loads/wm3eark6ucql22_secondary_0_1789839717223250707_FIXED_H.json,0e2df5c09701f403cf3c0b7a365131765d531763fcaaf51719e60e328d707be2,,,,0.5042034424841404
mapper_checkpoint,secondary/tasks/atcoder__arc189_c/mapper_loads/wm3eark6ucql22_secondary_0_1789839717223250707_FIXED_M.json,7f4afdc91f028439f2d174a698057bf9165c25f79ec063fefa87439bca6e68e4,,,,0.5011631296947598
mapper_checkpoint,secondary/tasks/atcoder__arc189_c/mapper_loads/wm3eark6ucql22_secondary_0_1789839717223250707_ROTATING_H.json,85fb863b61cceda871e60a9e30ac05d73945dd56e6a5670fc32d6c05d2b7270c,,,,0.5015078075230122
mapper_checkpoint,secondary/tasks/atcoder__arc189_c/mapper_loads/wm3eark6ucql22_secondary_0_1789839717223250707_ROTATING_M.json,a5aa10779c065a0eb7f5ff7eb2073665d9f17c2902525cb1104a44812fae0de9,,,,0.5135176777839661
mapper_checkpoint,secondary/tasks/atcoder__arc189_d/mapper_loads/4todmkdu2u83rd_secondary_0_1789844696165057636_FIXED_H.json,6f6a97312ae2f748ad645137d7991948f3e4fc291d12d1a00e3d20355221baf4,,,,0.41664700116962194
mapper_checkpoint,secondary/tasks/atcoder__arc189_d/mapper_loads/4todmkdu2u83rd_secondary_0_1789844696165057636_FIXED_M.json,5cb2c7eb39f45afa2b78138f7c67ac2b6a6627c1766f32ef3e074197427114d2,,,,0.4180302950553596
mapper_checkpoint,secondary/tasks/atcoder__arc189_d/mapper_loads/4todmkdu2u83rd_secondary_0_1789844696165057636_ROTATING_M.json,2101f157c21d02be255c61008c2a1c594256737908a78f58b7b17396d055a07d,,,,0.4695922490209341
mapper_checkpoint,secondary/tasks/atcoder__arc190_c/mapper_loads/wm3eark6ucql22_secondary_0_1789839717223250707_FIXED_H.json,fb1ae0e204c6e9c0f658b4742ed8425ee09d6b9053ed0840041aaba3c2af86b5,,,,0.5444601019844413
mapper_checkpoint,secondary/tasks/atcoder__arc190_c/mapper_loads/wm3eark6ucql22_secondary_0_1789839717223250707_FIXED_M.json,a1f35584bde5a10cb1bdbf86418415af7442a9538bb7c56173095f680331af48,,,,0.5055159348994493
mapper_checkpoint,secondary/tasks/atcoder__arc190_c/mapper_loads/wm3eark6ucql22_secondary_0_1789839717223250707_ROTATING_H.json,cdbaac995aeb1de83e02a60226a483a6388a6524a2585d6c2d6fd00effceb3b1,,,,0.4970428794622421
mapper_checkpoint,secondary/tasks/atcoder__arc190_c/mapper_loads/wm3eark6ucql22_secondary_0_1789839717223250707_ROTATING_M.json,62257fcf4565bde3ad6da7388bc72a6ef0cd9f5196b09db63a961ad6f40c5d01,,,,0.5003613159060478
mapper_checkpoint,secondary/tasks/atcoder__arc192_b/mapper_loads/wm3eark6ucql22_secondary_0_1789839717223250707_FIXED_M.json,c5f3f370c36395eea94259aa0b91690559ceb21de349e7bba3e898d7442366c7,,,,0.5245809070765972
mapper_checkpoint,secondary/tasks/atcoder__arc192_b/mapper_loads/wm3eark6ucql22_secondary_0_1789839717223250707_ROTATING_H.json,a948e4fa325a113784c49f392fa3a9a4943093cf6769798a1321f2fbebf3c975,,,,0.49697826616466045
mapper_checkpoint,secondary/tasks/atcoder__arc192_b/mapper_loads/wm3eark6ucql22_secondary_0_1789839717223250707_ROTATING_M.json,0ed6f03f5ffa5c4ec8d54d44ea54d705a9dc3693258e6040a09a2fb656c58d16,,,,0.5057602347806096
mapper_checkpoint,secondary/tasks/atcoder__arc192_d/mapper_loads/q82518pd9efqvq_secondary_1_1789847874677542753_FIXED_H.json,722e258f19b31deede9dd0623e8da22eec461dec54e07660c2d9ec78e4d6c191,,,,0.3830026560463011
mapper_checkpoint,secondary/tasks/atcoder__arc192_d/mapper_loads/q82518pd9efqvq_secondary_1_1789847874677542753_FIXED_M.json,4d746f4c8f5755592643695e5ac99dce46990e2d47c29df38dc6e8fe67b883b0,,,,0.38572267023846507
mapper_checkpoint,secondary/tasks/atcoder__arc192_d/mapper_loads/q82518pd9efqvq_secondary_1_1789847874677542753_ROTATING_H.json,0cee6092b7d5b955297e33e9b14becb578c87c307a874ceff37106253302e7cb,,,,0.37825246900320053
mapper_checkpoint,secondary/tasks/atcoder__arc192_e/mapper_loads/q82518pd9efqvq_secondary_0_1789847875220936193_FIXED_H.json,6d1311fa078113eaa5fadcd2d499c686d3768d1f34fa22958e9f4000737f84ca,,,,0.4177291579544544
mapper_checkpoint,secondary/tasks/atcoder__arc192_e/mapper_loads/q82518pd9efqvq_secondary_0_1789847875220936193_FIXED_M.json,4ecb1e71898e508e9123dd320fd6779c6a57d5895a075c1a21e5026344eaf723,,,,0.41790529899299145
mapper_checkpoint,secondary/tasks/atcoder__arc192_e/mapper_loads/q82518pd9efqvq_secondary_0_1789847875220936193_ROTATING_H.json,00cc3e7a67c245432b748647356564e33603454b5db3d6ee894fde4874e34529,,,,0.41562758991494775
mapper_checkpoint,secondary/tasks/atcoder__arc192_e/mapper_loads/q82518pd9efqvq_secondary_0_1789847875220936193_ROTATING_M.json,456f9a37bd82525aa47e057392c86e7980d9c0ff9d1662188b93b716c49c635f,,,,0.41655529104173183
mapper_checkpoint,secondary/tasks/atcoder__arc193_a/mapper_loads/wm3eark6ucql22_secondary_0_1789839717223250707_FIXED_H.json,c90be6da0f1d035dbbd1c3c911cfa8f77b970e9db457a1de91de09958b59da2d,,,,0.5038490211591125
mapper_checkpoint,secondary/tasks/atcoder__arc193_a/mapper_loads/wm3eark6ucql22_secondary_0_1789839717223250707_FIXED_M.json,803571307047f8b7ffeb3be77e7980d7832ea15afaf18a03aa0c2acb6fb61d5a,,,,0.5066928919404745
mapper_checkpoint,secondary/tasks/atcoder__arc193_a/mapper_loads/wm3eark6ucql22_secondary_0_1789839717223250707_ROTATING_H.json,9211b2f1d264c6d10f376d11d0257700f1163281c383c3d1af2d7a24306d5f33,,,,0.5030829450115561
mapper_checkpoint,secondary/tasks/atcoder__arc193_a/mapper_loads/wm3eark6ucql22_secondary_0_1789839717223250707_ROTATING_M.json,79542e4981dd63c620014fed1d1c66c8dfb6d0208ba9b10f2f0df6c0123e9cab,,,,0.5024556620046496
mapper_checkpoint,secondary/tasks/atcoder__arc194_c/mapper_loads/4todmkdu2u83rd_secondary_0_1789844696165057636_FIXED_M.json,10ccb9f84f3d3a9174863800171aa72680107787f30ce5b140f46f0c22c8e7a5,,,,0.5169569719582796
mapper_checkpoint,secondary/tasks/atcoder__arc194_c/mapper_loads/4todmkdu2u83rd_secondary_0_1789844696165057636_ROTATING_H.json,704d12e21b4234e6ef7309d2fe358243c47557ffc4ded982857b356140c125ae,,,,0.4622236439026892
mapper_checkpoint,secondary/tasks/atcoder__arc194_c/mapper_loads/4todmkdu2u83rd_secondary_0_1789844696165057636_ROTATING_M.json,16bf24f2b2071fc49085c6d95aaf30967d427aa8623c7ef86ba4902945806cce,,,,0.4622805695980787
mapper_checkpoint,secondary/tasks/atcoder__arc194_d/mapper_loads/ydjoi2v9ndg67d_secondary_0_1789842150848628052_FIXED_H.json,fb6acad2a9bc9b16b2d3ca9bb21c4e58b78d5932daa969b949aaf0dea3a6f4e7,,,,0.49647199595347047
mapper_checkpoint,secondary/tasks/atcoder__arc194_d/mapper_loads/ydjoi2v9ndg67d_secondary_0_1789842150848628052_ROTATING_H.json,e6f7a789d95a264ed0fe23cd648009303d173d933f43af14123b5f3a513592c1,,,,0.41201745392754674
mapper_checkpoint,secondary/tasks/atcoder__arc194_d/mapper_loads/ydjoi2v9ndg67d_secondary_0_1789842150848628052_ROTATING_M.json,681e288b6d33dd631c7316edc4984be3f7da3551aea84cbeba4b5cc87cd83bac,,,,0.3952563419006765
mapper_checkpoint,secondary/tasks/atcoder__arc194_e/mapper_loads/wm3eark6ucql22_secondary_0_1789839717223250707_FIXED_M.json,fabb813962aff78bf51894074b1b353c1ac23cd64d49b043605e7c86665266e4,,,,0.5059217903763056
mapper_checkpoint,secondary/tasks/atcoder__arc194_e/mapper_loads/wm3eark6ucql22_secondary_0_1789839717223250707_ROTATING_H.json,753b8d3ce02acfee2b05d8a83a42ae2509088c2b40f1e017e225a2d2d07ffd98,,,,0.5071830460801721
mapper_checkpoint,secondary/tasks/atcoder__arc194_e/mapper_loads/wm3eark6ucql22_secondary_0_1789839717223250707_ROTATING_M.json,6ca476a689c7e65fd5de28c80668e241e116eafebfb9fa8c0b8655071803a61c,,,,0.5047597484663129
mapper_checkpoint,secondary/tasks/atcoder__arc195_a/mapper_loads/wm3eark6ucql22_secondary_0_1789839717223250707_FIXED_H.json,ba897e27610addb400c81a897fb2a3c9530f5c34c486997e70cce723deac1804,,,,0.5373132517561316
mapper_checkpoint,secondary/tasks/atcoder__arc195_a/mapper_loads/wm3eark6ucql22_secondary_0_1789839717223250707_FIXED_M.json,140c752d74c3e3a9023847052d461cd189ea05601e6ed086e03f6f9a4b8a8596,,,,2.073535247705877
mapper_checkpoint,secondary/tasks/atcoder__arc195_a/mapper_loads/wm3eark6ucql22_secondary_0_1789839717223250707_ROTATING_H.json,aea041852f4989668700d83dd41f626b74ebeda85d13e5826ffb0035daf3e233,,,,0.5313432095572352
mapper_checkpoint,secondary/tasks/atcoder__arc196_c/mapper_loads/4todmkdu2u83rd_secondary_0_1789844696165057636_FIXED_H.json,c34c41d6359b0ee7a5435c945b60e2d68e5db3a6d0af2fd580e44c035346922a,,,,0.4821301167830825
mapper_checkpoint,secondary/tasks/atcoder__arc196_c/mapper_loads/4todmkdu2u83rd_secondary_0_1789844696165057636_FIXED_M.json,4eddb7bca3e2c723d43425f92d4efe9c4489e021e8a8d1e8fd917a6f18d9cf8e,,,,0.41973762307316065
mapper_checkpoint,secondary/tasks/atcoder__arc196_c/mapper_loads/4todmkdu2u83rd_secondary_0_1789844696165057636_ROTATING_H.json,19e9ef29ede1c06f84930d71c8553187fbe3f6777cd65d89030bdf5c8351112a,,,,0.4673222261480987
mapper_checkpoint,secondary/tasks/leetcode__3485/mapper_loads/fjpaf9ioc9vbqu_secondary_0_1789866696784132389_FIXED_H.json,005ce84453de91bbdfa2c509e78560505e02a14d83b507d0768904db2332cd43,,,,3.3750011092051864
mapper_checkpoint,secondary/tasks/leetcode__3485/mapper_loads/fjpaf9ioc9vbqu_secondary_0_1789866696784132389_FIXED_M.json,952c0c5cc04863d381a35355585c3d26ce9db46f31add7819fe41bb3d85565f2,,,,3.6475082556717098
mapper_checkpoint,secondary/tasks/leetcode__3485/mapper_loads/fjpaf9ioc9vbqu_secondary_0_1789866696784132389_ROTATING_H.json,dbefc4840651ead8ffe95ec079c25b7c85094f3b64d2be103d001d82a0e01088,,,,5.2061266750097275
mapper_checkpoint,secondary/tasks/leetcode__3485/mapper_loads/fjpaf9ioc9vbqu_secondary_0_1789866696784132389_ROTATING_M.json,d5c95cb82849274d1694fd09a724dc996fdd8d665e14ea0c0707c48f0d110673,,,,5.651325793005526
mapper_checkpoint,secondary/tasks/leetcode__3495/mapper_loads/ydjoi2v9ndg67d_secondary_0_1789842150848628052_FIXED_H.json,8a1379a4ac9705515af7ae58804a9c00ee9b050a02769322a7af29bdfb1ae2fc,,,,0.41779661271721125
mapper_checkpoint,secondary/tasks/leetcode__3495/mapper_loads/ydjoi2v9ndg67d_secondary_0_1789842150848628052_FIXED_M.json,e611a96ec2007e0ba3d48305ece30fd6aadb6fdbe0a8ced2747f42effd23a60e,,,,0.41727682296186686
mapper_checkpoint,secondary/tasks/leetcode__3495/mapper_loads/ydjoi2v9ndg67d_secondary_0_1789842150848628052_ROTATING_H.json,be08fba27c972943646a74d348b1eca39889e5e5e469dad9fd256648ed97f8a7,,,,0.4169832281768322
mapper_checkpoint,secondary/tasks/leetcode__3495/mapper_loads/ydjoi2v9ndg67d_secondary_0_1789842150848628052_ROTATING_M.json,9bc524b52347bcf7eedf9610445639abeb2f6d047b6487c0e38167579f7ca0bd,,,,0.3837792151607573
mapper_checkpoint,secondary/tasks/leetcode__3502/mapper_loads/wm3eark6ucql22_secondary_0_1789839717223250707_FIXED_H.json,9e81dae2175094ac3ac2241040d59916ba94025842aa128bf491e57233343a8b,,,,0.5026214420795441
mapper_checkpoint,secondary/tasks/leetcode__3502/mapper_loads/wm3eark6ucql22_secondary_0_1789839717223250707_FIXED_M.json,15a8ac4f12e9bd8f625c79f127a5fee94344d8d8357f28814798bdd912420b5f,,,,0.5065935840830207
mapper_checkpoint,secondary/tasks/leetcode__3502/mapper_loads/wm3eark6ucql22_secondary_0_1789839717223250707_ROTATING_H.json,b9807bcdbc684abdcec0904c506649f97b5891b08cf68e8cf22ff5e077f1cd8c,,,,0.5163017697632313
mapper_checkpoint,secondary/tasks/leetcode__3510/mapper_loads/q82518pd9efqvq_secondary_1_1789847874677542753_FIXED_H.json,b5755aa18b28b69e21a39bddd003aac2cfe141b8af0fa9d9d4df59742651b787,,,,0.4079325529746711
mapper_checkpoint,secondary/tasks/leetcode__3510/mapper_loads/q82518pd9efqvq_secondary_1_1789847874677542753_FIXED_M.json,76c31665d362dbd9bd6e092e82ce64be73ee5b30053769f018c63f35408c4fa6,,,,0.4131995663046837
mapper_checkpoint,secondary/tasks/leetcode__3510/mapper_loads/q82518pd9efqvq_secondary_1_1789847874677542753_ROTATING_H.json,90906257b36a00bc2da1b3b2d2a08acbf7fa9b4f3e751445808634d2be11afea,,,,0.4066830389201641
mapper_checkpoint,secondary/tasks/leetcode__3510/mapper_loads/q82518pd9efqvq_secondary_1_1789847874677542753_ROTATING_M.json,ca3a60b17e95ceb46783057c38b5dc89c19a1e95a08276a8e8343a2b605c2125,,,,0.40797064220532775
mapper_checkpoint,secondary/tasks/leetcode__3518/mapper_loads/wm3eark6ucql22_secondary_0_1789839717223250707_FIXED_H.json,a1df0ed4bd36a13fb9239982aa79c9a561a672eb7224b6c7a21ce1979f956055,,,,0.5420760558918118
mapper_checkpoint,secondary/tasks/leetcode__3518/mapper_loads/wm3eark6ucql22_secondary_0_1789839717223250707_FIXED_M.json,13162bd149d68ea9ae9001000c1add10951494df251cd621659949607c7f2562,,,,0.5307086687535048
mapper_checkpoint,secondary/tasks/leetcode__3518/mapper_loads/wm3eark6ucql22_secondary_0_1789839717223250707_ROTATING_H.json,844542804c67d6939b3036f7fcc50d808c6a40c388435efb7995485885c8754c,,,,0.5372193064540625
mapper_checkpoint,secondary/tasks/leetcode__3518/mapper_loads/wm3eark6ucql22_secondary_0_1789839717223250707_ROTATING_M.json,17ae49107b30b238a1f6eb62f1595c639e04534c7764621f2aca270cecbfb95d,,,,0.5486827166751027
mapper_checkpoint,secondary/tasks/leetcode__3522/mapper_loads/4todmkdu2u83rd_secondary_0_1789844696165057636_FIXED_H.json,d12c41af0c03225d91297d4f6b1784f4e68db6e369f0608a8cf30b477eeb7e8e,,,,0.4686788939870894
mapper_checkpoint,secondary/tasks/leetcode__3522/mapper_loads/4todmkdu2u83rd_secondary_0_1789844696165057636_FIXED_M.json,fadb48bf85023a4d188a9ef9c1f931b9b9c9e4575577ac41cdb5491342d72767,,,,0.46209480706602335
mapper_checkpoint,secondary/tasks/leetcode__3522/mapper_loads/4todmkdu2u83rd_secondary_0_1789844696165057636_ROTATING_H.json,19dba38703abc799156b4a5ed0829844acf7f8aefbc47bea496ad291b187fe99,,,,0.4306279607117176
mapper_checkpoint,secondary/tasks/leetcode__3522/mapper_loads/4todmkdu2u83rd_secondary_0_1789844696165057636_ROTATING_M.json,56187fe7f89fecfc9efcba21290e749004d4c3ad781661ba1eefd5a69da9c398,,,,0.45130075328052044
mapper_checkpoint,secondary/tasks/leetcode__3525/mapper_loads/q82518pd9efqvq_secondary_0_1789847875220936193_FIXED_H.json,35992ca14334014d6b86efaff6722a642653782830764e139c33d4da55097db2,,,,0.41683369409292936
mapper_checkpoint,secondary/tasks/leetcode__3525/mapper_loads/q82518pd9efqvq_secondary_0_1789847875220936193_FIXED_M.json,ffb0dd994e486ec88e2fc249277b6870d6a19c46fdfab8d4237ff79e8b6898fb,,,,0.4086010418832302
mapper_checkpoint,secondary/tasks/leetcode__3525/mapper_loads/q82518pd9efqvq_secondary_0_1789847875220936193_ROTATING_H.json,31a8e6a35a9c46c80aa157388a9282d7c032306941f7be12ed404c0deb7e5684,,,,0.40455286018550396
mapper_checkpoint,secondary/tasks/leetcode__3525/mapper_loads/q82518pd9efqvq_secondary_0_1789847875220936193_ROTATING_M.json,68fa464572537346b9e642d8f0956a13933d17e0f64ceed30d3a89830de559b5,,,,0.4218000057153404
mapper_checkpoint,secondary/tasks/leetcode__3527/mapper_loads/4todmkdu2u83rd_secondary_0_1789844696165057636_FIXED_H.json,9e9c5a79efc735145853195a4c3dbedb3fc1150a0f6b41e0689aec264b6b80e9,,,,0.4608714282512665
mapper_checkpoint,secondary/tasks/leetcode__3527/mapper_loads/4todmkdu2u83rd_secondary_0_1789844696165057636_FIXED_M.json,c08394a67892f9765e48a807561ddd7bfac3019ca8ca77bd4265172c2ad2e635,,,,0.457284193020314
mapper_checkpoint,secondary/tasks/leetcode__3527/mapper_loads/4todmkdu2u83rd_secondary_0_1789844696165057636_ROTATING_H.json,0d1691cebd429152ecdc0b8197a7a8d5ab5dc6b1b27ea68eb11f800b279c18be,,,,0.4239354361779988
mapper_checkpoint,secondary/tasks/leetcode__3527/mapper_loads/4todmkdu2u83rd_secondary_0_1789844696165057636_ROTATING_M.json,ec3dd43a04408fa10d7b07797b9a6ae13bcb039a48441747a8eaccbb95d9b50d,,,,0.4270656700246036
mapper_checkpoint,secondary/tasks/leetcode__3528/mapper_loads/4todmkdu2u83rd_secondary_0_1789844696165057636_FIXED_M.json,d3600f33d2d15810378d49e2015206749d645c6d5cd67ce7b58636e6d379b38f,,,,0.4612348200753331
mapper_checkpoint,secondary/tasks/leetcode__3528/mapper_loads/4todmkdu2u83rd_secondary_0_1789844696165057636_ROTATING_H.json,2b7abed79cd4078e8275a72ff1134e66766dcae97ebebcef15204325a2c342ed,,,,0.527939482126385
mapper_checkpoint,secondary/tasks/leetcode__3528/mapper_loads/4todmkdu2u83rd_secondary_0_1789844696165057636_ROTATING_M.json,a3df1c81bc0f387f3ba2ea5385813acd39f3ba9e61fe574640ed3aa722220b7f,,,,0.4330066032707691
mapper_checkpoint,secondary/tasks/leetcode__3532/mapper_loads/q82518pd9efqvq_secondary_1_1789847874677542753_FIXED_H.json,baf405bf9374033256f25a2ea7c696905ef8a982bfa806007fca1b2a9e839f9d,,,,0.3858201620168984
mapper_checkpoint,secondary/tasks/leetcode__3532/mapper_loads/q82518pd9efqvq_secondary_1_1789847874677542753_FIXED_M.json,194db84723f50ad6692c1ed236732526422ba0d46996dcd2ef1b3d0165e0f644,,,,0.38908526208251715
mapper_checkpoint,secondary/tasks/leetcode__3532/mapper_loads/q82518pd9efqvq_secondary_1_1789847874677542753_ROTATING_H.json,2d1bc732d281f038bb6dc3bffb4279c3dd3e1049c45fa114cea0cacfa33b4384,,,,0.38330165203660727
mapper_checkpoint,secondary/tasks/leetcode__3535/mapper_loads/q82518pd9efqvq_secondary_1_1789847874677542753_FIXED_H.json,7c052dbdbf83a4a36ebe2d7e43eab1b0467ac7f0aa891a6ad1f7f1a938200da1,,,,0.41840205201879144
mapper_checkpoint,secondary/tasks/leetcode__3535/mapper_loads/q82518pd9efqvq_secondary_1_1789847874677542753_FIXED_M.json,c1aeecf8a89f445c98074aa576d92b43ffc80589ef7cc2ced3bc4212280cf174,,,,0.41420569317415357
mapper_checkpoint,secondary/tasks/leetcode__3535/mapper_loads/q82518pd9efqvq_secondary_1_1789847874677542753_ROTATING_H.json,5db5d05326c40030b099471f06e9ccaaaf4518da00fcc60c29440bb7498cab22,,,,0.5001539429649711
mapper_checkpoint,secondary/tasks/leetcode__3540/mapper_loads/q82518pd9efqvq_secondary_0_1789847875220936193_FIXED_H.json,d34e082557b33de2f8736554e45843568a6a1270a6cf30d30c237b4deb48ecdf,,,,0.4057607362046838
mapper_checkpoint,secondary/tasks/leetcode__3540/mapper_loads/q82518pd9efqvq_secondary_0_1789847875220936193_FIXED_M.json,ea7e5dc1c9bcc8e3c676c5482e5a48c2c7df3d26ad94379b8aa17bf49b1e622f,,,,0.404104215092957
mapper_checkpoint,secondary/tasks/leetcode__3540/mapper_loads/q82518pd9efqvq_secondary_0_1789847875220936193_ROTATING_H.json,83ba3f29235e7788274be9dbd6889905d33faa972e7121a2044f6d78b5a494bb,,,,0.4017445519566536
mapper_checkpoint,secondary/tasks/leetcode__3540/mapper_loads/q82518pd9efqvq_secondary_0_1789847875220936193_ROTATING_M.json,f57b1df0a3e4a791c14f08a64f7bdf7a85f52fc25b3b1361ef75c958cfa9281c,,,,0.40463880728930235
mapper_checkpoint,secondary/tasks/leetcode__3543/mapper_loads/q82518pd9efqvq_secondary_1_1789847874677542753_FIXED_H.json,ceca3dfc63a2b0aff21d5678b2ccd6719958f55812b414540c17fb8beb0c9062,,,,0.41474368097260594
mapper_checkpoint,secondary/tasks/leetcode__3543/mapper_loads/q82518pd9efqvq_secondary_1_1789847874677542753_FIXED_M.json,edcd1bfdb1c7bcbe05f9f9d2d064566a2a8c384648d375abd40bfd741fc1b19d,,,,0.4121307469904423
mapper_checkpoint,secondary/tasks/leetcode__3543/mapper_loads/q82518pd9efqvq_secondary_1_1789847874677542753_ROTATING_H.json,42bfc4718280d3a1078ffe0ccfe705c715df4bc1b0ba26a234dcb63454bb63b7,,,,0.41241717617958784
mapper_checkpoint,secondary/tasks/leetcode__3548/mapper_loads/fjpaf9ioc9vbqu_secondary_0_1789866696784132389_FIXED_H.json,452ba791f7d8de9049d3a6d57bfd2e10c8158ef99e4e9605f743d09c137f818c,,,,4.662239095196128
mapper_checkpoint,secondary/tasks/leetcode__3548/mapper_loads/fjpaf9ioc9vbqu_secondary_0_1789866696784132389_FIXED_M.json,b354f01f2191a4a5822dcf632020ba0c511dcc7f756a5fa4c8bb157ccd22c67d,,,,3.580922483932227
mapper_checkpoint,secondary/tasks/leetcode__3548/mapper_loads/fjpaf9ioc9vbqu_secondary_0_1789866696784132389_ROTATING_H.json,29d1d752f65e2317eda6f9778bef1d03f04b06fd3723421a1d307217f0cc34c3,,,,3.39578067837283
mapper_checkpoint,secondary/tasks/leetcode__3548/mapper_loads/fjpaf9ioc9vbqu_secondary_0_1789866696784132389_ROTATING_M.json,f25d64ee15aa570297138a8673acd247bd1249d1da2b33a030f302c50f194503,,,,3.3801670619286597
mapper_checkpoint,secondary/tasks/leetcode__3552/mapper_loads/q82518pd9efqvq_secondary_0_1789847875220936193_FIXED_M.json,696251d2dfbdc867731c09bf31c7f716e327fe36997229f1b5c30b9046263f70,,,,0.4150420646183193
mapper_checkpoint,secondary/tasks/leetcode__3552/mapper_loads/q82518pd9efqvq_secondary_0_1789847875220936193_ROTATING_H.json,26e7f2145cac9497acfab2c22165c94b7734f91ae5474034018b28475476542c,,,,0.41145804477855563
mapper_checkpoint,secondary/tasks/leetcode__3552/mapper_loads/q82518pd9efqvq_secondary_0_1789847875220936193_ROTATING_M.json,27454262387efd28f558e8d84792481555fcb3f3b4591fea178add8869eff29c,,,,0.41308025596663356
mapper_checkpoint,secondary/tasks/leetcode__3560/mapper_loads/q82518pd9efqvq_secondary_1_1789847874677542753_FIXED_H.json,fb54be750ce81645a5265586849f47347f6494bc88e347e63217efe66900364b,,,,0.39925712207332253
mapper_checkpoint,secondary/tasks/leetcode__3560/mapper_loads/q82518pd9efqvq_secondary_1_1789847874677542753_FIXED_M.json,e16cfdf7f70f60092304b2b21bd27001008b3e553a45bcac006fa9412ffdcfee,,,,0.4204399441368878
mapper_checkpoint,secondary/tasks/leetcode__3560/mapper_loads/q82518pd9efqvq_secondary_1_1789847874677542753_ROTATING_H.json,b8e5eec08ac4cd3fefa681f000570455554c13c0829467ba9fc89909fd29cf5c,,,,0.398771028034389
mapper_checkpoint,secondary/tasks/leetcode__3560/mapper_loads/q82518pd9efqvq_secondary_1_1789847874677542753_ROTATING_M.json,48958eb905db0433a4b64296659dba3eebb85b51223505c9ada3bfbb41169131,,,,0.4090166329406202
mapper_checkpoint,secondary/tasks/leetcode__3562/mapper_loads/q82518pd9efqvq_secondary_0_1789847875220936193_FIXED_H.json,6ecbdca3f1f90775479c39bf430dacea75230614e39fc1b123b65f01c4e1f006,,,,0.40931549528613687
mapper_checkpoint,secondary/tasks/leetcode__3562/mapper_loads/q82518pd9efqvq_secondary_0_1789847875220936193_FIXED_M.json,9bf5fd40f3d6d069c8458b0efc943d6bbb5ad9be96f8b8d5f2f2da6a9f27d275,,,,0.40416009398177266
mapper_checkpoint,secondary/tasks/leetcode__3562/mapper_loads/q82518pd9efqvq_secondary_0_1789847875220936193_ROTATING_H.json,9557084de6734cd868db9da2a266dce462ae88f28bf8ec5942ed10e79106dbf8,,,,0.403739542234689
mapper_checkpoint,secondary/tasks/leetcode__3562/mapper_loads/q82518pd9efqvq_secondary_0_1789847875220936193_ROTATING_M.json,9f0306d794302d0b280f9aebe1bc98a45aa22222b48f57dbe96477d2c58d884e,,,,0.4131956207565963
mapper_checkpoint,secondary/tasks/leetcode__3563/mapper_loads/q82518pd9efqvq_secondary_1_1789847874677542753_FIXED_H.json,0e00377d5e4670f4b2c9542d93f0bcb10d968d5d3f4be4ed72ee357b88a4d2b0,,,,0.4113028980791569
mapper_checkpoint,secondary/tasks/leetcode__3563/mapper_loads/q82518pd9efqvq_secondary_1_1789847874677542753_FIXED_M.json,8854e70acb168a043c90fb8e64d47814d0e233c6eab73173918dd66c8a7f867a,,,,0.4150086399167776
mapper_checkpoint,secondary/tasks/leetcode__3563/mapper_loads/q82518pd9efqvq_secondary_1_1789847874677542753_ROTATING_H.json,26e8284846ddcdcc9d5f5e49ea7ed5c6745e7c033faa91077b5c46e949fc32c2,,,,0.4117145179770887
mapper_checkpoint,secondary/tasks/leetcode__3563/mapper_loads/q82518pd9efqvq_secondary_1_1789847874677542753_ROTATING_M.json,dae88ed35fba2f58629e55f1ef0128c4415c2fbd68cb5395bec0309bd597ccd4,,,,0.41442927392199636
mapper_checkpoint,secondary/tasks/leetcode__3566/mapper_loads/q82518pd9efqvq_secondary_1_1789847874677542753_FIXED_H.json,77f74f8b8d85aa9476b4ab94d6f2b2ff6dbc5759599639a02484345299d3d4f0,,,,0.41258503403514624
mapper_checkpoint,secondary/tasks/leetcode__3566/mapper_loads/q82518pd9efqvq_secondary_1_1789847874677542753_FIXED_M.json,17586d8cf0575144319abeffe795826f8d3bae175af71527450d4749637a0f78,,,,0.4063177201896906
mapper_checkpoint,secondary/tasks/leetcode__3566/mapper_loads/q82518pd9efqvq_secondary_1_1789847874677542753_ROTATING_H.json,eaa3369cdfee16bb940230cd2916a3218c7baa68c48b70a07da92c3e4bb75f74,,,,0.4157471591606736
mapper_checkpoint,secondary/tasks/leetcode__3566/mapper_loads/q82518pd9efqvq_secondary_1_1789847874677542753_ROTATING_M.json,b402fc1a7ce8bdb1ab9dc285f9b3702980f861832fa4df2bc70678ce2bc99a9b,,,,0.4108882169239223
mapper_checkpoint,secondary/tasks/leetcode__3583/mapper_loads/4todmkdu2u83rd_secondary_0_1789844696165057636_FIXED_H.json,f283ec74f50786ce5672d837e8c25ab858d17a3961db852bc68b9d9fcc446686,,,,0.4495285293087363
mapper_checkpoint,secondary/tasks/leetcode__3583/mapper_loads/4todmkdu2u83rd_secondary_0_1789844696165057636_ROTATING_H.json,a4902603c8192a3b67502dcfb2b3d1d3c91c857aaba812e34a9d14bdaae087f9,,,,0.5067064869217575
mapper_checkpoint,secondary/tasks/leetcode__3583/mapper_loads/4todmkdu2u83rd_secondary_0_1789844696165057636_ROTATING_M.json,3aef1d452a9cdfcad08e291cdd6822c43315a07d1c138f8f1594e7f78edd5224,,,,0.5149958869442344
mapper_checkpoint,secondary/tasks/leetcode__3587/mapper_loads/4todmkdu2u83rd_secondary_0_1789844696165057636_FIXED_H.json,3a4459d772c9e4ec3c2d3d688347c69befde788c2958371280e917089ff0b06a,,,,0.45727759739384055
mapper_checkpoint,secondary/tasks/leetcode__3587/mapper_loads/4todmkdu2u83rd_secondary_0_1789844696165057636_FIXED_M.json,a9f06028a9a3e721702546cc567db309ec3a60f9be44a3e2b14c0b5affd4aa0e,,,,0.45101636415347457
mapper_checkpoint,secondary/tasks/leetcode__3587/mapper_loads/4todmkdu2u83rd_secondary_0_1789844696165057636_ROTATING_H.json,59cd1ae7b370aeaa4df64d3098f9467522e3ac309ac5486ea02a0df68107d5ff,,,,0.48430944327265024
mapper_checkpoint,secondary/tasks/leetcode__3588/mapper_loads/q82518pd9efqvq_secondary_1_1789847874677542753_FIXED_H.json,40f62af773c8308a64cb960322c1a17c0525e90e03505baf5ece7e6eaa85ec47,,,,0.3767874171026051
mapper_checkpoint,secondary/tasks/leetcode__3588/mapper_loads/q82518pd9efqvq_secondary_1_1789847874677542753_FIXED_M.json,f35758bb7d73d92236221afe6c7ee78ac4867e641e58bdb63970218901cf754d,,,,0.393616973888129
mapper_checkpoint,secondary/tasks/leetcode__3588/mapper_loads/q82518pd9efqvq_secondary_1_1789847874677542753_ROTATING_H.json,44b958ed34cc03fce08c54ed00ce99690b91fe518da3cfa837779a5e2bcc216a,,,,0.3792772772721946
mapper_checkpoint,secondary/tasks/leetcode__3588/mapper_loads/q82518pd9efqvq_secondary_1_1789847874677542753_ROTATING_M.json,bad54d15871d6f8ad8876ba99829e8e4b3466b2c6fe09bba6e069ffb9f75444b,,,,0.37997657619416714
mapper_checkpoint,secondary/tasks/leetcode__3591/mapper_loads/4todmkdu2u83rd_secondary_0_1789844696165057636_FIXED_H.json,8148d00c788f28da770a0630c163e077b32385e1331440c540dc8c4caebfb9f4,,,,0.4136170567944646
mapper_checkpoint,secondary/tasks/leetcode__3591/mapper_loads/4todmkdu2u83rd_secondary_0_1789844696165057636_FIXED_M.json,ab393b71464b091b0edb595cb728c07d306fc2834ea4599216e84173d5dc1bf5,,,,0.4205431449227035
mapper_checkpoint,secondary/tasks/leetcode__3591/mapper_loads/4todmkdu2u83rd_secondary_0_1789844696165057636_ROTATING_H.json,0ab983e101caa0263b5459fd7408a531738ca2dce6f06b8a610d8116b717f695,,,,0.5639838757924736
mapper_checkpoint,secondary/tasks/leetcode__3591/mapper_loads/4todmkdu2u83rd_secondary_0_1789844696165057636_ROTATING_M.json,ef97f2c170af18e6c303dc18d0399b158b0f841d70f6501d59a35e10db45ec67,,,,0.4694122401997447
mapper_checkpoint,secondary/tasks/leetcode__3593/mapper_loads/q82518pd9efqvq_secondary_1_1789847874677542753_FIXED_M.json,4dd0ca5873f020ba55d10daeace5d187dc2fc7a3b32977f916dfbb9d9584fe44,,,,0.41679547308012843
mapper_checkpoint,secondary/tasks/leetcode__3593/mapper_loads/q82518pd9efqvq_secondary_1_1789847874677542753_ROTATING_H.json,1ac797b13bc92c6e56ba1895cbcf5ec52d4cf4d26c9e547b49323d969b56a3f0,,,,0.412205099593848
mapper_checkpoint,secondary/tasks/leetcode__3593/mapper_loads/q82518pd9efqvq_secondary_1_1789847874677542753_ROTATING_M.json,f9b6efbed4637db445c0dc501570d69eebddbf1c3f9048251f9e217816d64d51,,,,0.4135381858795881
mapper_checkpoint,secondary/tasks/leetcode__3605/mapper_loads/wm3eark6ucql22_secondary_0_1789839717223250707_FIXED_H.json,0e0e45156c2ebb44eab3cf8e784ac2ec91d92b82667e9850d316b743bb641cfd,,,,0.49513378646224737
mapper_checkpoint,secondary/tasks/leetcode__3605/mapper_loads/wm3eark6ucql22_secondary_0_1789839717223250707_FIXED_M.json,7ef5a1357e8743a5368ca6e032a9a01a76efc4cb6dec3c8a50128f434cc391a5,,,,0.49431325774639845
mapper_checkpoint,secondary/tasks/leetcode__3605/mapper_loads/wm3eark6ucql22_secondary_0_1789839717223250707_ROTATING_H.json,cd6ebb238c0ed369dee6389095a8d5d9c0ec3cfc2fa789d913454349b5a5482a,,,,0.4914140244945884
mapper_checkpoint,secondary/tasks/leetcode__3607/mapper_loads/4todmkdu2u83rd_secondary_0_1789844696165057636_FIXED_H.json,f749955b147d08a8c72ae6707e656b404ead8610d58c201539320b50d573cc90,,,,0.4554642871953547
mapper_checkpoint,secondary/tasks/leetcode__3607/mapper_loads/4todmkdu2u83rd_secondary_0_1789844696165057636_FIXED_M.json,99a91a12ec832eba1d3b30aa81c80168d1ec2774988019fb782b515a37ad683f,,,,0.49353481410071254
mapper_checkpoint,secondary/tasks/leetcode__3607/mapper_loads/4todmkdu2u83rd_secondary_0_1789844696165057636_ROTATING_H.json,498e0784920bb6e82a0e81ce1d6cfe98ec12726f566bee42dda41b65b674c276,,,,0.4276924799196422
mapper_checkpoint,secondary/tasks/leetcode__3607/mapper_loads/4todmkdu2u83rd_secondary_0_1789844696165057636_ROTATING_M.json,1ac36766835ba7f8e0ff624b87c0e4381a990df6353d8204a3b9540edaff3677,,,,0.4341228040866554
mapper_checkpoint,secondary/tasks/leetcode__3608/mapper_loads/wm3eark6ucql22_secondary_0_1789839717223250707_FIXED_H.json,28eed6006e4d331e3fca477f278d64e2a97af7c46b16409e08e70da7ee82e1c7,,,,0.5119373435154557
mapper_checkpoint,secondary/tasks/leetcode__3608/mapper_loads/wm3eark6ucql22_secondary_0_1789839717223250707_FIXED_M.json,6422315f09500b38f073a7ec2777edf6c755e575cbadf418c1cea57752bf7bb8,,,,0.513810851611197
mapper_checkpoint,secondary/tasks/leetcode__3608/mapper_loads/wm3eark6ucql22_secondary_0_1789839717223250707_ROTATING_H.json,cc418a52a473808e5586604352f9c54cb9207687b455796e100cd7d78c2660a5,,,,0.5132894832640886
mapper_checkpoint,secondary/tasks/leetcode__3608/mapper_loads/wm3eark6ucql22_secondary_0_1789839717223250707_ROTATING_M.json,00ab5256f0cf8c6c3bde6fb4263c95b1a8e80cb2cd4b9d80266b84e44a94e168,,,,0.5060493052005768
mapper_checkpoint,secondary/tasks/leetcode__3610/mapper_loads/q82518pd9efqvq_secondary_1_1789847874677542753_FIXED_H.json,b96c2418cfeb60b6706be418364a08aebe28a3ce1fb5d90d2b70032472145b93,,,,0.38741685822606087
mapper_checkpoint,secondary/tasks/leetcode__3610/mapper_loads/q82518pd9efqvq_secondary_1_1789847874677542753_FIXED_M.json,2730de42deaf0d83922227f271c6ba5ef04a9d1a9765ff768f010ad98f6aa7fd,,,,0.38923538010567427
mapper_checkpoint,secondary/tasks/leetcode__3610/mapper_loads/q82518pd9efqvq_secondary_1_1789847874677542753_ROTATING_M.json,0b89b8f5211dab798c238f305f644d96f75b9d5a3861a9e7ed230e4bb235c884,,,,0.39393341168761253
mapper_checkpoint,secondary/tasks/leetcode__3616/mapper_loads/q82518pd9efqvq_secondary_0_1789847875220936193_FIXED_H.json,baf1ac45cec372a82eaf66d59a7e37b8dcc279d3dd4458b31fa8eaced76927ba,,,,0.40067569306120276
mapper_checkpoint,secondary/tasks/leetcode__3616/mapper_loads/q82518pd9efqvq_secondary_0_1789847875220936193_FIXED_M.json,20092772d6367c10ad43398cd9663ee56598b1fd64e8045f9a20f18c4b34f1d5,,,,0.3916372610256076
mapper_checkpoint,secondary/tasks/leetcode__3616/mapper_loads/q82518pd9efqvq_secondary_0_1789847875220936193_ROTATING_H.json,94f84216b15f08dc23fd9cd8f3b3a3ea80981266129a3dada6398cda8450fb3e,,,,0.4229773827828467
mapper_checkpoint,secondary/tasks/leetcode__3616/mapper_loads/q82518pd9efqvq_secondary_0_1789847875220936193_ROTATING_M.json,5851ca33d700d291804e2ab848f238ec8a93ca7057ff2028e9197088a8e66385,,,,0.3965265699662268
mapper_checkpoint,secondary/tasks/leetcode__3627/mapper_loads/4todmkdu2u83rd_secondary_0_1789844696165057636_FIXED_H.json,4126f05d50067f9bcdaddc2379f914fe2cdae5a0741c1b60ae8750de48208838,,,,0.4301694901660085
mapper_checkpoint,secondary/tasks/leetcode__3627/mapper_loads/4todmkdu2u83rd_secondary_0_1789844696165057636_FIXED_M.json,a7344afb50632fee05ae0bbf1e8456d26e0286e054b6322a202b3535146af3ff,,,,0.4432276370935142
mapper_checkpoint,secondary/tasks/leetcode__3627/mapper_loads/4todmkdu2u83rd_secondary_0_1789844696165057636_ROTATING_H.json,e53915f38a743cd3d6ba6f1b9b340244bde65329f31d88e52de29a931bed8bfb,,,,0.414563384372741
mapper_checkpoint,secondary/tasks/leetcode__3627/mapper_loads/4todmkdu2u83rd_secondary_0_1789844696165057636_ROTATING_M.json,e756cef25495061fdb8d19746e25fdc11d57c7e436399affcace050356e38afa,,,,0.5173074528574944
mapper_checkpoint,secondary/tasks/leetcode__3634/mapper_loads/q82518pd9efqvq_secondary_1_1789847874677542753_FIXED_H.json,2e133c84667ce6c7b9e35d280376226569baea51cf8154ad26eaa582c5d864ad,,,,0.39327283203601837
mapper_checkpoint,secondary/tasks/leetcode__3634/mapper_loads/q82518pd9efqvq_secondary_1_1789847874677542753_FIXED_M.json,c4bc9d2607927dd968410a507bbc951cc1285872873d31dc4c8334c93098b645,,,,0.39394932333379984
mapper_checkpoint,secondary/tasks/leetcode__3634/mapper_loads/q82518pd9efqvq_secondary_1_1789847874677542753_ROTATING_M.json,d2dfbca6a2c8cbcae13cdbda12f5cf32460a4012650b29a2db940aa3b468c696,,,,0.39296836871653795
mapper_checkpoint,secondary/tasks/leetcode__3637/mapper_loads/fjpaf9ioc9vbqu_secondary_1_1789866695545896148_FIXED_H.json,6791dc3a481960bbc43855f4c8e7ffbf247075df4f64623edb04441f0878f118,,,,2.3751751738600433
mapper_checkpoint,secondary/tasks/leetcode__3637/mapper_loads/fjpaf9ioc9vbqu_secondary_1_1789866695545896148_FIXED_M.json,216aa973606a114b64d2967fe5d7e12ca91873a06b947c5a669bc0a707a85fe7,,,,3.4586070543155074
mapper_checkpoint,secondary/tasks/leetcode__3637/mapper_loads/fjpaf9ioc9vbqu_secondary_1_1789866695545896148_ROTATING_H.json,cb3d01d6aeb238f84802393216b3c8d3a640feb39871bac86cc90e20f63c1787,,,,2.0022508441470563
mapper_checkpoint,secondary/tasks/leetcode__3637/mapper_loads/fjpaf9ioc9vbqu_secondary_1_1789866695545896148_ROTATING_M.json,f5884afd5d5475362bd4c025a89641646d4efddba5666979c4d48354350be10f,,,,2.002122086007148
mapper_checkpoint,secondary/tasks/leetcode__3639/mapper_loads/q82518pd9efqvq_secondary_1_1789847874677542753_FIXED_H.json,8deccbbf3ad907c1f8dc3bff6b0267ecf1f94e05b67e04b060342b4fabe6b005,,,,0.40457973908632994
mapper_checkpoint,secondary/tasks/leetcode__3639/mapper_loads/q82518pd9efqvq_secondary_1_1789847874677542753_ROTATING_H.json,38568c4e88d3dc3c97fade7ec6c4b558b2b12102cc6ae40e0701160c2cfc7f56,,,,0.3988568470813334
mapper_checkpoint,secondary/tasks/leetcode__3639/mapper_loads/q82518pd9efqvq_secondary_1_1789847874677542753_ROTATING_M.json,b16d989242518016be45a2e2afa10ae80d6eae709545cbb3b0ada5690e90e7f2,,,,0.4225919363088906
mapper_checkpoint,secondary/tasks/leetcode__3649/mapper_loads/q82518pd9efqvq_secondary_0_1789847875220936193_FIXED_H.json,d88865da7d0ef671f541332d326fdb5dbf1883fdc620e2cef8cb7b1ca3634923,,,,0.40312579879537225
mapper_checkpoint,secondary/tasks/leetcode__3649/mapper_loads/q82518pd9efqvq_secondary_0_1789847875220936193_FIXED_M.json,21e15106458181f0ff29bbce98364246460a9f65dfdbcc2c299616968cd9530d,,,,0.4046761756762862
mapper_checkpoint,secondary/tasks/leetcode__3649/mapper_loads/q82518pd9efqvq_secondary_0_1789847875220936193_ROTATING_H.json,5d044af69772feadd4cfc3c63a370f1184dc6060d6fba74653ab64c1d6cccd56,,,,0.4118415010161698
mapper_checkpoint,secondary/tasks/leetcode__3649/mapper_loads/q82518pd9efqvq_secondary_0_1789847875220936193_ROTATING_M.json,39d1f6ce34ebc5c4c0d9a2fe280af0658db120ea00f497bad4e76f89db06530b,,,,0.41296210000291467
mapper_checkpoint,secondary/tasks/leetcode__3651/mapper_loads/4todmkdu2u83rd_secondary_0_1789844696165057636_FIXED_H.json,cfff2f2410f23a8894ed245e4c8cc0642a8dd672e6b790f52537d3f65887b499,,,,0.41400386672466993
mapper_checkpoint,secondary/tasks/leetcode__3651/mapper_loads/4todmkdu2u83rd_secondary_0_1789844696165057636_FIXED_M.json,d3367354ad0d7beae88138852c05711d9192a4b2bca2e0bc972c8d54e40e6e12,,,,0.4137459537014365
mapper_checkpoint,secondary/tasks/leetcode__3651/mapper_loads/4todmkdu2u83rd_secondary_0_1789844696165057636_ROTATING_H.json,7e65208d496070f7b65b9f4bdce24710284a15f5878568b3f67b5f108747a5f1,,,,0.46490837587043643
mapper_checkpoint,secondary/tasks/leetcode__3651/mapper_loads/4todmkdu2u83rd_secondary_0_1789844696165057636_ROTATING_M.json,f2a1f1e75ab554eda4e767b102ac934b634cf4a76ef42aea6bd89da78a1e0f12,,,,0.5512609081342816
mapper_checkpoint,secondary/tasks/leetcode__3654/mapper_loads/wm3eark6ucql22_secondary_0_1789839717223250707_FIXED_H.json,3a40e3715b3da8717f70f527c0ddbf5e79c4850bd40248fb9a0bc2c06d400024,,,,0.507091386243701
mapper_checkpoint,secondary/tasks/leetcode__3654/mapper_loads/wm3eark6ucql22_secondary_0_1789839717223250707_FIXED_M.json,69540ff2c15913f5748eef01cb9eb9cf7e6bd0b53802a63d3edd56654e4f2ae2,,,,0.5147548345848918
mapper_checkpoint,secondary/tasks/leetcode__3654/mapper_loads/wm3eark6ucql22_secondary_0_1789839717223250707_ROTATING_H.json,b44fca71de241f9ad5c46e3097794e3dfbe98bd4db433b1d0daf0d7d15ef833f,,,,0.5047759562730789
mapper_checkpoint,secondary/tasks/leetcode__3654/mapper_loads/wm3eark6ucql22_secondary_0_1789839717223250707_ROTATING_M.json,e76573de7f6ea0aafebd3218c577026eaebb85e080c556aa4024f3c7c97eb4eb,,,,0.5122514069080353
mapper_checkpoint,secondary/tasks/leetcode__3656/mapper_loads/q82518pd9efqvq_secondary_1_1789847874677542753_FIXED_H.json,0161026447ac31fdef9bbe4b9ac229ecc22e6f4fbb963330a300daa2356fd8a7,,,,0.41142437094822526
mapper_checkpoint,secondary/tasks/leetcode__3656/mapper_loads/q82518pd9efqvq_secondary_1_1789847874677542753_FIXED_M.json,6c1e1fbc6a71a8825e6c59949cb5206d793d464399905330b0d362ef24fc81da,,,,0.41991052217781544
mapper_checkpoint,secondary/tasks/leetcode__3656/mapper_loads/q82518pd9efqvq_secondary_1_1789847874677542753_ROTATING_H.json,63ae7b66435773e6e8292f49fa6ac9554dfc2db56b571b4eda2bef32c8a6cdce,,,,0.40815449273213744
mapper_checkpoint,secondary/tasks/leetcode__3656/mapper_loads/q82518pd9efqvq_secondary_1_1789847874677542753_ROTATING_M.json,e93ed752b5513fc9834456ec143eefa5cbe0da255ca8ce72c0dece54e232d816,,,,0.4115309901535511
mapper_checkpoint,secondary/tasks/leetcode__3657/mapper_loads/4todmkdu2u83rd_secondary_0_1789844696165057636_FIXED_H.json,16e0c8dc97897129ac6bbdf906df09fe9995a3412831b1328a7f11842dae28ef,,,,0.4535357840359211
mapper_checkpoint,secondary/tasks/leetcode__3657/mapper_loads/4todmkdu2u83rd_secondary_0_1789844696165057636_FIXED_M.json,aea9bc597136073e692e5c3b754fca503801fdbca8038274d94f4c1547d5025f,,,,0.4537943718023598
mapper_checkpoint,secondary/tasks/leetcode__3657/mapper_loads/4todmkdu2u83rd_secondary_0_1789844696165057636_ROTATING_H.json,1a200c223cad53fd62aa78b67e36986432a84aa25aef57cfc4ceb4077d5eddd2,,,,0.43116164905950427
mapper_checkpoint,secondary/tasks/leetcode__3657/mapper_loads/4todmkdu2u83rd_secondary_0_1789844696165057636_ROTATING_M.json,b97a063af6dc1b0087dfa1561af00f42a6c501d5e1bc063cd5d49549f6acfc83,,,,0.42825545091181993
mapper_checkpoint,secondary/tasks/leetcode__3676/mapper_loads/q82518pd9efqvq_secondary_0_1789847875220936193_FIXED_M.json,e2f2ab023a68fa40acb66d152ea443e805d4c0c6c025d0e423c5046c1988c10f,,,,0.5026338072493672
mapper_checkpoint,secondary/tasks/leetcode__3676/mapper_loads/q82518pd9efqvq_secondary_0_1789847875220936193_ROTATING_H.json,5044a925cb91c225a327a5e8d4a704ff611502b29cdd09605ca8df05972e0fc1,,,,0.5035742498002946
mapper_checkpoint,secondary/tasks/leetcode__3676/mapper_loads/q82518pd9efqvq_secondary_0_1789847875220936193_ROTATING_M.json,23239f72bc562af546c6f80fc7fd66e8143ca93374d0cbad0252ad92b7cfa2af,,,,0.4123276970349252
mapper_checkpoint,secondary/tasks/leetcode__3682/mapper_loads/ydjoi2v9ndg67d_secondary_0_1789842150848628052_FIXED_H.json,7c820b40a5591762ad492f20373e93442d7bc0fb598126ad679128dc8cd8d1d2,,,,0.4199127582833171
mapper_checkpoint,secondary/tasks/leetcode__3682/mapper_loads/ydjoi2v9ndg67d_secondary_0_1789842150848628052_FIXED_M.json,5582611f4010aa4893b700af8cfcba026b4fa4435905d271105fbe11c3cfc99e,,,,0.4918289249762893
mapper_checkpoint,secondary/tasks/leetcode__3682/mapper_loads/ydjoi2v9ndg67d_secondary_0_1789842150848628052_ROTATING_H.json,6f219fa823d648c1f1560a0411e12116913e07e49bae9eb6301fbe674d70d6f8,,,,0.4012366025708616
mapper_checkpoint,secondary/tasks/leetcode__3687/mapper_loads/4todmkdu2u83rd_secondary_0_1789844696165057636_FIXED_H.json,cf84e7c15c4330b2ee7a2f82aa088b4f66216bd81ab351ef8e809ff0d92c7432,,,,0.43756719026714563
mapper_checkpoint,secondary/tasks/leetcode__3687/mapper_loads/4todmkdu2u83rd_secondary_0_1789844696165057636_FIXED_M.json,7ce29ac7dc00f06a51dcf4ef80fc7acbd073d6ba6602a70018d7e6ef4ee0a8d6,,,,0.4441595212556422
mapper_checkpoint,secondary/tasks/leetcode__3687/mapper_loads/4todmkdu2u83rd_secondary_0_1789844696165057636_ROTATING_H.json,61ed4c79f4ac8a4b04272ebcf4b04bd6d5bb3753bd3ddfbd70c41bab13f2b86f,,,,0.5227988753467798
mapper_checkpoint,secondary/tasks/leetcode__3687/mapper_loads/4todmkdu2u83rd_secondary_0_1789844696165057636_ROTATING_M.json,2fa1f14d0f144f0b69843e2c41c178d2592562f86c36d192532061164d9cc08d,,,,0.42497380496934056
mapper_checkpoint,secondary/tasks/leetcode__3688/mapper_loads/q82518pd9efqvq_secondary_1_1789847874677542753_FIXED_H.json,daaeb12e3dc674c80763630cbf95506eac35fc3b281042f1e1ff6a34d960aedc,,,,0.37820163089782
mapper_checkpoint,secondary/tasks/leetcode__3688/mapper_loads/q82518pd9efqvq_secondary_1_1789847874677542753_FIXED_M.json,0f539bb3c85a6a707f82a8d87b2da10459df0dac1e3f07c6f7c90940ba299a09,,,,0.3870928240939975
mapper_checkpoint,secondary/tasks/leetcode__3688/mapper_loads/q82518pd9efqvq_secondary_1_1789847874677542753_ROTATING_H.json,ba9616d74aafd7ab8f251bc994932e7b468e955ce932c2fc4dd80d8c751d5a48,,,,0.4297803300432861
mapper_checkpoint,secondary/tasks/leetcode__3688/mapper_loads/q82518pd9efqvq_secondary_1_1789847874677542753_ROTATING_M.json,558560e11b1ea4b9865a70dbe302592c5d0cb12fb2bcba0067f859e1874f98b6,,,,0.3799365358427167
mapper_checkpoint,secondary/tasks/leetcode__3690/mapper_loads/q82518pd9efqvq_secondary_1_1789847874677542753_FIXED_H.json,482fddde3c9ab0fa99501da3de0aad5ccd35101f9675570bc5edf21732754282,,,,0.41217018757015467
mapper_checkpoint,secondary/tasks/leetcode__3690/mapper_loads/q82518pd9efqvq_secondary_1_1789847874677542753_ROTATING_H.json,c9f4aa2dc67da2b79f7af29c433d1722c3e210d4b0ce5bbdaac92e9559eed8b0,,,,0.41392516903579235
mapper_checkpoint,secondary/tasks/leetcode__3690/mapper_loads/q82518pd9efqvq_secondary_1_1789847874677542753_ROTATING_M.json,b138955b95c35d5caa9679e28c2ef14b90247b2046a7325c2fe6620d433dc11c,,,,0.4104569801129401
mapper_checkpoint,secondary/tasks/leetcode__3692/mapper_loads/wm3eark6ucql22_secondary_0_1789839717223250707_FIXED_H.json,0aa4436c56190ceb61b15910b86d67438951c310d23bbe14f9727bb1a44b2aa5,,,,0.5117381447926164
mapper_checkpoint,secondary/tasks/leetcode__3692/mapper_loads/wm3eark6ucql22_secondary_0_1789839717223250707_ROTATING_H.json,1f0affb17c4f2d0428bbcf2b69177cc26846e947b2361e5ee0723ea3f9da9e88,,,,0.5166342938318849
mapper_checkpoint,secondary/tasks/leetcode__3692/mapper_loads/wm3eark6ucql22_secondary_0_1789839717223250707_ROTATING_M.json,7e43d1ef81e36f1fe411cd389d5b44cf80dff24dc5165f954df2b4d8d04f20d0,,,,0.5238119913265109
mapper_checkpoint,secondary/tasks/leetcode__3701/mapper_loads/q82518pd9efqvq_secondary_0_1789847875220936193_FIXED_H.json,3399dd1367bdf76ecafe94a53802a0deb8a25032f5ebb9d52a7b5970716f1273,,,,0.41116580180823803
mapper_checkpoint,secondary/tasks/leetcode__3701/mapper_loads/q82518pd9efqvq_secondary_0_1789847875220936193_ROTATING_H.json,385f3196049383bbbfefa610b5d3c7381bd2eb8784a2479e3d4c6b41cb108848,,,,0.4178389706648886
mapper_checkpoint,secondary/tasks/leetcode__3701/mapper_loads/q82518pd9efqvq_secondary_0_1789847875220936193_ROTATING_M.json,79eb109e1ab1f1d0f6ff3a955748bb34102829fdcbe9eae2e128bca1325a1f9f,,,,0.4098814860917628
mapper_checkpoint,secondary/tasks/leetcode__3704/mapper_loads/4todmkdu2u83rd_secondary_0_1789844696165057636_FIXED_M.json,64487bab005349b9d89995581dbfca687427c8db949ccc7c24bea68d2438ef62,,,,0.44274054607376456
mapper_checkpoint,secondary/tasks/leetcode__3704/mapper_loads/4todmkdu2u83rd_secondary_0_1789844696165057636_ROTATING_H.json,99cebf1fb3fda299142476036820d7764df7fc20762242a40571840a999b5924,,,,0.4206903693266213
mapper_checkpoint,secondary/tasks/leetcode__3704/mapper_loads/4todmkdu2u83rd_secondary_0_1789844696165057636_ROTATING_M.json,516b0cc5dd024d35ac2b8a26c6abd24cfdca88d48cd4bd1c349173b234897492,,,,0.41266466723755
mapper_checkpoint,secondary/tasks/leetcode__3709/mapper_loads/4todmkdu2u83rd_secondary_0_1789844696165057636_FIXED_H.json,7b3585d2d4f6ae4c37d20a42f60b3ff007d0fc262139a918d1935e9fcb78f4d6,,,,0.45815987093374133
mapper_checkpoint,secondary/tasks/leetcode__3709/mapper_loads/4todmkdu2u83rd_secondary_0_1789844696165057636_FIXED_M.json,73fd2a159ce308f2cfd1911bfabcbdf051b0946b5b6790f7f7360270f6f058ed,,,,0.4562342376448214
mapper_checkpoint,secondary/tasks/leetcode__3709/mapper_loads/4todmkdu2u83rd_secondary_0_1789844696165057636_ROTATING_M.json,ca0545fb17239308e3ec67160cac31656485e5efc6f7901765fe3cb64bf05721,,,,0.41872420627623796
mapper_checkpoint,secondary/tasks/leetcode__3714/mapper_loads/q82518pd9efqvq_secondary_0_1789847875220936193_FIXED_H.json,1c2333178c0a381b96ee26c988d823ca7794d2306d158c574a2da7b74aa7dc6b,,,,0.4146183240227401
mapper_checkpoint,secondary/tasks/leetcode__3714/mapper_loads/q82518pd9efqvq_secondary_0_1789847875220936193_FIXED_M.json,8a7d9a8a976f9a58baa5a149c39e033ab3f732f4e771ee7f4b7bd2030a7e66f0,,,,0.4155168170109391
mapper_checkpoint,secondary/tasks/leetcode__3714/mapper_loads/q82518pd9efqvq_secondary_0_1789847875220936193_ROTATING_H.json,5700bbda423822ec28b0823fdd5a0a412e27b6d14226a5cf4c4b2b2812abd09e,,,,0.4104363997466862
mapper_checkpoint,secondary/tasks/leetcode__3731/mapper_loads/fjpaf9ioc9vbqu_secondary_1_1789866695545896148_FIXED_H.json,d9ce1f4546ae95867e081a4dbd56c4de2f5dfd5d37027dd7060d53288ecfb548,,,,2.150205188896507
mapper_checkpoint,secondary/tasks/leetcode__3731/mapper_loads/fjpaf9ioc9vbqu_secondary_1_1789866695545896148_FIXED_M.json,8be38e77253bcc99952a1b1059946568d840e5e42f7c4ce3d5c5583ebfd7321c,,,,1.923275335226208
mapper_checkpoint,secondary/tasks/leetcode__3731/mapper_loads/fjpaf9ioc9vbqu_secondary_1_1789866695545896148_ROTATING_H.json,0592db83c915cc7445982735add906bf321118c07c7f7ff292d8559d56a5acc8,,,,1.884001870173961
mapper_checkpoint,secondary/tasks/leetcode__3731/mapper_loads/fjpaf9ioc9vbqu_secondary_1_1789866695545896148_ROTATING_M.json,c8a643bd9f3a086fb0edebd5405614d062096ede0b0616cf40ba493d98ca55f0,,,,1.9431846989318728
mapper_checkpoint,secondary/tasks/leetcode__3733/mapper_loads/4todmkdu2u83rd_secondary_0_1789844696165057636_FIXED_M.json,3851c908746b224bd1eeddb8c8e1369d4876173dd622a2275d96126ab52f1595,,,,0.42075600707903504
mapper_checkpoint,secondary/tasks/leetcode__3733/mapper_loads/4todmkdu2u83rd_secondary_0_1789844696165057636_ROTATING_H.json,7963c797757932a7f04d0e87c0cd5ec2bfc386fc77618faed0e25c09cbe0e3ab,,,,0.46938265673816204
mapper_checkpoint,secondary/tasks/leetcode__3733/mapper_loads/4todmkdu2u83rd_secondary_0_1789844696165057636_ROTATING_M.json,7083b07c848db6fc731816fc9077068b98a4f5d7ff9388cff4dff9cbc412f71b,,,,0.47114537516608834
mapper_checkpoint,secondary/tasks/leetcode__3736/mapper_loads/ydjoi2v9ndg67d_secondary_0_1789842150848628052_FIXED_H.json,d4a025d50218c3550ab8bbc91e32dcf1326522c54642aaa7f88307ca1407eec4,,,,0.41325470339506865
mapper_checkpoint,secondary/tasks/leetcode__3736/mapper_loads/ydjoi2v9ndg67d_secondary_0_1789842150848628052_ROTATING_H.json,6022331e4db2d3f2280f0a72d48ab960335874dd48a7990bac95fe816f6a5301,,,,0.413282529450953
mapper_checkpoint,secondary/tasks/leetcode__3736/mapper_loads/ydjoi2v9ndg67d_secondary_0_1789842150848628052_ROTATING_M.json,df4194a753948e6af85fbe0488fd53cf0e6e9450991f389bada6ca54a1d5111e,,,,0.4094149279408157
mapper_checkpoint,secondary/tasks/leetcode__3737/mapper_loads/4todmkdu2u83rd_secondary_0_1789844696165057636_FIXED_H.json,524cfab15975e206b3dce2acef344bf53c6196d3e31224b0e7be84c237814eb8,,,,0.41907997615635395
mapper_checkpoint,secondary/tasks/leetcode__3737/mapper_loads/4todmkdu2u83rd_secondary_0_1789844696165057636_FIXED_M.json,d12d7ffe78b14f1c1e3f185b02158ecc2b19538a5a64496433d2f54d5dc72308,,,,0.41664391569793224
mapper_checkpoint,secondary/tasks/leetcode__3737/mapper_loads/4todmkdu2u83rd_secondary_0_1789844696165057636_ROTATING_H.json,2b609cb495d3584ee714eab2a943e7723bd3385d378c1e6416a143588fe7f24e,,,,0.4605766637250781
mapper_checkpoint,secondary/tasks/leetcode__3737/mapper_loads/4todmkdu2u83rd_secondary_0_1789844696165057636_ROTATING_M.json,edffb9b294ba5878343e1455adf3765f90297d8d7f8f15facafdb9b60c7004eb,,,,0.4597291201353073
mapper_checkpoint,secondary/tasks/leetcode__3744/mapper_loads/ydjoi2v9ndg67d_secondary_0_1789842150848628052_FIXED_H.json,b78173c710365429e3a1fd8a445a88ff7975774c28d6b7ce815b559db0f6af0a,,,,0.3882937841117382
mapper_checkpoint,secondary/tasks/leetcode__3744/mapper_loads/ydjoi2v9ndg67d_secondary_0_1789842150848628052_FIXED_M.json,0e2a1ef10d097efba0b1a16b7492d0ea6257ce03f67c4d59e3fcd923e723a8a1,,,,0.39140514796599746
mapper_checkpoint,secondary/tasks/leetcode__3744/mapper_loads/ydjoi2v9ndg67d_secondary_0_1789842150848628052_ROTATING_H.json,19f12afad012e176ab2a3facc19963c46e3ce0ca3870d5436134079aa5fd0ed4,,,,0.3940077521838248
mapper_checkpoint,secondary/tasks/leetcode__3744/mapper_loads/ydjoi2v9ndg67d_secondary_0_1789842150848628052_ROTATING_M.json,2591f9203124ed189ef664273535ede93ce3fd7a5f6828dc5072a8b35c011130,,,,0.3945143357850611
mapper_checkpoint,secondary/tasks/leetcode__3748/mapper_loads/q82518pd9efqvq_secondary_1_1789847874677542753_FIXED_H.json,6c9f685ae09555a43ea435d9953cad415bed90da099a63191f871b3447844ae8,,,,0.4166015707887709
mapper_checkpoint,secondary/tasks/leetcode__3748/mapper_loads/q82518pd9efqvq_secondary_1_1789847874677542753_FIXED_M.json,b060bfffa14b6657b195a2f2ffd115c2d841787c2ce6ed3c9eb85dc1373f2f13,,,,0.41263274010270834
mapper_checkpoint,secondary/tasks/leetcode__3748/mapper_loads/q82518pd9efqvq_secondary_1_1789847874677542753_ROTATING_H.json,a07ca28f3ac6016ff5cd9462a7cacdad4744595c20fae1d125630cd5c1497bb7,,,,0.4120772290043533
mapper_checkpoint,secondary/tasks/leetcode__3748/mapper_loads/q82518pd9efqvq_secondary_1_1789847874677542753_ROTATING_M.json,234ec9a296c2673f7b7bccbf1186af03c7cf7c1c9bdc5938ec31c21f28181b99,,,,0.4116696147248149
mapper_checkpoint,secondary/tasks/leetcode__3750/mapper_loads/4todmkdu2u83rd_secondary_0_1789844696165057636_FIXED_H.json,0b9159a7ca0c5e5bbcb88be1219f916380c53acc3e6a38e60ec4cf22107d2343,,,,0.4362432318739593
mapper_checkpoint,secondary/tasks/leetcode__3750/mapper_loads/4todmkdu2u83rd_secondary_0_1789844696165057636_ROTATING_H.json,d03f3a7686e019ab1564626f7b25007bcee423908e038807df4927678aa6d5da,,,,0.41855346225202084
mapper_checkpoint,secondary/tasks/leetcode__3750/mapper_loads/4todmkdu2u83rd_secondary_0_1789844696165057636_ROTATING_M.json,40fe105831977989d2f76aa3facabdabb1ced9f27a27da9750f836e933741fab,,,,0.4217038778588176
mapper_checkpoint,secondary/tasks/leetcode__3751/mapper_loads/ydjoi2v9ndg67d_secondary_0_1789842150848628052_FIXED_H.json,ab527976565d0ba1eb57acb3fd63c6f1d687333de5dbe58e64bc7e52ac8baeb1,,,,0.4180800998583436
mapper_checkpoint,secondary/tasks/leetcode__3751/mapper_loads/ydjoi2v9ndg67d_secondary_0_1789842150848628052_FIXED_M.json,525df72913d9bcbe118a70e53c1cfb8392e848e06d46b1a14c6328258df7ca54,,,,0.4178150058723986
mapper_checkpoint,secondary/tasks/leetcode__3751/mapper_loads/ydjoi2v9ndg67d_secondary_0_1789842150848628052_ROTATING_H.json,bc558f962f6c939d25790992fa8366929495f7cb2028908462d333887f3a857c,,,,0.4110192242078483
mapper_checkpoint,secondary/tasks/leetcode__3751/mapper_loads/ydjoi2v9ndg67d_secondary_0_1789842150848628052_ROTATING_M.json,8b8c33bca312a0024a11dd908b9b0e8a21ec967d3f08cfac4b0ff4c27f92c8c3,,,,0.40904413908720016
mapper_checkpoint,secondary/tasks/leetcode__3754/mapper_loads/4todmkdu2u83rd_secondary_0_1789844696165057636_FIXED_H.json,297206f7d379a38126db51640c9b5e34a5f142e60b51ca70c20877d3d48538fe,,,,0.4568397430703044
mapper_checkpoint,secondary/tasks/leetcode__3754/mapper_loads/4todmkdu2u83rd_secondary_0_1789844696165057636_FIXED_M.json,4f7afc2fb3c51958289cbee8c5b8d35a6d06763061b2e36a72ffafb5c3a1b70e,,,,0.5495226089842618
mapper_checkpoint,secondary/tasks/leetcode__3754/mapper_loads/4todmkdu2u83rd_secondary_0_1789844696165057636_ROTATING_H.json,654b673e7b7ce649431660f5abad3e8961cf08dae215a594ff4499998550d7b2,,,,0.43583192583173513
mapper_checkpoint,secondary/tasks/leetcode__3759/mapper_loads/4todmkdu2u83rd_secondary_0_1789844696165057636_FIXED_M.json,5753f392264d1d3b3a0424c0948c21d2ce4d286d2a3875a76f9b010b5a015e74,,,,0.46191054582595825
mapper_checkpoint,secondary/tasks/leetcode__3759/mapper_loads/4todmkdu2u83rd_secondary_0_1789844696165057636_ROTATING_H.json,b1f6a5395d5589ecdccab4f3faf536c814ef3ef49d08a0ecc5d135d5c4773a19,,,,0.5580113688483834
mapper_checkpoint,secondary/tasks/leetcode__3759/mapper_loads/4todmkdu2u83rd_secondary_0_1789844696165057636_ROTATING_M.json,5e2c8c214539c54d27b205fcac6d97ee282c2dd863d0fd860c6415f964964393,,,,0.4474044148810208
mapper_checkpoint,secondary/tasks/leetcode__3763/mapper_loads/wm3eark6ucql22_secondary_0_1789839717223250707_FIXED_H.json,f67095c348058c18152feb14aa676ad3b35b075170ab93de550819b31c1ec142,,,,0.5360711999237537
mapper_checkpoint,secondary/tasks/leetcode__3763/mapper_loads/wm3eark6ucql22_secondary_0_1789839717223250707_FIXED_M.json,3da2b4dd96a6f486d67ee5d0c8034fbc66a3ded902888951706298c2904ce6a1,,,,0.5477524418383837
mapper_checkpoint,secondary/tasks/leetcode__3763/mapper_loads/wm3eark6ucql22_secondary_0_1789839717223250707_ROTATING_M.json,206463a0227eacc811872f017ed00055bc3bace75cde03d02a27705877dde372,,,,0.5329388855025172
mapper_checkpoint,secondary/tasks/leetcode__3764/mapper_loads/q82518pd9efqvq_secondary_1_1789847874677542753_FIXED_H.json,fa28c13f389fb94d755f8cf1cbe0908801ae2c2f385056b760863107b107dd65,,,,0.41179075511172414
mapper_checkpoint,secondary/tasks/leetcode__3764/mapper_loads/q82518pd9efqvq_secondary_1_1789847874677542753_FIXED_M.json,8bd25dc0c6d31acbb7fd5d55c9c6958a6e862441e5d8a29b4cc0635cee361632,,,,0.49276696098968387
mapper_checkpoint,secondary/tasks/leetcode__3764/mapper_loads/q82518pd9efqvq_secondary_1_1789847874677542753_ROTATING_H.json,e8d2a5a7c3d7d017c2fbadc22a55479d09298a5325ddd685588c0cd69e244946,,,,0.4110435820184648
mapper_checkpoint,secondary/tasks/leetcode__3764/mapper_loads/q82518pd9efqvq_secondary_1_1789847874677542753_ROTATING_M.json,f646edcd19f18beb695c0aa68bb353c2c93cca175f05eacb8fa9942f82ba751c,,,,0.41150754503905773
mapper_checkpoint,secondary/tasks/leetcode__3765/mapper_loads/q82518pd9efqvq_secondary_0_1789847875220936193_FIXED_H.json,764ba9bced68ba6f4b53be87d4a342fd20963c741c8b37201dcfb3ca3794803d,,,,0.488752034958452
mapper_checkpoint,secondary/tasks/leetcode__3765/mapper_loads/q82518pd9efqvq_secondary_0_1789847875220936193_ROTATING_H.json,765e0997bb2d60b805c8d585c44fd7a680118d2ae7f1a114dba7ad81dd34195f,,,,0.4027838739566505
mapper_checkpoint,secondary/tasks/leetcode__3765/mapper_loads/q82518pd9efqvq_secondary_0_1789847875220936193_ROTATING_M.json,7508c505bf3f449f27470307fa2d682dae655f9abdf817806a1e2ba696c90d37,,,,0.39826599415391684
mapper_checkpoint,secondary/tasks/leetcode__3771/mapper_loads/q82518pd9efqvq_secondary_1_1789847874677542753_FIXED_H.json,8381be01023a5fda77a6b05ace125849b0151691689521b8eac457bd6d7313c2,,,,0.4163587698712945
mapper_checkpoint,secondary/tasks/leetcode__3771/mapper_loads/q82518pd9efqvq_secondary_1_1789847874677542753_FIXED_M.json,fcb07e777d7b5e1a615dfeeeaec2b4f772507ccd5e19fc21a981fe39c963e643,,,,0.413353452924639
mapper_checkpoint,secondary/tasks/leetcode__3771/mapper_loads/q82518pd9efqvq_secondary_1_1789847874677542753_ROTATING_H.json,5a2c70a128902d32f1d7534a2fe48baeb4ca2389bdcee91a6fb2b73931c7ee8d,,,,0.415079097263515
mapper_checkpoint,secondary/tasks/leetcode__3771/mapper_loads/q82518pd9efqvq_secondary_1_1789847874677542753_ROTATING_M.json,8e0588f215855c4ae145c55edd0b0be92404397d8493aca2553da10e6dc58bad,,,,0.4980962169356644
mapper_checkpoint,secondary/tasks/leetcode__3773/mapper_loads/q82518pd9efqvq_secondary_0_1789847875220936193_FIXED_H.json,bcf75bdd8ad70ebe9cb22f3887ed70e4a6f4c511554a3ce75100a1fca86d85d6,,,,0.4172645309008658
mapper_checkpoint,secondary/tasks/leetcode__3773/mapper_loads/q82518pd9efqvq_secondary_0_1789847875220936193_FIXED_M.json,c8cac396dd315d9771b4b231d981d1cc490826cb1b5c42f67c474c4b2a7fdb4b,,,,0.41248276410624385
mapper_checkpoint,secondary/tasks/leetcode__3773/mapper_loads/q82518pd9efqvq_secondary_0_1789847875220936193_ROTATING_H.json,fde90aefcf7065a0252168db470ac3a8d1552114605009652879ffdcfc93eabc,,,,0.4112022779881954
mapper_checkpoint,secondary/tasks/leetcode__3773/mapper_loads/q82518pd9efqvq_secondary_0_1789847875220936193_ROTATING_M.json,5a2ae051a56adc243272ec1cca350997e2f96431120e4ef8d985029f2befc18a,,,,0.41160142282024026
mapper_checkpoint,secondary/tasks/leetcode__3777/mapper_loads/wm3eark6ucql22_secondary_0_1789839717223250707_FIXED_H.json,044c4ea36989d193e84c308164fcfccc9631dc698da4befd6f5ff0d22c4f3417,,,,0.5110486475750804
mapper_checkpoint,secondary/tasks/leetcode__3777/mapper_loads/wm3eark6ucql22_secondary_0_1789839717223250707_ROTATING_H.json,2d62bbb570bb4699c1d46bc2e1ad6da462d55cb591a60c9776f519adc89e9074,,,,0.5109019037336111
mapper_checkpoint,secondary/tasks/leetcode__3777/mapper_loads/wm3eark6ucql22_secondary_0_1789839717223250707_ROTATING_M.json,65ab63ce3bc8c1103f1685a2d0810745027acc75b78030361040a86f8753441d,,,,0.5185165833681822
mapper_checkpoint,secondary/tasks/leetcode__3778/mapper_loads/q82518pd9efqvq_secondary_0_1789847875220936193_FIXED_M.json,b3905013f2d83e6e045a788e09fdfedeee379459533cd1f136c392b99427355c,,,,0.4141070432960987
mapper_checkpoint,secondary/tasks/leetcode__3778/mapper_loads/q82518pd9efqvq_secondary_0_1789847875220936193_ROTATING_H.json,27225afe21a7e693aaccd13b53172688961a9323fe63099f5e78cffea705cb92,,,,0.41537099005654454
mapper_checkpoint,secondary/tasks/leetcode__3778/mapper_loads/q82518pd9efqvq_secondary_0_1789847875220936193_ROTATING_M.json,c0501fa2fc9b6479ec11c537f3b193c1581b10944ddab6079fef3ec2cb219cc6,,,,0.41104336362332106
mapper_checkpoint,secondary/tasks/leetcode__3781/mapper_loads/4todmkdu2u83rd_secondary_0_1789844696165057636_FIXED_H.json,137b8f0e659cc714efdbae646808b4dd2d5d19919a2315c6789fc18babe34f0d,,,,0.4383739251643419
mapper_checkpoint,secondary/tasks/leetcode__3781/mapper_loads/4todmkdu2u83rd_secondary_0_1789844696165057636_FIXED_M.json,256a52afe2a76df12b7937a491a8c6050c8a9f7c45bcfebea75abe8536d33b03,,,,0.44758009584620595
mapper_checkpoint,secondary/tasks/leetcode__3781/mapper_loads/4todmkdu2u83rd_secondary_0_1789844696165057636_ROTATING_H.json,87a0dc4a93cef412dc1d6a1a35afb5b5386d64a216a8cc92e7fe9d67705a4525,,,,0.42712886026129127
mapper_checkpoint,secondary/tasks/leetcode__3781/mapper_loads/4todmkdu2u83rd_secondary_0_1789844696165057636_ROTATING_M.json,11bc5959b83f03b7114fde0c03b61379dc43525639624fc468a14ff4dbdaf1a7,,,,0.41411098884418607
mapper_checkpoint,secondary/tasks/leetcode__3784/mapper_loads/q82518pd9efqvq_secondary_1_1789847874677542753_FIXED_M.json,b5957e27e113cf8a2574c024087f97dc86698278f12691d054758347a82c2d46,,,,0.3785116830840707
mapper_checkpoint,secondary/tasks/leetcode__3784/mapper_loads/q82518pd9efqvq_secondary_1_1789847874677542753_ROTATING_H.json,7fa2c225afdab52a92f80f25b57ddacaf213a09f5ae69bd96e53bdae6aede28b,,,,0.39704030519351363
mapper_checkpoint,secondary/tasks/leetcode__3784/mapper_loads/q82518pd9efqvq_secondary_1_1789847874677542753_ROTATING_M.json,3fa424e3505081fd68205e61648a067e96c324f11bbff112f25dadc28e66dcb1,,,,0.44630778580904007
mapper_checkpoint,secondary/tasks/leetcode__3785/mapper_loads/4todmkdu2u83rd_secondary_0_1789844696165057636_FIXED_H.json,c930d1d6fafedba6e851b38f6d63d921eda8b7cba76b8ac45b7fecc8ef857199,,,,0.4583050701767206
mapper_checkpoint,secondary/tasks/leetcode__3785/mapper_loads/4todmkdu2u83rd_secondary_0_1789844696165057636_FIXED_M.json,d2e2251d7805bf259fe654f5f936818959ac009c4434f5dce55996b161bd2884,,,,0.4332045088522136
mapper_checkpoint,secondary/tasks/leetcode__3785/mapper_loads/4todmkdu2u83rd_secondary_0_1789844696165057636_ROTATING_M.json,ebf0c9df6ddc448f65c5780c4328e9f5eb86d445f8e4037de40fdcc7fc99c4db,,,,0.43012243788689375
mapper_checkpoint,secondary/tasks/leetcode__3788/mapper_loads/ydjoi2v9ndg67d_secondary_0_1789842150848628052_FIXED_H.json,26a9925ba79e83a5253cbc21cc77c1e9b148e337c0054d0ddb6a9048bbd3a514,,,,0.4155902131460607
mapper_checkpoint,secondary/tasks/leetcode__3788/mapper_loads/ydjoi2v9ndg67d_secondary_0_1789842150848628052_FIXED_M.json,0294c47fa0819b198b643570075532142d67ad9b6b0c037d9aaf8a9aedc017b2,,,,0.40815849183127284
mapper_checkpoint,secondary/tasks/leetcode__3788/mapper_loads/ydjoi2v9ndg67d_secondary_0_1789842150848628052_ROTATING_H.json,61d8abbc970205eae50c155e9c0f5e052cc9509290c55e9e488dae9e5696e491,,,,0.4070604518055916
mapper_checkpoint,secondary/tasks/leetcode__3788/mapper_loads/ydjoi2v9ndg67d_secondary_0_1789842150848628052_ROTATING_M.json,9908da6ff753c2c10334978988352d7f7664ffbaf4874c3b5bf604728d7ab1f3,,,,0.4095660950988531
mapper_checkpoint,secondary/tasks/leetcode__3789/mapper_loads/ydjoi2v9ndg67d_secondary_0_1789842150848628052_FIXED_M.json,5c85d805eb6a851c0f42a4a4e0a96f24505900da564b6dcdd01ed045c436763c,,,,0.4181570648215711
mapper_checkpoint,secondary/tasks/leetcode__3789/mapper_loads/ydjoi2v9ndg67d_secondary_0_1789842150848628052_ROTATING_H.json,5f28ed5842805cdbc9fbb430e5a1729340b049a012dd58b28d21e90b471097ed,,,,0.4149050861597061
mapper_checkpoint,secondary/tasks/leetcode__3789/mapper_loads/ydjoi2v9ndg67d_secondary_0_1789842150848628052_ROTATING_M.json,4b7e0b634af5cc23734866b548c0f1012e7d90819b9087d0ceccb062cfa989f2,,,,0.41116297570988536
mapper_checkpoint,secondary/tasks/leetcode__3791/mapper_loads/4todmkdu2u83rd_secondary_0_1789844696165057636_FIXED_H.json,2e1445d5c306e947f979fc98c4c28703574994f242c839d448a1767cda1a9939,,,,0.4342290121130645
mapper_checkpoint,secondary/tasks/leetcode__3791/mapper_loads/4todmkdu2u83rd_secondary_0_1789844696165057636_ROTATING_H.json,917d865e2c1d5ee3f0772157890b4a1c7e4950247f9a6138355f021af0740e14,,,,0.4257735940627754
mapper_checkpoint,secondary/tasks/leetcode__3791/mapper_loads/4todmkdu2u83rd_secondary_0_1789844696165057636_ROTATING_M.json,5ccd84b172a741489d971c4b26c69a4870e2465e5ec9eb2dc51ebc4d6dde08c7,,,,0.42002558521926403
mapper_checkpoint,secondary/tasks/leetcode__3793/mapper_loads/4todmkdu2u83rd_secondary_0_1789844696165057636_FIXED_M.json,8b38b0ed64464060291223ad28cba599ca1194a834e38a16773eb7522e6e8dae,,,,0.4516367227770388
mapper_checkpoint,secondary/tasks/leetcode__3793/mapper_loads/4todmkdu2u83rd_secondary_0_1789844696165057636_ROTATING_H.json,fbef945a44a28e6c9662f950c95d57217dc59a60d4c25acba8029f5a90de8e26,,,,0.42183293495327234
mapper_checkpoint,secondary/tasks/leetcode__3793/mapper_loads/4todmkdu2u83rd_secondary_0_1789844696165057636_ROTATING_M.json,07207d74a28b694140f25c5b275241dc4c31391ede22a3d17a232045808bf021,,,,0.5155720300972462
mapper_checkpoint,secondary/tasks/leetcode__3794/mapper_loads/q82518pd9efqvq_secondary_0_1789847875220936193_FIXED_H.json,e72be25356d5e74dbdfea0bd435eea6bdb6ff2d30d270dfb44cd0e90f99ade83,,,,0.411685804836452
mapper_checkpoint,secondary/tasks/leetcode__3794/mapper_loads/q82518pd9efqvq_secondary_0_1789847875220936193_FIXED_M.json,dd1bac5e3f5c2d0113d91a1923cf93485b610a7bf56681e9c5ce27c62a9ac4b3,,,,0.39909795904532075
mapper_checkpoint,secondary/tasks/leetcode__3794/mapper_loads/q82518pd9efqvq_secondary_0_1789847875220936193_ROTATING_H.json,4e73bedb4778951dcf4700346b82c3e4ec0cfb7e24b48fe9f0150a8a0da20f1f,,,,0.41060337889939547
mapper_checkpoint,secondary/tasks/leetcode__3794/mapper_loads/q82518pd9efqvq_secondary_0_1789847875220936193_ROTATING_M.json,86314ed7cdaa62740e918b1d60d22ca58d97d37db96c8d845b60ba3cb8ac8ee3,,,,0.4044913398101926
mapper_checkpoint,secondary/tasks/leetcode__3799/mapper_loads/4todmkdu2u83rd_secondary_0_1789844696165057636_FIXED_H.json,2eeba5aedecf0e43287dac91a35d840bfe43557dcbd910bb4148658c76338ca7,,,,0.4552785479463637
mapper_checkpoint,secondary/tasks/leetcode__3799/mapper_loads/4todmkdu2u83rd_secondary_0_1789844696165057636_FIXED_M.json,36fda0b899002b30bb4ba9de0999d59ed98c41b6886144331630730fcddf2c29,,,,0.4678538809530437
mapper_checkpoint,secondary/tasks/leetcode__3799/mapper_loads/4todmkdu2u83rd_secondary_0_1789844696165057636_ROTATING_H.json,feb57ed0e7d90ba6ef2f29380f525baf0bcb950f73b6b3b7bde6f0115bb308f1,,,,0.429341543931514
mapper_checkpoint,secondary/tasks/leetcode__3805/mapper_loads/wm3eark6ucql22_secondary_0_1789839717223250707_FIXED_H.json,d7918b31e0450f5afc2d2a84e9f259d26cc2bb6b8cd2db8d8586e9eb7be738e3,,,,0.5003296993672848
mapper_checkpoint,secondary/tasks/leetcode__3805/mapper_loads/wm3eark6ucql22_secondary_0_1789839717223250707_FIXED_M.json,4b2329fe7d5b5ce94eb2cf11c657de4e7b40b575a386ba4a81c5b66e73e551c3,,,,0.5090494668111205
mapper_checkpoint,secondary/tasks/leetcode__3805/mapper_loads/wm3eark6ucql22_secondary_0_1789839717223250707_ROTATING_H.json,4fd434213311ef4d15f49e0f3dd801f612906021f7cd4ecb70bf121e21c9fa26,,,,0.508073846809566
mapper_checkpoint,secondary/tasks/leetcode__3805/mapper_loads/wm3eark6ucql22_secondary_0_1789839717223250707_ROTATING_M.json,671552876c07b07495d8e475f2e6a52c14ded2b673040d3df84fc3106fead5c3,,,,0.48416826501488686
mapper_checkpoint,secondary/tasks/leetcode__3811/mapper_loads/ydjoi2v9ndg67d_secondary_0_1789842150848628052_FIXED_H.json,3aa4103c7aa05f6bbc4003df347bed6344c608189323e976f591205c4c605c69,,,,0.4135344293899834
mapper_checkpoint,secondary/tasks/leetcode__3811/mapper_loads/ydjoi2v9ndg67d_secondary_0_1789842150848628052_FIXED_M.json,1d9557eafecc97191a3c50df150ce9c671abb0efeb666d66321a2f2106a8862e,,,,0.414942380040884
mapper_checkpoint,secondary/tasks/leetcode__3811/mapper_loads/ydjoi2v9ndg67d_secondary_0_1789842150848628052_ROTATING_H.json,85faeba33305adb71c15ea231fba7bd945eb2d089b7d14460db6eebb6feab564,,,,0.4133130069822073
mapper_checkpoint,secondary/tasks/leetcode__3811/mapper_loads/ydjoi2v9ndg67d_secondary_0_1789842150848628052_ROTATING_M.json,7d406e5f1ab9073b941ee9d8af4b8fb1cd30537eeef1bd762247369e567759d7,,,,0.4073581909760833
mapper_checkpoint,secondary/tasks/leetcode__3832/mapper_loads/wm3eark6ucql22_secondary_0_1789839717223250707_FIXED_H.json,964751a789e6df2c562618ea5af1a13f8433cd79977f08acf7137dbb302c48b3,,,,0.5049721421673894
mapper_checkpoint,secondary/tasks/leetcode__3832/mapper_loads/wm3eark6ucql22_secondary_0_1789839717223250707_FIXED_M.json,c0462ff74549a6732ca3010e78845d88c5896438de7945a9898b19a925693107,,,,0.5066106198355556
mapper_checkpoint,secondary/tasks/leetcode__3832/mapper_loads/wm3eark6ucql22_secondary_0_1789839717223250707_ROTATING_H.json,4c98e706b5052251f02c7b582984284ae0975f6accaa5717ec1bb2b3ea61eb88,,,,0.5031051570549607
mapper_checkpoint,secondary/tasks/leetcode__3832/mapper_loads/wm3eark6ucql22_secondary_0_1789839717223250707_ROTATING_M.json,f40c32ba1d605ceb91b4381b72c165ac270685d141f5b375d960143e5e0964f8,,,,0.5085201021283865
worker_models,workers/4todmkdu2u83rd_secondary_0/attempts/4todmkdu2u83rd_secondary_0_1789844696165057636/model_setup.json,8c3da5a8003d0e5c70a488857cc8fafb9ff5fca657059ff042db5271c1d3306c,108.90030907094479,22.427204796113074,0.00899303937330842,
worker_models,workers/fjpaf9ioc9vbqu_secondary_0/attempts/fjpaf9ioc9vbqu_secondary_0_1789866696784132389/model_setup.json,daa09512c36b1c198d874142f6d0601e87f07dd1d025d3b6911e6ed4888cd82c,800.6969986818731,189.22799508506432,0.02550884196534753,
worker_models,workers/fjpaf9ioc9vbqu_secondary_1/attempts/fjpaf9ioc9vbqu_secondary_1_1789866695545896148/model_setup.json,fef937f4543ac325a501f37a8bb9f8b6d6e105f518f1930b643b1f18599aa6ec,803.6814009267837,189.23955329041928,0.017731010913848877,
worker_models,workers/q82518pd9efqvq_secondary_0/attempts/q82518pd9efqvq_secondary_0_1789847875220936193/model_setup.json,e31e90ade8b9449efdd878e588a9bc886be55d9abfaa4b040c19f6465fd9c131,19.296320772264153,4.7578762806952,0.007972590159624815,
worker_models,workers/q82518pd9efqvq_secondary_1/attempts/q82518pd9efqvq_secondary_1_1789847874677542753/model_setup.json,806a1bec1c48a6ff749ed2713a37497ed90705f731b4741a5092d44cc0916f74,18.55575940012932,4.614750042092055,0.008541743736714125,
worker_models,workers/wm3eark6ucql22_secondary_0/attempts/wm3eark6ucql22_secondary_0_1789839717223250707/model_setup.json,b661edc0429eb0b8839e610ccc879c9770ea1babaca3784b1cddfbab41008fbb,20.727260190993547,5.39891956653446,0.01028840895742178,
worker_models,workers/ydjoi2v9ndg67d_secondary_0/attempts/ydjoi2v9ndg67d_secondary_0_1789842150848628052/model_setup.json,b2428983f997a3881268f670948079b4de78e125b7142d95abfaaa120b8d90af,113.15897558815777,25.478733656927943,0.008380517829209566,
