task_id,condition,draw,fraction_percent,source_token_index,source_trajectory_sha256,receiver_seed,answer_seed,answer_sha256,score_sha256,passed,missing,failure_category,source_reasoning_length,source_prefix_accounted_seconds,receiver_prefill_tokens,receiver_prefill_seconds,receiver_reasoning_tokens,receiver_reasoning_seconds,answer_tokens,answer_seconds,answer_output_characters,bridge_seconds,clone_seconds,transfer_seconds,single_output_stage_sum_seconds,source_reasoning_capped,receiver_reasoning_capped,answer_capped,answer_ended_eos,recovery_seconds,scoring_wall_seconds,gpu_kernel_busy_seconds,runpod_dollars,total_generated_tokens,token_count_scope
atcoder/abc356_a,SMALL_ONLY,0,0,0,f3d4102e1b2ea9fa95b25fae4e49853be78c532ad46dd1bb1fbfd9b7f6a01b0a,1671577168104638308,6820278628230426292,65314b4f7bc577d2b6d9b7df751b49934d45070bc283d93f158763a8aff6fab5,6286fa0b59f42f475986b8f6c5a47e459eb5f093aac4ccb20bf1b97e806507fa,True,False,pass,2250,0.0,368,0.5122737910132855,1816,86.9726888750447,115,5.5392284580739215,398,0.04752304102294147,0.003065624972805381,7.137504871934652e-05,93.07485116517637,False,False,False,True,0.0,0.3813364505767822,,0.0,1931,Reasoning bodies exclude closing-think; answer count includes terminal EOS. No pretence these bodies count inserted bridges.
atcoder/abc356_a,SMALL_ONLY,1,0,0,f3d4102e1b2ea9fa95b25fae4e49853be78c532ad46dd1bb1fbfd9b7f6a01b0a,1671577168104638308,1417445003631291502,6368de92daea64a02891d4168eca7accf4fb7eedc118bdef33e38a02e2f7cdc6,a3da22e6d0b8bcbeb2613f9c2bb21df1af805419f3ef994e11ac7a3fc76d97f9,True,False,pass,2250,0.0,368,0.5122737910132855,1816,86.9726888750447,492,23.64537583303172,2051,0.05138941702898592,0.008621125016361475,7.137504871934652e-05,111.19042041618377,False,False,False,True,0.0,0.38100433349609375,,0.0,2308,Reasoning bodies exclude closing-think; answer count includes terminal EOS. No pretence these bodies count inserted bridges.
atcoder/abc356_a,SMALL_ONLY,2,0,0,f3d4102e1b2ea9fa95b25fae4e49853be78c532ad46dd1bb1fbfd9b7f6a01b0a,1671577168104638308,5283125148641258542,65d412aa1078b4f7b2789684cf10014bbeb256b42f8047f6c32df648b466c69f,06bc7a378031b224a1eed9a437fccff8820882c43dc2e8ab7eb150badcd7c792,True,False,pass,2250,0.0,368,0.5122737910132855,1816,86.9726888750447,149,6.992363791912794,521,0.05001529096625745,0.00885458302218467,7.137504871934652e-05,94.53626770700794,False,False,False,True,0.0,0.38135576248168945,,0.0,1965,Reasoning bodies exclude closing-think; answer count includes terminal EOS. No pretence these bodies count inserted bridges.
atcoder/abc356_a,H10,0,10,225,f3d4102e1b2ea9fa95b25fae4e49853be78c532ad46dd1bb1fbfd9b7f6a01b0a,1671577168104638308,6820278628230426292,11bc22737e7844953e0af7097f0f600516c32006a9414f464a8907f78809071a,1f0666b018ea1c892dd0e2aadba7bd854bfbf910773b58e27613980a68f9c453,True,False,pass,2250,36.96932137501426,593,0.7774317499715835,1337,62.03846983297262,87,4.063336459104903,227,0.04707049997523427,0.0025027499068528414,0.00010558392386883497,103.89823825086933,False,False,False,True,0.0,0.380662202835083,,0.0,1649,Reasoning bodies exclude closing-think; answer count includes terminal EOS. No pretence these bodies count inserted bridges.
atcoder/abc356_a,H10,1,10,225,f3d4102e1b2ea9fa95b25fae4e49853be78c532ad46dd1bb1fbfd9b7f6a01b0a,1671577168104638308,1417445003631291502,96816c34a7b2c8564a2723e0e1d98c05b9fc12f305d758696de5b9446df7134e,1059b5323543c396706970d60e6da0677347d5c6912e9f0bff14586d0fae56e4,True,False,pass,2250,36.96932137501426,593,0.7774317499715835,1337,62.03846983297262,523,24.94849870807957,2116,0.05011345900129527,0.0025088340044021606,0.00010558392386883497,124.7864495429676,False,False,False,True,0.0,0.3796563148498535,,0.0,2085,Reasoning bodies exclude closing-think; answer count includes terminal EOS. No pretence these bodies count inserted bridges.
atcoder/abc356_a,H10,2,10,225,f3d4102e1b2ea9fa95b25fae4e49853be78c532ad46dd1bb1fbfd9b7f6a01b0a,1671577168104638308,5283125148641258542,312b15ce53f4b085e76a8ef2598dbb4b94f891c40a52f0fa64196c77972a2b6f,44263306b3f2e8fb40ca3b1dd01d99586e3ead87e31bbc2475588847a502248d,True,False,pass,2250,36.96932137501426,593,0.7774317499715835,1337,62.03846983297262,87,4.112321000895463,227,0.049253584002144635,0.002421499928459525,0.00010558392386883497,103.9493246267084,False,False,False,True,0.0,0.3800017833709717,,0.0,1649,Reasoning bodies exclude closing-think; answer count includes terminal EOS. No pretence these bodies count inserted bridges.
atcoder/abc356_a,H25,0,25,562,f3d4102e1b2ea9fa95b25fae4e49853be78c532ad46dd1bb1fbfd9b7f6a01b0a,1671577168104638308,6820278628230426292,594a06976e07149d1ea058a46d66a943df8c69c78a8fd440acc34f5b964cc4f5,c91f91095b51cd59af3c53056d61caa817cb756a6f5dd6de6c84ccb162c11f6c,True,False,pass,2250,89.4819454579847,930,1.1543131669750437,1540,73.66622570797335,507,24.981135500012897,2149,0.04890812502708286,0.0028762919828295708,0.0001229170011356473,189.33552716695704,False,False,False,True,0.0,0.37744879722595215,,0.0,2609,Reasoning bodies exclude closing-think; answer count includes terminal EOS. No pretence these bodies count inserted bridges.
atcoder/abc356_a,H25,1,25,562,f3d4102e1b2ea9fa95b25fae4e49853be78c532ad46dd1bb1fbfd9b7f6a01b0a,1671577168104638308,1417445003631291502,cbe59232f90326cc50dd16dc8e2fd8658ec9222fdb9e1a70f4e401c573270dc0,fc9514bdf4c93b3269435994620bd4381dcb454539743f8bd50ecea759e6441a,True,False,pass,2250,89.4819454579847,930,1.1543131669750437,1540,73.66622570797335,78,3.8014771660091355,257,0.05212041700724512,0.003359416965395212,0.0001229170011356473,168.159564249916,False,False,False,True,0.0,0.380279541015625,,0.0,2180,Reasoning bodies exclude closing-think; answer count includes terminal EOS. No pretence these bodies count inserted bridges.
atcoder/abc356_a,H25,2,25,562,f3d4102e1b2ea9fa95b25fae4e49853be78c532ad46dd1bb1fbfd9b7f6a01b0a,1671577168104638308,5283125148641258542,a1b0281845faaeb24734c2ff39cf43eb9a87525b20e313ea44b5581545de3fef,2fe6428c4faf2a796acc1a763f9ac69f3a3aa29f0e3851c4df6821149afcccee,True,False,pass,2250,89.4819454579847,930,1.1543131669750437,1540,73.66622570797335,504,24.91494245803915,2133,0.05213004199322313,0.003997125080786645,0.0001229170011356473,189.27367687504739,False,False,False,True,0.0,0.3771226406097412,,0.0,2606,Reasoning bodies exclude closing-think; answer count includes terminal EOS. No pretence these bodies count inserted bridges.
atcoder/abc356_a,H50,0,50,1125,f3d4102e1b2ea9fa95b25fae4e49853be78c532ad46dd1bb1fbfd9b7f6a01b0a,1671577168104638308,6820278628230426292,4ef74211315b22656a3888e6634b938ae82293aadc4aa393116dc94bc1ec01af,18644be0049cb11eefcd488faf3630c5962b56ae06e45d65cf053272292bb21a,True,False,pass,2250,178.25341229100013,1493,1.8496866669738665,912,44.319979959051125,503,24.850468249991536,2158,0.048744583036750555,0.003231000038795173,0.00015233305748552084,249.3256750831497,False,False,False,True,0.0,0.3762805461883545,,0.0,2540,Reasoning bodies exclude closing-think; answer count includes terminal EOS. No pretence these bodies count inserted bridges.
atcoder/abc356_a,H50,1,50,1125,f3d4102e1b2ea9fa95b25fae4e49853be78c532ad46dd1bb1fbfd9b7f6a01b0a,1671577168104638308,1417445003631291502,4b0484e534313b73f44da916b6ebdf82108df7e292bce9a4358193c6604a24c8,ec6cfb1d90cc861d29b3777909c4ae4237d87a0faba3e19581f84ebe15f61dae,True,False,pass,2250,178.25341229100013,1493,1.8496866669738665,912,44.319979959051125,78,3.7805294170975685,257,0.051812333054840565,0.0032045000698417425,0.00015233305748552084,228.25877750030486,False,False,False,True,0.0,0.38516879081726074,,0.0,2115,Reasoning bodies exclude closing-think; answer count includes terminal EOS. No pretence these bodies count inserted bridges.
atcoder/abc356_a,H50,2,50,1125,f3d4102e1b2ea9fa95b25fae4e49853be78c532ad46dd1bb1fbfd9b7f6a01b0a,1671577168104638308,5283125148641258542,211021b367f973db0565844d2579f93e15aaea217332e47b2789ad1706f5c34c,3441a986c194690fceaa03cb7edd459fca92778fa61b981f8140a6c5322c8bce,True,False,pass,2250,178.25341229100013,1493,1.8496866669738665,912,44.319979959051125,506,24.881468749954365,2126,0.05204833298921585,0.0036264159716665745,0.00015233305748552084,249.36037474899786,False,False,False,True,0.0,0.38307833671569824,,0.0,2543,Reasoning bodies exclude closing-think; answer count includes terminal EOS. No pretence these bodies count inserted bridges.
atcoder/abc356_a,H75,0,75,1687,f3d4102e1b2ea9fa95b25fae4e49853be78c532ad46dd1bb1fbfd9b7f6a01b0a,1671577168104638308,6820278628230426292,b10814260d27923a3e806acf9b54defa3c199f536a62eabe9b7144486a6ed4a9,fa1ae2aa81e577ab6506c29c2bae5f79e22b26a90960287488bb1a95f6d6743e,True,False,pass,2250,267.8213176249992,2055,2.7636130419559777,516,25.523439333075657,78,3.827121749985963,229,0.048891249927692115,0.003372584003955126,0.0001835830044001341,299.98793916695286,False,False,False,True,0.0,0.37957048416137695,,0.0,2281,Reasoning bodies exclude closing-think; answer count includes terminal EOS. No pretence these bodies count inserted bridges.
atcoder/abc356_a,H75,1,75,1687,f3d4102e1b2ea9fa95b25fae4e49853be78c532ad46dd1bb1fbfd9b7f6a01b0a,1671577168104638308,1417445003631291502,c746fc5f50730393306c609b320e36140f588bfeba23b89b4eb7514da8096bd7,528c0ff64bcf13a2f6aa7e7e05508b61520378b614c3c49e1923a0dbaf2ed1fa,True,False,pass,2250,267.8213176249992,2055,2.7636130419559777,516,25.523439333075657,516,25.67884437495377,2064,0.05324137501884252,0.004012624965980649,0.0001835830044001341,321.84465195797384,False,False,False,True,0.0,0.3794746398925781,,0.0,2719,Reasoning bodies exclude closing-think; answer count includes terminal EOS. No pretence these bodies count inserted bridges.
atcoder/abc356_a,H75,2,75,1687,f3d4102e1b2ea9fa95b25fae4e49853be78c532ad46dd1bb1fbfd9b7f6a01b0a,1671577168104638308,5283125148641258542,d77644376d6d12ff72094ed1d5de5823e4d79f74bfe0baebfd2e86caf1efd6e1,003efc45a62faf060d6605b4d80e77a090efcf7dbccad02ce235fa80fee98827,True,False,pass,2250,267.8213176249992,2055,2.7636130419559777,516,25.523439333075657,78,3.828304999973625,229,0.052044874988496304,0.003782375017181039,0.0001835830044001341,299.99268583301455,False,False,False,True,0.0,0.37918853759765625,,0.0,2281,Reasoning bodies exclude closing-think; answer count includes terminal EOS. No pretence these bodies count inserted bridges.
atcoder/abc356_a,FULL_TEXT,0,100,2250,f3d4102e1b2ea9fa95b25fae4e49853be78c532ad46dd1bb1fbfd9b7f6a01b0a,,6820278628230426292,27ee0e7defe14ebd6d76fbb459210adbd7502984abee1f2fb9760a80bb05e193,ce3f6c348f621da13fd306c01ca2a28d9bab7d885de6481dca41d91e43e38409,True,False,pass,2250,358.4703060410102,2618,3.326534791965969,0,0.0,544,27.14854441699572,2178,0.05138066690415144,0.0034694999922066927,0.0002270418917760253,389.00046245876,False,False,False,True,0.0,0.3787853717803955,,0.0,2794,Reasoning bodies exclude closing-think; answer count includes terminal EOS. No pretence these bodies count inserted bridges.
atcoder/abc356_a,FULL_TEXT,1,100,2250,f3d4102e1b2ea9fa95b25fae4e49853be78c532ad46dd1bb1fbfd9b7f6a01b0a,,1417445003631291502,d8071c6adc0a22840e2b18d0f62fe9b20bad077d04a68f2ae29a8aeb53151306,5871be7a7dc6276a62da6510884f71c30373cbb25ee105cd8f8de690f6b74090,True,False,pass,2250,358.4703060410102,2618,3.326534791965969,0,0.0,78,3.813096750061959,229,0.051729667000472546,0.004206332960166037,0.0002270418917760253,365.66610062489053,False,False,False,True,0.0,0.37973856925964355,,0.0,2328,Reasoning bodies exclude closing-think; answer count includes terminal EOS. No pretence these bodies count inserted bridges.
atcoder/abc356_a,FULL_TEXT,2,100,2250,f3d4102e1b2ea9fa95b25fae4e49853be78c532ad46dd1bb1fbfd9b7f6a01b0a,,5283125148641258542,4163a0a9bc46dba290dcc55f6cf07fdba3a66571ef93cbf817d040f273d41cbd,f92225f232208c1cb97d6fe914d61e5a8781836deefb490c30d6e76ac5b8584f,True,False,pass,2250,358.4703060410102,2618,3.326534791965969,0,0.0,510,25.48861795803532,2100,0.05218033294659108,0.0035643751034513116,0.0002270418917760253,387.3414305409533,False,False,False,True,0.0,0.3801584243774414,,0.0,2760,Reasoning bodies exclude closing-think; answer count includes terminal EOS. No pretence these bodies count inserted bridges.
atcoder/abc356_a,LARGE_ONLY,0,,2250,f3d4102e1b2ea9fa95b25fae4e49853be78c532ad46dd1bb1fbfd9b7f6a01b0a,,231842922363010310,a705704c72cdb443b92f767f5f4ac896f3e82b71f6d527a8e119e30b952c0576,cf98370ae54d066deace426d4958a6d99df62abe25bce22f9be0cf01d44db009,True,False,pass,2250,358.4703060410102,0,0,0,0,78,12.423562917043455,229,0.1601566249737516,0.00683808303438127,0,371.0608636660618,False,False,False,True,0.0,0.37897205352783203,,0.0,2328,Reasoning bodies exclude closing-think; answer count includes terminal EOS. No pretence these bodies count inserted bridges.
atcoder/abc356_a,LARGE_ONLY,1,,2250,f3d4102e1b2ea9fa95b25fae4e49853be78c532ad46dd1bb1fbfd9b7f6a01b0a,,5659140403152314329,f5ae8689b5148e51657fe068b8ed8b75a71129b4c6d3f5f5738afeb979d44355,69eb630d834a9cfa5215ad788347829e575f255e795a158cbb3773bd649fb3a3,True,False,pass,2250,358.4703060410102,0,0,0,0,78,12.3917918340303,229,0.1625309159862809,0.009935917041730136,0,371.0345647080685,False,False,False,True,0.0,0.3787567615509033,,0.0,2328,Reasoning bodies exclude closing-think; answer count includes terminal EOS. No pretence these bodies count inserted bridges.
atcoder/abc356_a,LARGE_ONLY,2,,2250,f3d4102e1b2ea9fa95b25fae4e49853be78c532ad46dd1bb1fbfd9b7f6a01b0a,,8891181770819892252,1838b90e859156d21c3923ae02f2703f89d45662c30ae041bb161dd2a6c7c9fa,6a39016f83b3f915e59090d08f9d2ecd4b273faf6b5f7a67d259822fd7f565c9,True,False,pass,2250,358.4703060410102,0,0,0,0,78,12.386383998964448,229,0.16399479197571054,0.00855366699397564,0,371.0292384989443,False,False,False,True,0.0,0.3830990791320801,,0.0,2328,Reasoning bodies exclude closing-think; answer count includes terminal EOS. No pretence these bodies count inserted bridges.
atcoder/abc358_b,SMALL_ONLY,0,0,0,74d171127933f2be3a60be9f4215215335b46b137a7d5a53c07168d2b02cc735,3092112521426216464,260741283539059597,9483cae56e0c0105f7792dde860b8b058444ffd42e50b651fe32b08dc1c39de6,07f2cc674215db37853ab971a4bf1db2f61e8b9c5cdfe6a0ad9491c9cfdc4828,True,False,pass,1668,0.0,820,1.0252112090820447,1944,95.09481033298653,67,3.295837957994081,220,0.04937437491025776,0.0034584159730002284,9.91669949144125e-05,99.46879145794082,False,False,False,True,0.0,0.48889660835266113,,0.0,2011,Reasoning bodies exclude closing-think; answer count includes terminal EOS. No pretence these bodies count inserted bridges.
atcoder/abc358_b,SMALL_ONLY,1,0,0,74d171127933f2be3a60be9f4215215335b46b137a7d5a53c07168d2b02cc735,3092112521426216464,4785109685213087859,d81caca154e8ef39c56e048f9c66091d10646de9feac78fabd68e6331c8767fe,af6f00254d3e107dfbb87bb9b1b7a83eec8a65ab8539c3d9746f3d1907274310,True,False,pass,1668,0.0,820,1.0252112090820447,1944,95.09481033298653,67,3.295657375943847,220,0.05151808401569724,0.0036626249784603715,9.91669949144125e-05,99.47095879400149,False,False,False,True,0.0,0.4831278324127197,,0.0,2011,Reasoning bodies exclude closing-think; answer count includes terminal EOS. No pretence these bodies count inserted bridges.
atcoder/abc358_b,SMALL_ONLY,2,0,0,74d171127933f2be3a60be9f4215215335b46b137a7d5a53c07168d2b02cc735,3092112521426216464,4560559387051150218,c0b4ba31b272836eae5395df314a23b2b9343306bd57775d42f7f0ff98c4b508,4078919e57f4c44b6865f19a72a1e90c95342906b3cc388968a7cd0905fb3c60,True,False,pass,1668,0.0,820,1.0252112090820447,1944,95.09481033298653,67,3.2895645420067012,220,0.05249525001272559,0.0035868340637534857,9.91669949144125e-05,99.46576733514667,False,False,False,True,0.0,0.48169374465942383,,0.0,2011,Reasoning bodies exclude closing-think; answer count includes terminal EOS. No pretence these bodies count inserted bridges.
atcoder/abc358_b,H10,0,10,166,74d171127933f2be3a60be9f4215215335b46b137a7d5a53c07168d2b02cc735,3092112521426216464,260741283539059597,cabe4fb7fb022aba6e6af428724f1596d988c725c6f0f167cbfd050313e01c41,e6c931e0b90068c4e0e1f154c41d7f5b9a07343a969f7ff118a15d9761de4fb0,True,False,pass,1668,30.00407137500588,986,1.2207808329258114,1861,91.28368170803878,67,3.3116062919143587,220,0.049819333013147116,0.0035041249357163906,0.0001116669736802578,125.87357533280738,False,False,False,True,0.0,0.48546552658081055,,0.0,2094,Reasoning bodies exclude closing-think; answer count includes terminal EOS. No pretence these bodies count inserted bridges.
atcoder/abc358_b,H10,1,10,166,74d171127933f2be3a60be9f4215215335b46b137a7d5a53c07168d2b02cc735,3092112521426216464,4785109685213087859,e82485329bce9fa6c13664030be509b310baa5811d52a6457a0057631b7d0659,666ef670ad98797db95ae3fc955e13a013787247055aaf2226a513eab00900ac,True,False,pass,1668,30.00407137500588,986,1.2207808329258114,1861,91.28368170803878,67,3.3123201661510393,220,0.05369795800652355,0.0035227080807089806,0.0001116669736802578,125.87818641518243,False,False,False,True,0.0,0.4880683422088623,,0.0,2094,Reasoning bodies exclude closing-think; answer count includes terminal EOS. No pretence these bodies count inserted bridges.
atcoder/abc358_b,H10,2,10,166,74d171127933f2be3a60be9f4215215335b46b137a7d5a53c07168d2b02cc735,3092112521426216464,4560559387051150218,f4cc721c02f7ad9c6a354d7efc8779de7d9f66db4def48a02f7d3a516c323e16,3833efcc8d6350c8fb948f77d1f1f45e3166bc18dcd773d8239348a72a1ca05f,True,False,pass,1668,30.00407137500588,986,1.2207808329258114,1861,91.28368170803878,67,3.3032656660070643,220,0.05248287494760007,0.0032146250596269965,0.0001116669736802578,125.86760874895845,False,False,False,True,0.0,0.48490142822265625,,0.0,2094,Reasoning bodies exclude closing-think; answer count includes terminal EOS. No pretence these bodies count inserted bridges.
atcoder/abc358_b,H25,0,25,417,74d171127933f2be3a60be9f4215215335b46b137a7d5a53c07168d2b02cc735,3092112521426216464,260741283539059597,e81330f72939460b8001b336e40343497eb0679a0ae16412430c258873ceab08,87b7adfb22b9bc2b3bb137713ae3f90bd7b0f82069062bb4138b64812961a9d5,True,False,pass,1668,69.52929558302276,1237,1.5548734579933807,1806,89.40390608308371,67,3.351649041986093,220,0.05029745807405561,0.0037980410270392895,0.0001265830360352993,163.89394624822307,False,False,False,True,0.0,0.4805870056152344,,0.0,2290,Reasoning bodies exclude closing-think; answer count includes terminal EOS. No pretence these bodies count inserted bridges.
atcoder/abc358_b,H25,1,25,417,74d171127933f2be3a60be9f4215215335b46b137a7d5a53c07168d2b02cc735,3092112521426216464,4785109685213087859,3986449d52f27811a623be023c08abf7db3ddd3c8ab36a097421d4d8ec817342,5d83fd7f611a6890299e5963c62b6f967807736240ce7ebfff6513357f819b3c,True,False,pass,1668,69.52929558302276,1237,1.5548734579933807,1806,89.40390608308371,67,3.357477291021496,220,0.05312404199503362,0.0038394168950617313,0.0001265830360352993,163.90264245704748,False,False,False,True,0.0,0.48245859146118164,,0.0,2290,Reasoning bodies exclude closing-think; answer count includes terminal EOS. No pretence these bodies count inserted bridges.
atcoder/abc358_b,H25,2,25,417,74d171127933f2be3a60be9f4215215335b46b137a7d5a53c07168d2b02cc735,3092112521426216464,4560559387051150218,2002cc3297bd39229e59099913988a4d03dddd62aff3ff6a72f0be4e8c8db598,2af4c7cb8dab17f53d4393425b61891980bfb94eebcb4a1b0b3903f35983dbe7,True,False,pass,1668,69.52929558302276,1237,1.5548734579933807,1806,89.40390608308371,67,3.357107792980969,220,0.05382304103113711,0.003345416975207627,0.0001265830360352993,163.9024779581232,False,False,False,True,0.0,0.48639535903930664,,0.0,2290,Reasoning bodies exclude closing-think; answer count includes terminal EOS. No pretence these bodies count inserted bridges.
atcoder/abc358_b,H50,0,50,834,74d171127933f2be3a60be9f4215215335b46b137a7d5a53c07168d2b02cc735,3092112521426216464,260741283539059597,44b5e74db4f5ff99d30e403a0e5a61311c2f3e3f1621d1ff94e9d7da57bc5c75,ab6e4e0f2fc3afcc2ffde023f3a22a2045ba83c1b824b39f19c41e7a8a448568,True,False,pass,1668,135.58693666703766,1654,2.073649458005093,936,46.315207417006604,71,3.486487290938385,260,0.048288083053193986,0.0033806670689955354,0.00016295805107802153,187.514112541161,False,False,False,True,0.0,0.48295068740844727,,0.0,1841,Reasoning bodies exclude closing-think; answer count includes terminal EOS. No pretence these bodies count inserted bridges.
atcoder/abc358_b,H50,1,50,834,74d171127933f2be3a60be9f4215215335b46b137a7d5a53c07168d2b02cc735,3092112521426216464,4785109685213087859,9cf9c6da7a54e245bc0a7797dcc864e6d363fe511ba1dc46a29a1d3a0696c72c,b778ed4800ebff309142ad238ad895f77f3866e802922cff9fb7cdabb6f4b493,True,False,pass,1668,135.58693666703766,1654,2.073649458005093,936,46.315207417006604,71,3.4552611251128837,260,0.05261404195334762,0.0034998750779777765,0.00016295805107802153,187.48733154224465,False,False,False,True,0.0,0.48269104957580566,,0.0,1841,Reasoning bodies exclude closing-think; answer count includes terminal EOS. No pretence these bodies count inserted bridges.
atcoder/abc358_b,H50,2,50,834,74d171127933f2be3a60be9f4215215335b46b137a7d5a53c07168d2b02cc735,3092112521426216464,4560559387051150218,65c65f8cb7d6fc095812144f546e0c568361a5f9923e054b1f3433d3a394f695,e92d33db17b71507e59a3612555c37b1843ae3a298d08a75ad1f49826104d974,True,False,pass,1668,135.58693666703766,1654,2.073649458005093,936,46.315207417006604,71,3.4845870840363204,260,0.05161504202987999,0.0036589999217540026,0.00016295805107802153,187.5158176260884,False,False,False,True,0.0,0.4870147705078125,,0.0,1841,Reasoning bodies exclude closing-think; answer count includes terminal EOS. No pretence these bodies count inserted bridges.
atcoder/abc358_b,H75,0,75,1251,74d171127933f2be3a60be9f4215215335b46b137a7d5a53c07168d2b02cc735,3092112521426216464,260741283539059597,c2d370b4ac1485764763338b9c75229020f77374722c75a176ea1eabcb51853a,30d98c41267a5db3bab9fafa39fbd07e80c6496ae7d8a98a37cb2ddecc6c5603,True,False,pass,1668,202.10748679202516,2071,2.6307134580565616,1093,54.71001012506895,71,3.546641334076412,260,0.05036224995274097,0.003854457987472415,0.00018325005657970905,263.04925166722387,False,False,False,True,0.0,0.4843151569366455,,0.0,2415,Reasoning bodies exclude closing-think; answer count includes terminal EOS. No pretence these bodies count inserted bridges.
atcoder/abc358_b,H75,1,75,1251,74d171127933f2be3a60be9f4215215335b46b137a7d5a53c07168d2b02cc735,3092112521426216464,4785109685213087859,db190de98ff3c33d62a7a8b94840f9a4bc23257c666966c7b44daa28b4a6afd4,fccbf9f111f7d63be69f42a03a8b50465c07de8528f3da6c73a9065621b2d752,True,False,pass,1668,202.10748679202516,2071,2.6307134580565616,1093,54.71001012506895,71,3.554577457951382,261,0.05374012503307313,0.004539291956461966,0.00018325005657970905,263.06125050014816,False,False,False,True,0.0,0.484572172164917,,0.0,2415,Reasoning bodies exclude closing-think; answer count includes terminal EOS. No pretence these bodies count inserted bridges.
atcoder/abc358_b,H75,2,75,1251,74d171127933f2be3a60be9f4215215335b46b137a7d5a53c07168d2b02cc735,3092112521426216464,4560559387051150218,7f46d7745aa3d673286cc21ec5d3cc64b6ce6cd230f984037dbc0f0c1cc8a3d2,79fa2d12cf7fd12b92af630c1092f9ce3866e39b3461c53a3281951afff87f68,True,False,pass,1668,202.10748679202516,2071,2.6307134580565616,1093,54.71001012506895,71,3.5573879580479115,260,0.05269245896488428,0.003654291038401425,0.00018325005657970905,263.06212833325844,False,False,False,True,0.0,0.48842597007751465,,0.0,2415,Reasoning bodies exclude closing-think; answer count includes terminal EOS. No pretence these bodies count inserted bridges.
atcoder/abc358_b,FULL_TEXT,0,100,1668,74d171127933f2be3a60be9f4215215335b46b137a7d5a53c07168d2b02cc735,,260741283539059597,d7358b5ff9788d217220184b09c84c34114b05b8696340de67750a6549a49194,48cbeaf789c23cc7eac22a0fcae53fa07eea6ff3ff33903b49d3616f722a5acf,True,False,pass,1668,269.177228375047,2488,3.1117054999340326,0,0.0,476,23.802830459084362,2276,0.05041320901364088,0.003344708005897701,0.0002048340393230319,296.14572708512424,False,False,False,True,0.0,0.48128366470336914,,0.0,2144,Reasoning bodies exclude closing-think; answer count includes terminal EOS. No pretence these bodies count inserted bridges.
atcoder/abc358_b,FULL_TEXT,1,100,1668,74d171127933f2be3a60be9f4215215335b46b137a7d5a53c07168d2b02cc735,,4785109685213087859,851b161ed49e0b4d8ba997f5b352c7bdebdf2caae9c1ab9fb653b3353a880baa,7b180223495ddc8cdc2911ec4806b4afe4cd23375ca6bad7fe0c962d3a510680,True,False,pass,1668,269.177228375047,2488,3.1117054999340326,0,0.0,506,25.292262792005204,2459,0.05175066599622369,0.004136999952606857,0.0002048340393230319,297.63728916697437,False,False,False,True,0.0,0.48023557662963867,,0.0,2174,Reasoning bodies exclude closing-think; answer count includes terminal EOS. No pretence these bodies count inserted bridges.
atcoder/abc358_b,FULL_TEXT,2,100,1668,74d171127933f2be3a60be9f4215215335b46b137a7d5a53c07168d2b02cc735,,4560559387051150218,11553fc5cbc755126715263d581ccadf867fa240b7a49ec505e161f5d6414216,f4205c48179273fb2a9f4d43e87b4b60f85abf85d74952ea574e3d7386b99af8,True,False,pass,1668,269.177228375047,2488,3.1117054999340326,0,0.0,479,23.918968667043373,2272,0.0512282500276342,0.0032249579671770334,0.0002048340393230319,296.2625605840585,False,False,False,True,0.0,0.4798870086669922,,0.0,2147,Reasoning bodies exclude closing-think; answer count includes terminal EOS. No pretence these bodies count inserted bridges.
atcoder/abc358_b,LARGE_ONLY,0,,1668,74d171127933f2be3a60be9f4215215335b46b137a7d5a53c07168d2b02cc735,,6791985709274573954,52a1c94f8d7ab9c6b3209f44d1e61050ddf1925d8081aad67673b9692ed7f1c7,df87d285235691cc41a4a89b693e6a3be026021ba876ee298d2a1e7a14a6c304,True,False,pass,1668,269.177228375047,0,0,0,0,71,11.27040062402375,260,0.15834433399140835,0.005230500013567507,0,280.6112038330757,False,False,False,True,0.0,0.4806835651397705,,0.0,1739,Reasoning bodies exclude closing-think; answer count includes terminal EOS. No pretence these bodies count inserted bridges.
atcoder/abc358_b,LARGE_ONLY,1,,1668,74d171127933f2be3a60be9f4215215335b46b137a7d5a53c07168d2b02cc735,,6347102378072303757,1934408c710e26a956afdaf031d5e7b4b2eea66189f99654af95b7312dc8359c,799a870dea27f763a26034ec1d287da31ae2667de56a0ea44c61bb97460e89aa,True,False,pass,1668,269.177228375047,0,0,0,0,517,83.41986279300181,2437,0.16351387498434633,0.007110457983799279,0,352.76771550101694,False,False,False,True,0.0,0.478604793548584,,0.0,2185,Reasoning bodies exclude closing-think; answer count includes terminal EOS. No pretence these bodies count inserted bridges.
atcoder/abc358_b,LARGE_ONLY,2,,1668,74d171127933f2be3a60be9f4215215335b46b137a7d5a53c07168d2b02cc735,,1967947978196092607,093b6833aa0747c43bba031435a1021b952a805ca9dc153d36c143958034fd5c,210bd0d7a0efcb315c92c8d67b6d6e8e3707d5016459ca71dad0804688e5999e,True,False,pass,1668,269.177228375047,0,0,0,0,432,69.61836766602937,2063,0.1631878330372274,0.007646541984286159,0,338.96643041609786,False,False,False,True,0.0,0.47907471656799316,,0.0,2100,Reasoning bodies exclude closing-think; answer count includes terminal EOS. No pretence these bodies count inserted bridges.
leetcode/3511,SMALL_ONLY,0,0,0,ef73d4e37643ed4231a78bd6ed88f743b125a890cc8fdcc10b74459d5d83ed9c,1530390128750063973,6875416061020798843,5749e2ff13eda177720e2edab63d2f4c80a81e3b31fc54c121ffe1ac46913d94,2f82df3011511100920a9d774e95ed72db6d21eb143315179ad6fc5db88eab2b,True,False,pass,2893,0.0,309,0.3978625829331577,3378,166.64384012494702,507,26.208124250057153,1905,0.05160462495405227,0.0065252919448539615,8.450006134808064e-05,193.30804137489758,False,False,False,True,0.0,1.1561143398284912,,0.0,3885,Reasoning bodies exclude closing-think; answer count includes terminal EOS. No pretence these bodies count inserted bridges.
leetcode/3511,SMALL_ONLY,1,0,0,ef73d4e37643ed4231a78bd6ed88f743b125a890cc8fdcc10b74459d5d83ed9c,1530390128750063973,24009080436711423,516ef89d80be8918c26de07f52a9e6afee1768dc90e327588d7b773de45c9867,f40b8a39993d2c61e227cb36b8692a2897b2b1a988d6fcf51a45a3341ca62d3b,True,False,pass,2893,0.0,309,0.3978625829331577,3378,166.64384012494702,451,23.29737554199528,1666,0.05371966597158462,0.019417124916799366,8.450006134808064e-05,190.4122995408252,False,False,False,True,0.0,1.159571886062622,,0.0,3829,Reasoning bodies exclude closing-think; answer count includes terminal EOS. No pretence these bodies count inserted bridges.
leetcode/3511,SMALL_ONLY,2,0,0,ef73d4e37643ed4231a78bd6ed88f743b125a890cc8fdcc10b74459d5d83ed9c,1530390128750063973,2330210147585966279,26e78ccf1c13405d175652eed2d57653ad2f6ae3e356721ab4ea879eea2ccefa,a072ca3f4e615e7e91d7152587c660aa9a9e9f3e8e6124f5f1cab951005ec8b2,True,False,pass,2893,0.0,309,0.3978625829331577,3378,166.64384012494702,503,26.006076582940295,1952,0.055494166910648346,0.018833833979442716,8.450006134808064e-05,193.1221917917719,False,False,False,True,0.0,1.3163738250732422,,0.0,3881,Reasoning bodies exclude closing-think; answer count includes terminal EOS. No pretence these bodies count inserted bridges.
leetcode/3511,H10,0,10,289,ef73d4e37643ed4231a78bd6ed88f743b125a890cc8fdcc10b74459d5d83ed9c,1530390128750063973,6875416061020798843,117bb0d91d70be5bb33a654a2c0765ad25c992d7ddc830cc5d1ef35e3ddeb2a4,94665af0928dc3c764c57b2e5580f1968f0ae6d00b1ac8f589a92c57171e00a2,True,False,pass,2893,46.4632874999661,598,0.7809002499561757,2931,144.97791862499435,548,28.30584666703362,2180,0.050269957981072366,0.003896083915606141,0.00010441697668284178,220.5822235008236,False,False,False,True,0.0,1.3333024978637695,,0.0,3768,Reasoning bodies exclude closing-think; answer count includes terminal EOS. No pretence these bodies count inserted bridges.
leetcode/3511,H10,1,10,289,ef73d4e37643ed4231a78bd6ed88f743b125a890cc8fdcc10b74459d5d83ed9c,1530390128750063973,24009080436711423,730a09552125fdea706e61f6f8c194b0dfdd1ad6404461c7ff8e47d66f67b25b,a86d5ffe8b69c37ad0ac4ffe97b4cf9cdc0c8619d9d48dd99a8e4e3d3cb656e9,True,False,pass,2893,46.4632874999661,598,0.7809002499561757,2931,144.97791862499435,571,29.44516591692809,2171,0.05441545799840242,0.006414459086954594,0.00010441697668284178,221.72820662590675,False,False,False,True,0.0,1.2797837257385254,,0.0,3791,Reasoning bodies exclude closing-think; answer count includes terminal EOS. No pretence these bodies count inserted bridges.
leetcode/3511,H10,2,10,289,ef73d4e37643ed4231a78bd6ed88f743b125a890cc8fdcc10b74459d5d83ed9c,1530390128750063973,2330210147585966279,1d8a5c44b73cd91c39ccafcce7a186251933375e0c98bf9b6a4ead7e3ee85e37,20825007e4ed0f86237819f83395793c95daea67b6ded6a12a2e55425684a446,True,False,pass,2893,46.4632874999661,598,0.7809002499561757,2931,144.97791862499435,554,28.552690292010084,2093,0.05373387492727488,0.007885291939601302,0.00010441697668284178,220.83652025077026,False,False,False,True,0.0,1.2843270301818848,,0.0,3774,Reasoning bodies exclude closing-think; answer count includes terminal EOS. No pretence these bodies count inserted bridges.
leetcode/3511,H25,0,25,723,ef73d4e37643ed4231a78bd6ed88f743b125a890cc8fdcc10b74459d5d83ed9c,1530390128750063973,6875416061020798843,cf5d0313de210f139daf1956652d36bb4cd85e47dab36d2bec60d14fbf5faece,f79e653db7aa96338f1462b4439bee9f987726797cc38ac03668aed8e239a56c,True,False,pass,2893,114.31960891699418,1032,1.4645603330573067,2674,133.352950416971,520,26.92795987497084,1906,0.05120116600301117,0.004437666037119925,0.00018033292144536972,276.1208987069549,False,False,False,True,0.0,1.1500680446624756,,0.0,3917,Reasoning bodies exclude closing-think; answer count includes terminal EOS. No pretence these bodies count inserted bridges.
leetcode/3511,H25,1,25,723,ef73d4e37643ed4231a78bd6ed88f743b125a890cc8fdcc10b74459d5d83ed9c,1530390128750063973,24009080436711423,f0da3f913042c5498e5ebd509d63ed160700f979461409a69fbaede730dfb6af,29800d85e9d90693215a49f29b382bd4bfa44f32740aa8804a9f7cee4ec8fc47,True,False,pass,2893,114.31960891699418,1032,1.4645603330573067,2674,133.352950416971,574,29.683351209037937,2142,0.054053666070103645,0.007779959007166326,0.00018033292144536972,278.88248483405914,False,False,False,True,0.0,1.1498188972473145,,0.0,3971,Reasoning bodies exclude closing-think; answer count includes terminal EOS. No pretence these bodies count inserted bridges.
leetcode/3511,H25,2,25,723,ef73d4e37643ed4231a78bd6ed88f743b125a890cc8fdcc10b74459d5d83ed9c,1530390128750063973,2330210147585966279,48b64980b7e84986a54a5e19401a2ab59253120150929510fb66c1528823337c,6054edc575967b6627caf09ab0774a365561eaea51dc5fc8d783ffc756590290,True,False,pass,2893,114.31960891699418,1032,1.4645603330573067,2674,133.352950416971,541,27.969352374901064,2108,0.053192917024716735,0.006308124982751906,0.00018033292144536972,277.16615341685247,False,False,False,True,0.0,1.1868979930877686,,0.0,3938,Reasoning bodies exclude closing-think; answer count includes terminal EOS. No pretence these bodies count inserted bridges.
leetcode/3511,H50,0,50,1446,ef73d4e37643ed4231a78bd6ed88f743b125a890cc8fdcc10b74459d5d83ed9c,1530390128750063973,6875416061020798843,a60f40192cbb52af10810eac89c0f683b0582b9cfb34ab44caad6d063bb53b0d,657c648604f56ff5c1061e097d928ae969e440fd5405dae0cecaa07bd05d08a5,True,False,pass,2893,229.0404905419564,1755,2.2005420840578154,1286,64.08402629103512,492,24.9899328739848,1917,0.051074499962851405,0.00367450003977865,0.00018320896197110415,320.3699239999987,False,False,False,True,0.0,1.1759016513824463,,0.0,3224,Reasoning bodies exclude closing-think; answer count includes terminal EOS. No pretence these bodies count inserted bridges.
leetcode/3511,H50,1,50,1446,ef73d4e37643ed4231a78bd6ed88f743b125a890cc8fdcc10b74459d5d83ed9c,1530390128750063973,24009080436711423,fa528af3114df177c97906440946104c5fe6abda699be1e3203edd06392d2a8a,d3215caefc2c096d333c2fcb0e09e02d16c956349c6b24f321bd1a7f66effc2a,True,False,pass,2893,229.0404905419564,1755,2.2005420840578154,1286,64.08402629103512,482,24.45997508300934,1813,0.05409350001718849,0.0037780420389026403,0.00018320896197110415,319.8430887510767,False,False,False,True,0.0,1.1820712089538574,,0.0,3214,Reasoning bodies exclude closing-think; answer count includes terminal EOS. No pretence these bodies count inserted bridges.
leetcode/3511,H50,2,50,1446,ef73d4e37643ed4231a78bd6ed88f743b125a890cc8fdcc10b74459d5d83ed9c,1530390128750063973,2330210147585966279,a999045ac4dafc1f9656fb7bd2fd0ea551e7c1cf2642599d816c7353626d34bf,a6d01852175bc3470859415da8844da2e7849549dcf31481527f6125054b2404,True,False,pass,2893,229.0404905419564,1755,2.2005420840578154,1286,64.08402629103512,493,25.022311041131616,1856,0.05280766589567065,0.004566916963085532,0.00018320896197110415,320.40492775000166,False,False,False,True,0.0,1.184410572052002,,0.0,3225,Reasoning bodies exclude closing-think; answer count includes terminal EOS. No pretence these bodies count inserted bridges.
leetcode/3511,H75,0,75,2169,ef73d4e37643ed4231a78bd6ed88f743b125a890cc8fdcc10b74459d5d83ed9c,1530390128750063973,6875416061020798843,9926184bf1dcc1de67298efcc8de1f44a04480d9ed18845843e4d0d51afbff21,044129e774500bbce28e8c6a57c99c88d57632c30ccfc9dac28014d5383239b4,True,False,pass,2893,345.07571349997306,2478,3.1001595000270754,1045,52.76661508297548,514,26.497220456949435,2014,0.04973479197360575,0.004229667014442384,0.00023145799059420824,427.4939044569037,False,False,False,True,0.0,1.1873376369476318,,0.0,3728,Reasoning bodies exclude closing-think; answer count includes terminal EOS. No pretence these bodies count inserted bridges.
leetcode/3511,H75,1,75,2169,ef73d4e37643ed4231a78bd6ed88f743b125a890cc8fdcc10b74459d5d83ed9c,1530390128750063973,24009080436711423,6d78d03601a6624faf365f50530296d786fc04214e1dc8ab2168fc8cb3803747,806512826c8aedf1aa43c8219e4353d399e4027faf124ea6db8969659e62c119,True,False,pass,2893,345.07571349997306,2478,3.1001595000270754,1045,52.76661508297548,489,25.16268608404789,1828,0.053579207975417376,0.008162709069438279,0.00023145799059420824,426.16714754205896,False,False,False,True,0.0,1.1907966136932373,,0.0,3703,Reasoning bodies exclude closing-think; answer count includes terminal EOS. No pretence these bodies count inserted bridges.
leetcode/3511,H75,2,75,2169,ef73d4e37643ed4231a78bd6ed88f743b125a890cc8fdcc10b74459d5d83ed9c,1530390128750063973,2330210147585966279,7ffc3b96582d3ac771ec8bedf11f0839651f5981b244db5d271b15499009ff65,15aab0449650ad8112c90cf4252241263d2dedaad9bf9f95f69234d2ce05e7ad,True,False,pass,2893,345.07571349997306,2478,3.1001595000270754,1045,52.76661508297548,519,26.918659584014677,2065,0.05350112495943904,0.006287124939262867,0.00023145799059420824,427.9211673748796,False,False,False,True,0.0,1.1935851573944092,,0.0,3733,Reasoning bodies exclude closing-think; answer count includes terminal EOS. No pretence these bodies count inserted bridges.
leetcode/3511,FULL_TEXT,0,100,2893,ef73d4e37643ed4231a78bd6ed88f743b125a890cc8fdcc10b74459d5d83ed9c,,6875416061020798843,1dcab115b7f2f84a5efcb6564716cdf5b0dbf077e175367d2da033aa412a6f0e,bb8bdad14e322459801086958101b5414cf38f7bbb30ed26d533cb2db071ed2b,True,False,pass,2893,462.7883702079416,3202,4.131220374954864,0,0.0,502,25.6082294160733,1968,0.05238879204262048,0.004155833972617984,0.00027308298740535975,492.58463770797243,False,False,False,True,0.0,1.1864988803863525,,0.0,3395,Reasoning bodies exclude closing-think; answer count includes terminal EOS. No pretence these bodies count inserted bridges.
leetcode/3511,FULL_TEXT,1,100,2893,ef73d4e37643ed4231a78bd6ed88f743b125a890cc8fdcc10b74459d5d83ed9c,,24009080436711423,fa00049dd5a59767c8103856cd72ae41ff6d0fe02669cc85d9977ed746b9fd5d,5d9d98f728ff708e4317e2f2ef2a1d85e68f5da24300a8d567244888cc5ed227,True,False,pass,2893,462.7883702079416,3202,4.131220374954864,0,0.0,478,24.348124583018944,1884,0.053318666061386466,0.003907833946868777,0.00027308298740535975,491.3252147489111,False,False,False,True,0.0,1.1804757118225098,,0.0,3371,Reasoning bodies exclude closing-think; answer count includes terminal EOS. No pretence these bodies count inserted bridges.
leetcode/3511,FULL_TEXT,2,100,2893,ef73d4e37643ed4231a78bd6ed88f743b125a890cc8fdcc10b74459d5d83ed9c,,2330210147585966279,1eb2f455dcd51d17cfab8c7991918dc5d53f0bc9ba26883eeac0a21dbfb67aae,3d575427601eeb1dbd8818da7f59fafeb6692388ee88c7655cfde076e6965725,True,False,pass,2893,462.7883702079416,3202,4.131220374954864,0,0.0,481,24.54564629192464,1845,0.05323433398734778,0.0037841249722987413,0.00027308298740535975,491.5225284167682,False,False,False,True,0.0,1.1840226650238037,,0.0,3374,Reasoning bodies exclude closing-think; answer count includes terminal EOS. No pretence these bodies count inserted bridges.
leetcode/3511,LARGE_ONLY,0,,2893,ef73d4e37643ed4231a78bd6ed88f743b125a890cc8fdcc10b74459d5d83ed9c,,7696620689626404350,dd16c953d403b9885cb1e879d01273f3ea899b3a8ff29bed78052bf0c62a3649,298ae4a003e52cfd7e470c18632fc47b2a47adc24029a8369428bbed5e36e681,True,False,pass,2893,462.7883702079416,0,0,0,0,488,79.88282399898162,1940,0.16328787500970066,0.00887883297400549,0,542.843360914907,False,False,False,True,0.0,1.1938304901123047,,0.0,3381,Reasoning bodies exclude closing-think; answer count includes terminal EOS. No pretence these bodies count inserted bridges.
leetcode/3511,LARGE_ONLY,1,,2893,ef73d4e37643ed4231a78bd6ed88f743b125a890cc8fdcc10b74459d5d83ed9c,,8465351585112349028,7ecd35fc5850c9cb84d1e2d072556e950f7e8259f2de44c5521010f1c251ba54,22dfaec90cdfba2807e598330d8454d481e0a8c4da7a2147bf5781d0f45899ce,True,False,pass,2893,462.7883702079416,0,0,0,0,448,73.19023370899959,1752,0.16522841597907245,0.02344454196281731,0,536.1672768748831,False,False,False,True,0.0,1.197723627090454,,0.0,3341,Reasoning bodies exclude closing-think; answer count includes terminal EOS. No pretence these bodies count inserted bridges.
leetcode/3511,LARGE_ONLY,2,,2893,ef73d4e37643ed4231a78bd6ed88f743b125a890cc8fdcc10b74459d5d83ed9c,,2863481225117348204,0c34f472ae45a912d9da44626d9cb6d44c6ebc8511b3a7794dfb27ed9fb51065,d6c6b88bb00f0526d82b06dba93ff389b2a0579af324be679834f5d4f663579f,True,False,pass,2893,462.7883702079416,0,0,0,0,445,72.70998170902021,1739,0.16573945904383436,0.017720417003147304,0,535.6818117930088,False,False,False,True,0.0,1.175704002380371,,0.0,3338,Reasoning bodies exclude closing-think; answer count includes terminal EOS. No pretence these bodies count inserted bridges.
atcoder/abc359_a,SMALL_ONLY,0,0,0,0f136ad7dec216fa0dd1041c8a37c98ea2094f8677688fda99fac7cea96ee386,7289452653437880599,5876383104350307639,c66b9f4ad5c6bdc93fbf179b3762bf882329d34fc3d9f1263ed2597e69a98598,36c94c07e3166e6d77a96c0fa13904687ce585bae1deba0755871374b9eb2e9f,True,False,pass,1032,0.0,368,0.46516862499993294,1165,55.77111379208509,47,2.2435934169916436,142,0.048782499972730875,0.003521458012983203,6.550003308802843e-05,58.53224529209547,False,False,False,True,0.0,0.2937946319580078,,0.0,1212,Reasoning bodies exclude closing-think; answer count includes terminal EOS. No pretence these bodies count inserted bridges.
atcoder/abc359_a,SMALL_ONLY,1,0,0,0f136ad7dec216fa0dd1041c8a37c98ea2094f8677688fda99fac7cea96ee386,7289452653437880599,2638737152440795005,8a244eb4bf9665bcb3c3e6bb8b22e9cc8a012aed8e9b2249133862177359bbe7,4b2d91d96b8ab3a2fc519a9d1de35803b0f6e2604fddf170747b645e724a2624,True,False,pass,1032,0.0,368,0.46516862499993294,1165,55.77111379208509,47,2.2345992090413347,142,0.04943800007458776,0.00567020894959569,6.550003308802843e-05,58.52605533518363,False,False,False,True,0.0,0.2950246334075928,,0.0,1212,Reasoning bodies exclude closing-think; answer count includes terminal EOS. No pretence these bodies count inserted bridges.
atcoder/abc359_a,SMALL_ONLY,2,0,0,0f136ad7dec216fa0dd1041c8a37c98ea2094f8677688fda99fac7cea96ee386,7289452653437880599,8692877862360426765,5cbfdc1f4c575d02c33c259e2c12e7af87298b604e583d40375cf76073b0e25a,afa0e97de7c44d7fd57583fa8a4a159da14c82a0b200c027df06328e336280ec,True,False,pass,1032,0.0,368,0.46516862499993294,1165,55.77111379208509,47,2.2412909580161795,142,0.05208674992900342,0.004884083056822419,6.550003308802843e-05,58.534609708120115,False,False,False,True,0.0,0.29650402069091797,,0.0,1212,Reasoning bodies exclude closing-think; answer count includes terminal EOS. No pretence these bodies count inserted bridges.
atcoder/abc359_a,H10,0,10,103,0f136ad7dec216fa0dd1041c8a37c98ea2094f8677688fda99fac7cea96ee386,7289452653437880599,5876383104350307639,c62c0feced2ebb9367e5dbe833f5b116d533a1b0f14556d3fe3552da23f123c1,0b9c172244d1f3459cacd073189fcb05b2b26c348acf19c8288cae64fb88c876,True,False,pass,1032,17.898012584017124,471,0.5964045420987532,2305,112.58459545799997,79,3.9140594580676407,270,0.04905962501652539,0.003447083057835698,6.741704419255257e-05,135.04564616730204,False,False,False,True,0.0,0.2931370735168457,,0.0,2487,Reasoning bodies exclude closing-think; answer count includes terminal EOS. No pretence these bodies count inserted bridges.
atcoder/abc359_a,H10,1,10,103,0f136ad7dec216fa0dd1041c8a37c98ea2094f8677688fda99fac7cea96ee386,7289452653437880599,2638737152440795005,c1f166ed27b39453c5aedc6e6cd56e017a677818b46b21a4eae55a474f7996db,7e0510cc1934306bc34d19e0f13a7700e55642aaebbc596f6a913aa75fcf53df,True,False,pass,1032,17.898012584017124,471,0.5964045420987532,2305,112.58459545799997,354,17.805678499978967,1512,0.05267041700426489,0.004311416065320373,6.741704419255257e-05,148.9417403342086,False,False,False,True,0.0,0.2935523986816406,,0.0,2762,Reasoning bodies exclude closing-think; answer count includes terminal EOS. No pretence these bodies count inserted bridges.
atcoder/abc359_a,H10,2,10,103,0f136ad7dec216fa0dd1041c8a37c98ea2094f8677688fda99fac7cea96ee386,7289452653437880599,8692877862360426765,ffdeba10f21aea1cbd840bf3ab274ae5911a0288afe8309d3d825cee5c11b25f,b3da4cb531454bd0d33ed0a4c59eeef1db4756665348e14ee591592f92cd5b26,True,False,pass,1032,17.898012584017124,471,0.5964045420987532,2305,112.58459545799997,386,19.47069724998437,1666,0.052697209059260786,0.0034729999024420977,6.741704419255257e-05,150.6059474601061,False,False,False,True,0.0,0.29218363761901855,,0.0,2794,Reasoning bodies exclude closing-think; answer count includes terminal EOS. No pretence these bodies count inserted bridges.
atcoder/abc359_a,H25,0,25,258,0f136ad7dec216fa0dd1041c8a37c98ea2094f8677688fda99fac7cea96ee386,7289452653437880599,5876383104350307639,b309595c3418a2dc17b1bdd3ae48b2b9487d0b62e91c8545d151dc1af97a7ea4,23f5ac46f577904574860d735b8032cc8d778f7a7f4c81f30670b4d19bc55d0d,True,False,pass,1032,42.03603529196698,626,0.8108092499896884,804,38.49818295799196,45,2.137984166969545,134,0.048374083009548485,0.0026605420280247927,8.037500083446503e-05,83.53412666695658,False,False,False,True,0.0,0.2925741672515869,,0.0,1107,Reasoning bodies exclude closing-think; answer count includes terminal EOS. No pretence these bodies count inserted bridges.
atcoder/abc359_a,H25,1,25,258,0f136ad7dec216fa0dd1041c8a37c98ea2094f8677688fda99fac7cea96ee386,7289452653437880599,2638737152440795005,ce30a326b4fc573a0d2a677530c3d4ced79a84b8a08991961216ed71345e34a5,d94a7d5dac226e7e9c7b049eba5208487ddabc83b16d5520f73c6c7be215535f,True,False,pass,1032,42.03603529196698,626,0.8108092499896884,804,38.49818295799196,45,2.1418483330635354,134,0.05110887507908046,0.0030292500741779804,8.037500083446503e-05,83.54109433316626,False,False,False,True,0.0,0.29097914695739746,,0.0,1107,Reasoning bodies exclude closing-think; answer count includes terminal EOS. No pretence these bodies count inserted bridges.
atcoder/abc359_a,H25,2,25,258,0f136ad7dec216fa0dd1041c8a37c98ea2094f8677688fda99fac7cea96ee386,7289452653437880599,8692877862360426765,3be116d89a4969f4f74c5897b0c7143ae774371608f539ec1a9d8dd4efff9ea8,fa5f4059e5a7a3bd021dca1183e8c93c76113ff465c86eb713cfc6a91f6ef72d,True,False,pass,1032,42.03603529196698,626,0.8108092499896884,804,38.49818295799196,45,2.1316401249496266,134,0.050656208069995046,0.0030485830502584577,8.037500083446503e-05,83.53045279101934,False,False,False,True,0.0,0.2924978733062744,,0.0,1107,Reasoning bodies exclude closing-think; answer count includes terminal EOS. No pretence these bodies count inserted bridges.
atcoder/abc359_a,H50,0,50,516,0f136ad7dec216fa0dd1041c8a37c98ea2094f8677688fda99fac7cea96ee386,7289452653437880599,5876383104350307639,df9c5bf16ba2e204d7e223ad6f0648fc8d21dc8fdac3077c8fca91d7b2e853dd,3816a5f1eeb9aca679bfaf41888e35bc8db4c64497c2dd5d52fe59893fd1c0cf,True,False,pass,1032,82.32038079196354,884,1.0937855000374839,364,17.46794754092116,47,2.22321791597642,142,0.04869016690645367,0.0026006660191342235,9.616592433303595e-05,103.15671874774853,False,False,False,True,0.0,0.2912766933441162,,0.0,927,Reasoning bodies exclude closing-think; answer count includes terminal EOS. No pretence these bodies count inserted bridges.
atcoder/abc359_a,H50,1,50,516,0f136ad7dec216fa0dd1041c8a37c98ea2094f8677688fda99fac7cea96ee386,7289452653437880599,2638737152440795005,2892ea2f1fe6c65e0d77cedc2591f88a0a2cdb09efa25630e4f8c4fc3fa5ab08,51fe789d95e71a7823fa9ebad64bee4f0c274bb453ea575286667a902dd958af,True,False,pass,1032,82.32038079196354,884,1.0937855000374839,364,17.46794754092116,47,2.2252400839934126,142,0.0506666669389233,0.002877584076486528,9.616592433303595e-05,103.16099433385534,False,False,False,True,0.0,0.293687105178833,,0.0,927,Reasoning bodies exclude closing-think; answer count includes terminal EOS. No pretence these bodies count inserted bridges.
atcoder/abc359_a,H50,2,50,516,0f136ad7dec216fa0dd1041c8a37c98ea2094f8677688fda99fac7cea96ee386,7289452653437880599,8692877862360426765,968dc3838f7a91704da747619960c5028db5711aa9d78162e12497da766a73e7,204552b5f46f34543a2f2c5db35c0f58afecdd06861b9a9cb04cbbf2d0986973,True,False,pass,1032,82.32038079196354,884,1.0937855000374839,364,17.46794754092116,47,2.221093749976717,142,0.05069275002460927,0.002482249983586371,9.616592433303595e-05,103.15647874883143,False,False,False,True,0.0,0.2917499542236328,,0.0,927,Reasoning bodies exclude closing-think; answer count includes terminal EOS. No pretence these bodies count inserted bridges.
atcoder/abc359_a,H75,0,75,774,0f136ad7dec216fa0dd1041c8a37c98ea2094f8677688fda99fac7cea96ee386,7289452653437880599,5876383104350307639,1ce3805b3dc8f427864047238b5c8e9234d8ff98e6a190eff6c63f007fb8297d,59219fecdcab0822d1edb1888b3fb91d67cfd1960f43200c667f80443641841f,True,False,pass,1032,122.9118348750053,1142,1.4316038750112057,375,18.153424583026208,45,2.1504162510391325,134,0.04806295805610716,0.0026386670069769025,0.0001206669257953763,144.69810187607072,False,False,False,True,0.0,0.29401397705078125,,0.0,1194,Reasoning bodies exclude closing-think; answer count includes terminal EOS. No pretence these bodies count inserted bridges.
atcoder/abc359_a,H75,1,75,774,0f136ad7dec216fa0dd1041c8a37c98ea2094f8677688fda99fac7cea96ee386,7289452653437880599,2638737152440795005,97aea9817487d42d9eb634664899b8f2572f90db18c0558c1ecb1fee59537840,b1a11858fab73d6aa70b92ffc701a65bd4ceb8bd7750009201dad6c5f39ba00b,True,False,pass,1032,122.9118348750053,1142,1.4316038750112057,375,18.153424583026208,45,2.1444659578846768,134,0.05165354092605412,0.0033774999901652336,0.0001206669257953763,144.6964809987694,False,False,False,True,0.0,0.291309118270874,,0.0,1194,Reasoning bodies exclude closing-think; answer count includes terminal EOS. No pretence these bodies count inserted bridges.
atcoder/abc359_a,H75,2,75,774,0f136ad7dec216fa0dd1041c8a37c98ea2094f8677688fda99fac7cea96ee386,7289452653437880599,8692877862360426765,945c48e7ef239e2b4be2178915b01b0e3b6f17b98e5b25bbf7e56ae829e76521,7080e0dbbe419d2d0e9a63309034522ad74ee3ffee9b407dbadf022817ba1fd6,True,False,pass,1032,122.9118348750053,1142,1.4316038750112057,375,18.153424583026208,45,2.1446407500188798,134,0.05129433306865394,0.002697041956707835,0.0001206669257953763,144.69561612501275,False,False,False,True,0.0,0.29532766342163086,,0.0,1194,Reasoning bodies exclude closing-think; answer count includes terminal EOS. No pretence these bodies count inserted bridges.
atcoder/abc359_a,FULL_TEXT,0,100,1032,0f136ad7dec216fa0dd1041c8a37c98ea2094f8677688fda99fac7cea96ee386,,5876383104350307639,e941ee7183df0206074602d33634dd78dd7dcbdc340f15af580b48a2db20d434,02b717d115f2aca77f1ba051edc525ccb55d48e340bcf312e19515f36b87bf95,True,False,pass,1032,163.905224624963,1400,1.7215825830353424,0,0.0,45,2.1380532500334084,134,0.04922754201106727,0.0028914589202031493,0.0001384579809382558,167.81711791694397,False,False,False,True,0.0,0.2979927062988281,,0.0,1077,Reasoning bodies exclude closing-think; answer count includes terminal EOS. No pretence these bodies count inserted bridges.
atcoder/abc359_a,FULL_TEXT,1,100,1032,0f136ad7dec216fa0dd1041c8a37c98ea2094f8677688fda99fac7cea96ee386,,2638737152440795005,90a01e81f6c41593e01308a371d3d8f77fff731054fa169cdae7bdf31675deb8,2db67625e65da6b94ce92de9dbd8c14903ba45c9b83ea2cd5116e80a9c3b7c50,True,False,pass,1032,163.905224624963,1400,1.7215825830353424,0,0.0,45,2.137445125146769,134,0.05200075008906424,0.003391625010408461,0.0001384579809382558,167.81978316622553,False,False,False,True,0.0,0.29392051696777344,,0.0,1077,Reasoning bodies exclude closing-think; answer count includes terminal EOS. No pretence these bodies count inserted bridges.
atcoder/abc359_a,FULL_TEXT,2,100,1032,0f136ad7dec216fa0dd1041c8a37c98ea2094f8677688fda99fac7cea96ee386,,8692877862360426765,a953cfa64b7c22bfc570452d9d4fe4c4f3b71966b421a8106a72f244d53e99fd,2a05f84f8b88dadd41f67179b3e4ba56b4f488e35f12c3bf05d2cebe8af6e825,True,False,pass,1032,163.905224624963,1400,1.7215825830353424,0,0.0,45,2.1372539160074666,134,0.05023895809426904,0.0027177080046385527,0.0001384579809382558,167.81715624808567,False,False,False,True,0.0,0.29345107078552246,,0.0,1077,Reasoning bodies exclude closing-think; answer count includes terminal EOS. No pretence these bodies count inserted bridges.
atcoder/abc359_a,LARGE_ONLY,0,,1032,0f136ad7dec216fa0dd1041c8a37c98ea2094f8677688fda99fac7cea96ee386,,5309377182541276591,1e9ca753c391fcf6ff4aeaf0cac4cedb0d5a874c1be53e3ee1552d070eab05f7,68067fc315bfe5d1600beef6851a5cfb7bf3b3eeef214cb834021a05e1d0245c,True,False,pass,1032,163.905224624963,0,0,0,0,45,6.980258125986438,134,0.15791724994778633,0.004461625008843839,0,171.04786162590608,False,False,False,True,0.0,0.2937138080596924,,0.0,1077,Reasoning bodies exclude closing-think; answer count includes terminal EOS. No pretence these bodies count inserted bridges.
atcoder/abc359_a,LARGE_ONLY,1,,1032,0f136ad7dec216fa0dd1041c8a37c98ea2094f8677688fda99fac7cea96ee386,,2945024424444961314,bdfc72b1106a3892ebb33d393eacd8380444017590d4531af47a6f3e6652d850,76233c960eab4f00af57ea273d050d661efdb49fe12652858c41b1f5ed124924,True,False,pass,1032,163.905224624963,0,0,0,0,45,6.966642917017452,134,0.16032120899762958,0.004684749990701675,0,171.0368735009688,False,False,False,True,0.0,0.293102502822876,,0.0,1077,Reasoning bodies exclude closing-think; answer count includes terminal EOS. No pretence these bodies count inserted bridges.
atcoder/abc359_a,LARGE_ONLY,2,,1032,0f136ad7dec216fa0dd1041c8a37c98ea2094f8677688fda99fac7cea96ee386,,974645196155770913,47eb96100c1a185f6d39a022e400fc5d4eeb3eb0f10e9c36f98ba5c0d079a5a3,c0e949144e7342ddf3afb8fc4170bb3a66e9a8aceb7ea4c838630b2ae7a83bc3,True,False,pass,1032,163.905224624963,0,0,0,0,45,6.972410375019535,134,0.16083795798476785,0.0037553749862127006,0,171.04222833295353,False,False,False,True,0.0,0.2927727699279785,,0.0,1077,Reasoning bodies exclude closing-think; answer count includes terminal EOS. No pretence these bodies count inserted bridges.
leetcode/3412,SMALL_ONLY,0,0,0,26538573127342c03438639252f12998e5060887cc8f7336af5db14d6b5e3516,8831006983320237183,2260110841576998935,579513809d4aa596faa24ce683f20f86d72d0b28ecd96a7799eef725a3c4ca2e,a249f56e2e1b82e97c750a85e7b172e9d9f2cecfabf630ca155ed5ae5a44911f,True,False,pass,1143,0.0,430,0.5436903330264613,1536,74.05694899999071,478,23.686216542031616,2139,0.04863954207394272,0.0029630829812958837,6.5250089392066e-05,98.33852375019342,False,False,False,True,0.0,0.8512108325958252,,0.0,2014,Reasoning bodies exclude closing-think; answer count includes terminal EOS. No pretence these bodies count inserted bridges.
leetcode/3412,SMALL_ONLY,1,0,0,26538573127342c03438639252f12998e5060887cc8f7336af5db14d6b5e3516,8831006983320237183,5615520473092371576,0f1bb740fbdcc438ffdf39d0d51b20e5f1df6064b85b8797b4e19acc718c7bc2,9a5d5fd85676b4d98f20e5ebb3c18c80f2e909483927d43e2e5e539aec211518,True,False,pass,1143,0.0,430,0.5436903330264613,1536,74.05694899999071,425,21.072931873961352,1946,0.05234483303502202,0.0030898749828338623,6.5250089392066e-05,95.72907116508577,False,False,False,True,0.0,0.8509824275970459,,0.0,1961,Reasoning bodies exclude closing-think; answer count includes terminal EOS. No pretence these bodies count inserted bridges.
leetcode/3412,SMALL_ONLY,2,0,0,26538573127342c03438639252f12998e5060887cc8f7336af5db14d6b5e3516,8831006983320237183,5767210801934057673,78a47ffffaaf207498a17d5595d70d83e6b76e5078f25de4b0e588e4b3344a81,c6ad9958f558790fc09507c1bc9c91b647e56f4bc0d6e0031d348a4e1e425519,True,False,pass,1143,0.0,430,0.5436903330264613,1536,74.05694899999071,460,22.76577070809435,2065,0.052310041966848075,0.003061334020458162,6.5250089392066e-05,97.42184666718822,False,False,False,True,0.0,0.8729932308197021,,0.0,1996,Reasoning bodies exclude closing-think; answer count includes terminal EOS. No pretence these bodies count inserted bridges.
leetcode/3412,H10,0,10,114,26538573127342c03438639252f12998e5060887cc8f7336af5db14d6b5e3516,8831006983320237183,2260110841576998935,48e466c90b5c5003394072647470da9b2053f03aad4c14eb0f51e5e4f3614ad0,9bd3509a6b6708883f2d6d344d2faaabd45d3c6fa96f93e18d64c23b808a47ce,True,False,pass,1143,19.916730666998774,544,0.80390395806171,996,47.78251512499992,438,21.41377170907799,2059,0.04794258298352361,0.0028828339418396354,7.499998901039362e-05,89.96782187605277,False,False,False,True,0.0,0.8679242134094238,,0.0,1548,Reasoning bodies exclude closing-think; answer count includes terminal EOS. No pretence these bodies count inserted bridges.
leetcode/3412,H10,1,10,114,26538573127342c03438639252f12998e5060887cc8f7336af5db14d6b5e3516,8831006983320237183,5615520473092371576,f0476ea3bbd36e1937b99536f5f8ade2bbf6bb43c80c8c91a1c9743d09d4ddd2,7ab96dfa21b64eef08c54891a28109203a355108f4ea051698a55d24559688d6,True,False,pass,1143,19.916730666998774,544,0.80390395806171,996,47.78251512499992,414,20.151866540894844,1932,0.0507194580277428,0.0026803750079125166,7.499998901039362e-05,88.70849112397991,False,False,False,True,0.0,0.8556878566741943,,0.0,1524,Reasoning bodies exclude closing-think; answer count includes terminal EOS. No pretence these bodies count inserted bridges.
leetcode/3412,H10,2,10,114,26538573127342c03438639252f12998e5060887cc8f7336af5db14d6b5e3516,8831006983320237183,5767210801934057673,c89c03eb63fa5a9e87c543f69fe470d888fab4aaaec5550aa723cd91add17a53,0fff35a0c3ef06a1a4dd62f60e67d871d9233d620ca7b99679e2802c88e4e7c8,True,False,pass,1143,19.916730666998774,544,0.80390395806171,996,47.78251512499992,454,22.200103873969056,2073,0.05166291701607406,0.0026917499490082264,7.499998901039362e-05,90.75768329098355,False,False,False,True,0.0,0.8527133464813232,,0.0,1564,Reasoning bodies exclude closing-think; answer count includes terminal EOS. No pretence these bodies count inserted bridges.
leetcode/3412,H25,0,25,285,26538573127342c03438639252f12998e5060887cc8f7336af5db14d6b5e3516,8831006983320237183,2260110841576998935,3350c5adbc2cab03bb967235baf11722c10fe0bfbe4d7ce157a0b21727395a10,fd2fbe02db708eb104b1ff0635f088c69058f396f110ba6de6a99747fde7dcab,True,False,pass,1143,46.56989120802609,715,0.911982125020586,1024,49.346026916988194,421,20.705033375998028,1905,0.047601541969925165,0.0027876660460606217,8.883303962647915e-05,117.58341166708851,False,False,False,True,0.0,0.8653209209442139,,0.0,1730,Reasoning bodies exclude closing-think; answer count includes terminal EOS. No pretence these bodies count inserted bridges.
leetcode/3412,H25,1,25,285,26538573127342c03438639252f12998e5060887cc8f7336af5db14d6b5e3516,8831006983320237183,5615520473092371576,fdbdce27887ee0ce57526602b299319b7748b17171d1e863ddf2018b7364a0e6,e59642548321b261511b6f690b6a0c2d68c07744958be674faf5581be7327ea9,True,False,pass,1143,46.56989120802609,715,0.911982125020586,1024,49.346026916988194,417,20.50598112505395,1881,0.05183758295606822,0.0027983339969068766,8.883303962647915e-05,117.38860612508142,False,False,False,True,0.0,0.8687689304351807,,0.0,1726,Reasoning bodies exclude closing-think; answer count includes terminal EOS. No pretence these bodies count inserted bridges.
leetcode/3412,H25,2,25,285,26538573127342c03438639252f12998e5060887cc8f7336af5db14d6b5e3516,8831006983320237183,5767210801934057673,4953660ea82e9c6def2a4c01e205fa390183ee43d8f9f59d5769fbb274b05e8c,ad808de3baf5d867dd30900e2e90534fe2cb22c092e3b3c5842b88f1165c9502,True,False,pass,1143,46.56989120802609,715,0.911982125020586,1024,49.346026916988194,435,21.383367541944608,1971,0.051201915950514376,0.0024908329360187054,8.883303962647915e-05,118.26504937390564,False,False,False,True,0.0,0.8694322109222412,,0.0,1744,Reasoning bodies exclude closing-think; answer count includes terminal EOS. No pretence these bodies count inserted bridges.
leetcode/3412,H50,0,50,571,26538573127342c03438639252f12998e5060887cc8f7336af5db14d6b5e3516,8831006983320237183,2260110841576998935,f04e469146c4e54d475a631ccbd1ac3f89f4c0bf9e78304cb0fcec91d299dc2b,1b4a6e57083bfc31f7b4938cc06b27339a1838caf366817276f37a6e406d1617,True,False,pass,1143,91.31065391702577,1001,1.229286750080064,541,26.177575415931642,415,20.221557833021507,1882,0.04750520794186741,0.0027446249732747674,0.00010845903307199478,138.9894322080072,False,False,False,True,0.0,0.8614568710327148,,0.0,1527,Reasoning bodies exclude closing-think; answer count includes terminal EOS. No pretence these bodies count inserted bridges.
leetcode/3412,H50,1,50,571,26538573127342c03438639252f12998e5060887cc8f7336af5db14d6b5e3516,8831006983320237183,5615520473092371576,66be13ab6f4b28f45149bce93d348c7cfcff297e5864fc40740559c74dc114ce,3601a8e6071c241f1ff0b4b73e5751c7f0053be13b3dc076b4f200f43d80086e,True,False,pass,1143,91.31065391702577,1001,1.229286750080064,541,26.177575415931642,400,19.475150875048712,1854,0.05082354205660522,0.0026997089153155684,0.00010845903307199478,138.24629866809119,False,False,False,True,0.0,0.8565773963928223,,0.0,1512,Reasoning bodies exclude closing-think; answer count includes terminal EOS. No pretence these bodies count inserted bridges.
leetcode/3412,H50,2,50,571,26538573127342c03438639252f12998e5060887cc8f7336af5db14d6b5e3516,8831006983320237183,5767210801934057673,9a616484672d3ef8f22c69509ec0bb8b434225c8fe4a23018d641ba511c220e9,972f708a9da7e945067e583c76b364444f41caf40d0803d768b92e642041f2bd,True,False,pass,1143,91.31065391702577,1001,1.229286750080064,541,26.177575415931642,442,21.57658170792274,2012,0.05145529191941023,0.0026657090056687593,0.00010845903307199478,140.34832725091837,False,False,False,True,0.0,0.8629915714263916,,0.0,1554,Reasoning bodies exclude closing-think; answer count includes terminal EOS. No pretence these bodies count inserted bridges.
leetcode/3412,H75,0,75,857,26538573127342c03438639252f12998e5060887cc8f7336af5db14d6b5e3516,8831006983320237183,2260110841576998935,8f5d28eba4835f21ba36371a6371c17c917f9fee3e6cde15a65166873de709f8,71a745b2c8e94da48b37d46de86c57fadcf648d4b6a9722228f1b9bba031ffa3,True,False,pass,1143,136.4716958749923,1287,1.6404017920140177,484,23.52356666594278,440,21.695175625034608,2011,0.047883458086289465,0.0029424589592963457,0.00011749996338039637,183.38178337499266,False,False,False,True,0.0,0.8603096008300781,,0.0,1781,Reasoning bodies exclude closing-think; answer count includes terminal EOS. No pretence these bodies count inserted bridges.
leetcode/3412,H75,1,75,857,26538573127342c03438639252f12998e5060887cc8f7336af5db14d6b5e3516,8831006983320237183,5615520473092371576,09318c1ed179a199e42c5f7bf722e8f9eaaac045cb221a60fba5707d6b91be74,3976ab92667b9a2b2d21395245b98416337f2d288cd5ea780aac92b15a8f03d8,True,False,pass,1143,136.4716958749923,1287,1.6404017920140177,484,23.52356666594278,429,21.125421208096668,1941,0.05097216600552201,0.002828666940331459,0.00011749996338039637,182.815003873955,False,False,False,True,0.0,0.8609035015106201,,0.0,1770,Reasoning bodies exclude closing-think; answer count includes terminal EOS. No pretence these bodies count inserted bridges.
leetcode/3412,H75,2,75,857,26538573127342c03438639252f12998e5060887cc8f7336af5db14d6b5e3516,8831006983320237183,5767210801934057673,3bdd78fe92fec6a108bae8072324529f5dea9b18a0e890bac059689b9197f03b,4ade81ba0459a1ca011823c4a0474070895f34e26746bf601db20f99ece8794b,True,False,pass,1143,136.4716958749923,1287,1.6404017920140177,484,23.52356666594278,455,22.392974584014155,1956,0.051568708033300936,0.0029299999587237835,0.00011749996338039637,184.08325512491865,False,False,False,True,0.0,0.8563861846923828,,0.0,1796,Reasoning bodies exclude closing-think; answer count includes terminal EOS. No pretence these bodies count inserted bridges.
leetcode/3412,FULL_TEXT,0,100,1143,26538573127342c03438639252f12998e5060887cc8f7336af5db14d6b5e3516,,2260110841576998935,bb635d783a560479eb2f24c409d575292b335555243ca2578c43b797d549dd3e,fd78121398a95bbe4205e2102163599d996c6be0f5b8f13f80ecf472c7a729cb,True,False,pass,1143,182.06818070804002,1573,2.0380632920423523,0,0.0,463,22.542420624988154,2102,0.05043333407957107,0.0027514169923961163,0.00015295809134840965,206.70200233423384,False,False,False,True,0.0,0.8497860431671143,,0.0,1606,Reasoning bodies exclude closing-think; answer count includes terminal EOS. No pretence these bodies count inserted bridges.
leetcode/3412,FULL_TEXT,1,100,1143,26538573127342c03438639252f12998e5060887cc8f7336af5db14d6b5e3516,,5615520473092371576,9b7b800c0c718bf405cafec6de52fee146a724d4cc06f584aa51d3ef931cd3db,2ba7e328c9ab86a93f7d38f2c182b8ecc3d586c884013b8197cf1828b2f4832d,True,False,pass,1143,182.06818070804002,1573,2.0380632920423523,0,0.0,417,20.306128500029445,1875,0.051235874998383224,0.0035077499924227595,0.00015295809134840965,204.46726908319397,False,False,False,True,0.0,0.8637163639068604,,0.0,1560,Reasoning bodies exclude closing-think; answer count includes terminal EOS. No pretence these bodies count inserted bridges.
leetcode/3412,FULL_TEXT,2,100,1143,26538573127342c03438639252f12998e5060887cc8f7336af5db14d6b5e3516,,5767210801934057673,5d025134f3e396a7778985a2322a70c2a360ea0f24bfa9cebf971e83165a20f4,79178346dd8d43718f1c805731c43e7b07268bdee3f4b0537528c55820e96595,True,False,pass,1143,182.06818070804002,1573,2.0380632920423523,0,0.0,428,20.860450873849913,1976,0.05184954195283353,0.003077500034123659,0.00015295809134840965,205.0217748740106,False,False,False,True,0.0,0.8702552318572998,,0.0,1571,Reasoning bodies exclude closing-think; answer count includes terminal EOS. No pretence these bodies count inserted bridges.
leetcode/3412,LARGE_ONLY,0,,1143,26538573127342c03438639252f12998e5060887cc8f7336af5db14d6b5e3516,,1375710375512262117,b095632bd82cd373f81b096beba49907972243def90a74befd7e4c7bc03161de,b4d728c60b573c2860c49dd1c87c1e04a0c9b3461192e5d96ac7866a1485e265,True,False,pass,1143,182.06818070804002,0,0,0,0,418,66.59566891699797,2017,0.15681337501155213,0.004456542024854571,0,248.8251195420744,False,False,False,True,0.0,0.8594622611999512,,0.0,1561,Reasoning bodies exclude closing-think; answer count includes terminal EOS. No pretence these bodies count inserted bridges.
leetcode/3412,LARGE_ONLY,1,,1143,26538573127342c03438639252f12998e5060887cc8f7336af5db14d6b5e3516,,644237695347671078,64f68e5319d984dab21794c392049b6d3e6b79df0df007ea1ad3bc562a0a57b2,e7d9f4f97c5ec71832a66a3749c2a7d26e45d89b5c0bab48729179fbda7312ef,True,False,pass,1143,182.06818070804002,0,0,0,0,409,65.05241024994757,1982,0.1610579999978654,0.003904665994923562,0,247.28555362398038,False,False,False,True,0.0,0.8638253211975098,,0.0,1552,Reasoning bodies exclude closing-think; answer count includes terminal EOS. No pretence these bodies count inserted bridges.
leetcode/3412,LARGE_ONLY,2,,1143,26538573127342c03438639252f12998e5060887cc8f7336af5db14d6b5e3516,,4319270618966229073,c6011f7bb476455f0841f797b9a546eb98a38e650e3016258d165c6b61bfe473,576d2a4e42f94d39af169fa23f5151d7e810bfac79b54588b0911dba25e35886,True,False,pass,1143,182.06818070804002,0,0,0,0,432,68.70200945902616,2046,0.1608954170369543,0.004286459006834775,0,250.93537204310996,False,False,False,True,0.0,0.8636047840118408,,0.0,1575,Reasoning bodies exclude closing-think; answer count includes terminal EOS. No pretence these bodies count inserted bridges.
atcoder/abc349_a,SMALL_ONLY,0,0,0,69f855156f9644d7c43c8d9da9004bb4dfd378ef49242540b612e8fd16ee012c,295778886764233580,3345505649923020072,8f00aff716ee4a477067acb3b189b653e23bb9c0667b7641b0b46fe70daeee9f,0943f91fdbb193e5ee03af5d4a125a8343d24d3c0e798eba337e5e21b72645d4,True,False,pass,860,0.0,578,0.7697309999493882,630,30.14202866598498,30,1.4030381659977138,97,0.0479268750641495,0.002577084000222385,7.629208266735077e-05,32.36537808307912,False,False,False,True,0.0,0.21052956581115723,,0.0,660,Reasoning bodies exclude closing-think; answer count includes terminal EOS. No pretence these bodies count inserted bridges.
atcoder/abc349_a,SMALL_ONLY,1,0,0,69f855156f9644d7c43c8d9da9004bb4dfd378ef49242540b612e8fd16ee012c,295778886764233580,1004118323191957320,a1ad42ca5b33a7ef6043ee8af45c3901e8f511f503624ec0ea9c434f7398011b,5263ba4de1f2116585aa8fc28e84da43474a8adbd0dca01eb9932935e27d9303,True,False,pass,860,0.0,578,0.7697309999493882,630,30.14202866598498,30,1.4014340840512887,97,0.050527833052910864,0.003056459012441337,7.629208266735077e-05,32.36685433413368,False,False,False,True,0.0,0.2104473114013672,,0.0,660,Reasoning bodies exclude closing-think; answer count includes terminal EOS. No pretence these bodies count inserted bridges.
atcoder/abc349_a,SMALL_ONLY,2,0,0,69f855156f9644d7c43c8d9da9004bb4dfd378ef49242540b612e8fd16ee012c,295778886764233580,954650428780799722,1b36f66c6e18d2623d5035693e0edab2cb5593644a662d9cc11abfc968358423,9615adf81018784c04d320d1cc4d42000e98cf8818b86bed8690d54340484410,True,False,pass,860,0.0,578,0.7697309999493882,630,30.14202866598498,30,1.3967748750001192,97,0.05082187498919666,0.0025202499236911535,7.629208266735077e-05,32.36195295793004,False,False,False,True,0.0,0.2102978229522705,,0.0,660,Reasoning bodies exclude closing-think; answer count includes terminal EOS. No pretence these bodies count inserted bridges.
atcoder/abc349_a,H10,0,10,86,69f855156f9644d7c43c8d9da9004bb4dfd378ef49242540b612e8fd16ee012c,295778886764233580,3345505649923020072,00816daf9bf29d440915a260aa2c25240aa0b2dc7cabef91bf51501ab47e4b17,4c1c4046d37ba120a37087627023b77a188c0ccb94a4f6b1248491f1c64a0b23,True,False,pass,860,16.368245001067407,664,0.8566812910139561,676,32.42062604194507,361,17.545420584036037,1569,0.04837533400859684,0.00268120807595551,7.991702295839787e-05,67.24210937716998,False,False,False,True,0.0,0.21064329147338867,,0.0,1123,Reasoning bodies exclude closing-think; answer count includes terminal EOS. No pretence these bodies count inserted bridges.
atcoder/abc349_a,H10,1,10,86,69f855156f9644d7c43c8d9da9004bb4dfd378ef49242540b612e8fd16ee012c,295778886764233580,1004118323191957320,a17277a1ddaeb4d53904b9069511535d49e2856f506db2deae16f9c07a0890f6,5ea3d93e88e20fefab3f6f109b858d7c655bf566c955ae32def1a39fc72d7d59,True,False,pass,860,16.368245001067407,664,0.8566812910139561,676,32.42062604194507,358,17.354370206943713,1576,0.0513217500410974,0.003338041016831994,7.991702295839787e-05,67.05466224905103,False,False,False,True,0.0,0.2093958854675293,,0.0,1120,Reasoning bodies exclude closing-think; answer count includes terminal EOS. No pretence these bodies count inserted bridges.
atcoder/abc349_a,H10,2,10,86,69f855156f9644d7c43c8d9da9004bb4dfd378ef49242540b612e8fd16ee012c,295778886764233580,954650428780799722,80a5dc1ba33e87d6a6dc77effc52d2f798287bf6770a5d34295970bc64397307,e70147391a92b031bbf55e6fb77ff8bb3e0ddfdd1485812efd64e6b038dcc3b5,True,False,pass,860,16.368245001067407,664,0.8566812910139561,676,32.42062604194507,370,17.969545332947746,1577,0.050746917026117444,0.003268625005148351,7.991702295839787e-05,67.6691931260284,False,False,False,True,0.0,0.21140003204345703,,0.0,1132,Reasoning bodies exclude closing-think; answer count includes terminal EOS. No pretence these bodies count inserted bridges.
atcoder/abc349_a,H25,0,25,215,69f855156f9644d7c43c8d9da9004bb4dfd378ef49242540b612e8fd16ee012c,295778886764233580,3345505649923020072,17b4f39684c7b13a3b6f392322f53a720599c21bf6e4adc5b3d56befeaf4086c,ff5ded253e0a73e2c07611c5b9c0ac9a53b0413ccf063138452fd107d23db799,True,False,pass,860,36.49833558406681,793,1.021263875067234,674,32.45695279096253,34,1.6102906659943983,107,0.04739483294542879,0.0027076249243691564,9.479199070483446e-05,71.63704016595148,False,False,False,True,0.0,0.21135687828063965,,0.0,923,Reasoning bodies exclude closing-think; answer count includes terminal EOS. No pretence these bodies count inserted bridges.
atcoder/abc349_a,H25,1,25,215,69f855156f9644d7c43c8d9da9004bb4dfd378ef49242540b612e8fd16ee012c,295778886764233580,1004118323191957320,1bec89e09bf9b438e032de8bc2aef5314a80f2b0e2eceba79a952df8b997e161,96cbb4d865b284d259c66ebcf8292b870f72a45c877409a3293a498184b9de89,True,False,pass,860,36.49833558406681,793,1.021263875067234,674,32.45695279096253,34,1.6083974170032889,107,0.051653583999723196,0.0026287920773029327,9.479199070483446e-05,71.6393268351676,False,False,False,True,0.0,0.2116105556488037,,0.0,923,Reasoning bodies exclude closing-think; answer count includes terminal EOS. No pretence these bodies count inserted bridges.
atcoder/abc349_a,H25,2,25,215,69f855156f9644d7c43c8d9da9004bb4dfd378ef49242540b612e8fd16ee012c,295778886764233580,954650428780799722,2c7dff491063fbd16d03298dacbee9eb606422e97e64bbc5418471f488742031,4fd419ff21bf27d419ea414495e935633a04612ceaa35afd2808fd9cad6088e6,True,False,pass,860,36.49833558406681,793,1.021263875067234,674,32.45695279096253,34,1.6118597909808159,107,0.05090420809574425,0.003183000022545457,9.479199070483446e-05,71.64259404118638,False,False,False,True,0.0,0.20978498458862305,,0.0,923,Reasoning bodies exclude closing-think; answer count includes terminal EOS. No pretence these bodies count inserted bridges.
atcoder/abc349_a,H50,0,50,430,69f855156f9644d7c43c8d9da9004bb4dfd378ef49242540b612e8fd16ee012c,295778886764233580,3345505649923020072,ff5b93e8a6253ed1b30661c98c8d28e9d0ea3b587dd92414e3933717d21294b7,d070f9ec1664041feda5ea845f8202c2785771a13e84a6e33c64db2cfa759e0f,True,False,pass,860,70.15502908406779,1008,1.2329996669432148,535,25.934165208018385,34,1.6073203328996897,107,0.0487708339933306,0.0027078749844804406,0.00011741695925593376,98.98111041786615,False,False,False,True,0.0,0.20954585075378418,,0.0,999,Reasoning bodies exclude closing-think; answer count includes terminal EOS. No pretence these bodies count inserted bridges.
atcoder/abc349_a,H50,1,50,430,69f855156f9644d7c43c8d9da9004bb4dfd378ef49242540b612e8fd16ee012c,295778886764233580,1004118323191957320,d84b6c4396841245b6683085cf85d9c8ed9b7ff2579627aed5c5640472e6ae66,8eebd38bc8fb502eb77104aff049ecda03f9eb3d997b8dcad8fe928d89e5ba39,True,False,pass,860,70.15502908406779,1008,1.2329996669432148,535,25.934165208018385,34,1.6122198749799281,107,0.05129183304961771,0.003175582969561219,0.00011741695925593376,98.98899866698775,False,False,False,True,0.0,0.2090756893157959,,0.0,999,Reasoning bodies exclude closing-think; answer count includes terminal EOS. No pretence these bodies count inserted bridges.
atcoder/abc349_a,H50,2,50,430,69f855156f9644d7c43c8d9da9004bb4dfd378ef49242540b612e8fd16ee012c,295778886764233580,954650428780799722,a948f8576ea8c2baf0952e39d1490b0e6b65abc8f05391b88d5311f1b70930d6,2d73b4d73383d87740897023d3e43fb0e35c6362f576d6a390bf75b04c386750,True,False,pass,860,70.15502908406779,1008,1.2329996669432148,535,25.934165208018385,34,1.608872624929063,107,0.051036000018939376,0.0026841670041903853,0.00011741695925593376,98.98490416794084,False,False,False,True,0.0,0.20818495750427246,,0.0,999,Reasoning bodies exclude closing-think; answer count includes terminal EOS. No pretence these bodies count inserted bridges.
atcoder/abc349_a,H75,0,75,645,69f855156f9644d7c43c8d9da9004bb4dfd378ef49242540b612e8fd16ee012c,295778886764233580,3345505649923020072,650385434e53a71dba6ace1da2a3745886a63873de6726f98437bd077bc6264b,39f425d7c5274d8067b811a839c869427564b4723a2c2f9d5e7e4a818cb66a85,True,False,pass,860,104.09241675102385,1223,1.538520707981661,279,13.562953000073321,34,1.6039878749288619,107,0.04860450001433492,0.002656625001691282,0.0001129580195993185,120.84925241704332,False,False,False,True,0.0,0.2088618278503418,,0.0,958,Reasoning bodies exclude closing-think; answer count includes terminal EOS. No pretence these bodies count inserted bridges.
atcoder/abc349_a,H75,1,75,645,69f855156f9644d7c43c8d9da9004bb4dfd378ef49242540b612e8fd16ee012c,295778886764233580,1004118323191957320,c5d9db0fd2e75601a919be7e4b0bd4ff4b1efe2457616cba04aa30b278596099,5725443f945d6c46525acdfb07a2ff8442ee680ed467cc15a4f9f4150169b723,True,False,pass,860,104.09241675102385,1223,1.538520707981661,279,13.562953000073321,32,1.5074887499213219,107,0.05002695799339563,0.0027964171022176743,0.0001129580195993185,120.75431554211536,False,False,False,True,0.0,0.2091984748840332,,0.0,956,Reasoning bodies exclude closing-think; answer count includes terminal EOS. No pretence these bodies count inserted bridges.
atcoder/abc349_a,H75,2,75,645,69f855156f9644d7c43c8d9da9004bb4dfd378ef49242540b612e8fd16ee012c,295778886764233580,954650428780799722,7f29dc4092f947bf5ed9fdd6db861d3a9b65b748d4b6df922552f3c942f5b73c,88ea3c016d44f38cdd4c713272148fce0b08743f1d5555887b37ddc3efffd30d,True,False,pass,860,104.09241675102385,1223,1.538520707981661,279,13.562953000073321,32,1.5099381669424474,107,0.050838958006352186,0.002594292047433555,0.0001129580195993185,120.75737483409466,False,False,False,True,0.0,0.21039628982543945,,0.0,956,Reasoning bodies exclude closing-think; answer count includes terminal EOS. No pretence these bodies count inserted bridges.
atcoder/abc349_a,FULL_TEXT,0,100,860,69f855156f9644d7c43c8d9da9004bb4dfd378ef49242540b612e8fd16ee012c,,3345505649923020072,3c421759c5248466966d733e8c769d3062b94254afca7155da1516261eb0edb8,dcfba09d9321b21f20e9b09ba1373badbac009e1cd4737cccd083fc375a31c6a,True,False,pass,860,138.28012695902726,1438,1.7788889160146937,0,0.0,26,1.2212699169758707,83,0.05009929102379829,0.002857375075109303,0.00013012508861720562,141.33337258320535,False,False,False,True,0.0,0.2086784839630127,,0.0,886,Reasoning bodies exclude closing-think; answer count includes terminal EOS. No pretence these bodies count inserted bridges.
atcoder/abc349_a,FULL_TEXT,1,100,860,69f855156f9644d7c43c8d9da9004bb4dfd378ef49242540b612e8fd16ee012c,,1004118323191957320,994c6c01d5c77363658c70f70b49da0a98b3f411e98ee9e77ef90e1457994ed9,d169afc272cd543450c17e415812da2347b9889c6aaf1cb281c3384f009e0c6f,True,False,pass,860,138.28012695902726,1438,1.7788889160146937,0,0.0,26,1.2138145830249414,83,0.05098241695668548,0.002653541974723339,0.00013012508861720562,141.32659654208692,False,False,False,True,0.0,0.20923590660095215,,0.0,886,Reasoning bodies exclude closing-think; answer count includes terminal EOS. No pretence these bodies count inserted bridges.
atcoder/abc349_a,FULL_TEXT,2,100,860,69f855156f9644d7c43c8d9da9004bb4dfd378ef49242540b612e8fd16ee012c,,954650428780799722,50fb305c07b0673e0addfb08d89d0af9d2f7ea52f238b6fb1e8676f906f3ae29,220275da982875e14951a45daaf54ec013fd1889331f57431e932bd59476f857,True,False,pass,860,138.28012695902726,1438,1.7788889160146937,0,0.0,26,1.2181753340410069,83,0.05144620907958597,0.0027511250227689743,0.00013012508861720562,141.33151866827393,False,False,False,True,0.0,0.20941495895385742,,0.0,886,Reasoning bodies exclude closing-think; answer count includes terminal EOS. No pretence these bodies count inserted bridges.
atcoder/abc349_a,LARGE_ONLY,0,,860,69f855156f9644d7c43c8d9da9004bb4dfd378ef49242540b612e8fd16ee012c,,3970280498693857254,037b71c9eb87051bd1b589e3f881ca65e2da42568d9b6af411469414d0bf4f1f,14fe5144d2ff32ef5e6aed0fd2a69afbb66f6c5d9d664bd8c6a690b8c8ed4c76,True,False,pass,860,138.28012695902726,0,0,0,0,26,3.964073125971481,83,0.15796166699146852,0.004192165972199291,0,142.4063539179624,False,False,False,True,0.0,0.21134614944458008,,0.0,886,Reasoning bodies exclude closing-think; answer count includes terminal EOS. No pretence these bodies count inserted bridges.
atcoder/abc349_a,LARGE_ONLY,1,,860,69f855156f9644d7c43c8d9da9004bb4dfd378ef49242540b612e8fd16ee012c,,6777233401224106067,10c05e813d76ff57b4d9c11dd8763f5d2f41dbcb97cc551c84f04b2b52383f3a,76256489a61004a797c73309e4953a0c6261dba2bf800e15486c1199da4d6dc7,True,False,pass,860,138.28012695902726,0,0,0,0,26,3.9617774990038015,83,0.1600033749709837,0.004124666971620172,0,142.40603249997366,False,False,False,True,0.0,0.21015453338623047,,0.0,886,Reasoning bodies exclude closing-think; answer count includes terminal EOS. No pretence these bodies count inserted bridges.
atcoder/abc349_a,LARGE_ONLY,2,,860,69f855156f9644d7c43c8d9da9004bb4dfd378ef49242540b612e8fd16ee012c,,7965941016885757048,79f145cbfaf4d68520084a28cf16762b7cdfbb9cb2473313173213f5fc524fcf,2fd731095becd5b3de71800889292efad2b028d38b461b4b9c5426faf41bea7c,True,False,pass,860,138.28012695902726,0,0,0,0,26,3.9571764990105294,83,0.15982929099118337,0.004685375024564564,0,142.40181812405353,False,False,False,True,0.0,0.210432767868042,,0.0,886,Reasoning bodies exclude closing-think; answer count includes terminal EOS. No pretence these bodies count inserted bridges.
leetcode/3428,SMALL_ONLY,0,0,0,6fe6ee8b8a3ef8c1ba988b7f5d81afeef4d2e4390b42f0b1aa86478ccf08f533,7767753651621331805,1724623972084844294,cb5387d7c2195094e86e9d141a07631f579d41385e7ec698d216fa1695acba2c,6fe81372982308cac0f5f0f9265fd034e2db90e3e478bf2c73c00edf9ef4aeda,True,False,pass,1880,0.0,253,0.3243466659914702,1559,74.68118416599464,384,18.99158216698561,1816,0.04839875001925975,0.0039351669838652015,6.24579843133688e-05,94.04950937395915,False,False,False,True,0.0,0.8934028148651123,,0.0,1943,Reasoning bodies exclude closing-think; answer count includes terminal EOS. No pretence these bodies count inserted bridges.
leetcode/3428,SMALL_ONLY,1,0,0,6fe6ee8b8a3ef8c1ba988b7f5d81afeef4d2e4390b42f0b1aa86478ccf08f533,7767753651621331805,2167062370160004992,624038fbdd194de46000d55344e482bf497eeed66d579c6d14b3e81931243e98,0a4348cf21dfdc045c6d15f53dc25dced2f9203a5cea0fb72b385c4fa4cd5cd9,True,False,pass,1880,0.0,253,0.3243466659914702,1559,74.68118416599464,349,17.20287408295553,1716,0.051814000005833805,0.008721457910723984,6.24579843133688e-05,92.26900283084251,False,False,False,True,0.0,0.8935410976409912,,0.0,1908,Reasoning bodies exclude closing-think; answer count includes terminal EOS. No pretence these bodies count inserted bridges.
leetcode/3428,SMALL_ONLY,2,0,0,6fe6ee8b8a3ef8c1ba988b7f5d81afeef4d2e4390b42f0b1aa86478ccf08f533,7767753651621331805,1832768635710066229,022a5b1796b20e8d0ca2d58969f7de793351fe236f751b658b3c0fc41fae2f1f,e84b398a1d98abf7a1fe9375c69569d0b8e62e0729758de4abaae973c0db0590,True,False,pass,1880,0.0,253,0.3243466659914702,1559,74.68118416599464,359,17.74336125003174,1705,0.052568124956451356,0.0074943749932572246,6.24579843133688e-05,92.80901703995187,False,False,False,True,0.0,0.8945958614349365,,0.0,1918,Reasoning bodies exclude closing-think; answer count includes terminal EOS. No pretence these bodies count inserted bridges.
leetcode/3428,H10,0,10,188,6fe6ee8b8a3ef8c1ba988b7f5d81afeef4d2e4390b42f0b1aa86478ccf08f533,7767753651621331805,1724623972084844294,7044714a6bfa40c1740ab866bceef43b1fb10d105edf1e4200bd4b930eca1c59,75b48a574a819865c89ba41d0da8491edcdc1b1cadd37c070f3f2b354d68e366,True,False,pass,1880,30.384553458017763,441,0.5497099999338388,1912,92.93666874989867,335,16.640046582906507,1591,0.04956916708033532,0.0031733750365674496,7.966696284711361e-05,140.56380099983653,False,False,False,True,0.0,0.8992445468902588,,0.0,2435,Reasoning bodies exclude closing-think; answer count includes terminal EOS. No pretence these bodies count inserted bridges.
leetcode/3428,H10,1,10,188,6fe6ee8b8a3ef8c1ba988b7f5d81afeef4d2e4390b42f0b1aa86478ccf08f533,7767753651621331805,2167062370160004992,22fdbd4078e52bda9b81384015ebfe45bfb7b3b5f18c8ce2caa91c84481d96ad,f93e6da777ef84493f801d3793bb18db62f439be762d6b8441b4b3754b682070,True,False,pass,1880,30.384553458017763,441,0.5497099999338388,1912,92.93666874989867,340,16.860764873912558,1613,0.05253516708035022,0.004105416010133922,7.966696284711361e-05,140.78841733181616,False,False,False,True,0.0,0.8918888568878174,,0.0,2440,Reasoning bodies exclude closing-think; answer count includes terminal EOS. No pretence these bodies count inserted bridges.
leetcode/3428,H10,2,10,188,6fe6ee8b8a3ef8c1ba988b7f5d81afeef4d2e4390b42f0b1aa86478ccf08f533,7767753651621331805,1832768635710066229,325c664a1e9120f37bba3afc742dd40155c41ed2417d6bf8f939f4b083ec3aae,2adc7c9457463af49621990af9c00aa8e947123bd7d17c7f3beec8d6fdbfafdd,True,False,pass,1880,30.384553458017763,441,0.5497099999338388,1912,92.93666874989867,335,16.632020791992545,1608,0.05205362499691546,0.0031235830392688513,7.966696284711361e-05,140.55820987484185,False,False,False,True,0.0,0.8899514675140381,,0.0,2435,Reasoning bodies exclude closing-think; answer count includes terminal EOS. No pretence these bodies count inserted bridges.
leetcode/3428,H25,0,25,470,6fe6ee8b8a3ef8c1ba988b7f5d81afeef4d2e4390b42f0b1aa86478ccf08f533,7767753651621331805,1724623972084844294,bd2d2bb07f2d5187f19cb54b313a9c275ff5c6abbe03e109dc4283b824645a67,4e85ec00b5cc8e9d9f6604405888a0331947dc5b6b25aa31dbfb2550959541a2,True,False,pass,1880,74.28547116700793,723,0.9227521660504863,942,45.496828916016966,348,17.059627790935338,1641,0.048662333050742745,0.0027826670557260513,9.662494994699955e-05,137.81622166506713,False,False,False,True,0.0,0.9003584384918213,,0.0,1760,Reasoning bodies exclude closing-think; answer count includes terminal EOS. No pretence these bodies count inserted bridges.
leetcode/3428,H25,1,25,470,6fe6ee8b8a3ef8c1ba988b7f5d81afeef4d2e4390b42f0b1aa86478ccf08f533,7767753651621331805,2167062370160004992,68d3d3daffe453adad7f536973052b4c7ddec114589870cf4f7c44338a399641,28cf0ece54d65ce412250d00d6e58aa399570aafe7ec51bdcdb2409dc27fda31,True,False,pass,1880,74.28547116700793,723,0.9227521660504863,942,45.496828916016966,335,16.38726533309091,1594,0.05137870798353106,0.003082833020016551,9.662494994699955e-05,137.14687574811978,False,False,False,True,0.0,0.9021615982055664,,0.0,1747,Reasoning bodies exclude closing-think; answer count includes terminal EOS. No pretence these bodies count inserted bridges.
leetcode/3428,H25,2,25,470,6fe6ee8b8a3ef8c1ba988b7f5d81afeef4d2e4390b42f0b1aa86478ccf08f533,7767753651621331805,1832768635710066229,5dc05507c733a4a36f27b148d0f6524c137681001900c122bd8080659745cb57,41f19144229feea4a2c0887d9cfda9d189057e00da7269e4f6e6be0821fa52ed,True,False,pass,1880,74.28547116700793,723,0.9227521660504863,942,45.496828916016966,337,16.474683665903285,1586,0.05081254197284579,0.0030895420350134373,9.662494994699955e-05,137.23373462393647,False,False,False,True,0.0,0.8951802253723145,,0.0,1749,Reasoning bodies exclude closing-think; answer count includes terminal EOS. No pretence these bodies count inserted bridges.
leetcode/3428,H50,0,50,940,6fe6ee8b8a3ef8c1ba988b7f5d81afeef4d2e4390b42f0b1aa86478ccf08f533,7767753651621331805,1724623972084844294,40c6086738731b4a57f3f407a03567d9dd71ca9db784263d1521e511890be3e4,cbde7009dcb8952f33d397d7b8a656a76ae69caa3ce62bf02896ed212760f8b0,True,False,pass,1880,148.0712208750192,1193,1.4939426250057295,625,30.428144041914493,332,16.385038833133876,1588,0.047586957924067974,0.0028310000197961926,0.00013345805928111076,196.42889779107645,False,False,False,True,0.0,0.892805814743042,,0.0,1897,Reasoning bodies exclude closing-think; answer count includes terminal EOS. No pretence these bodies count inserted bridges.
leetcode/3428,H50,1,50,940,6fe6ee8b8a3ef8c1ba988b7f5d81afeef4d2e4390b42f0b1aa86478ccf08f533,7767753651621331805,2167062370160004992,b3e85ddf01e88a65bcefde0fc55cc55925aff7989f7379b2986746eda7f115c0,f449fe3ada4f2353be21969da48a572239f389bd0cb8dc5557f86de8a904e43b,True,False,pass,1880,148.0712208750192,1193,1.4939426250057295,625,30.428144041914493,355,17.534063416998833,1758,0.05191066605038941,0.002849083044566214,0.00013345805928111076,197.5822641660925,False,False,False,True,0.0,0.9013216495513916,,0.0,1920,Reasoning bodies exclude closing-think; answer count includes terminal EOS. No pretence these bodies count inserted bridges.
leetcode/3428,H50,2,50,940,6fe6ee8b8a3ef8c1ba988b7f5d81afeef4d2e4390b42f0b1aa86478ccf08f533,7767753651621331805,1832768635710066229,7b74df964628e6c551d69b22caac5eb66249958d2323ce9572e5e48865a9d2fc,ef9fd6fa8b2880bdfc83dfdbf98f839466719f515bb0093ff0df25f8c5dc56fd,True,False,pass,1880,148.0712208750192,1193,1.4939426250057295,625,30.428144041914493,337,16.56376208306756,1607,0.05195375008042902,0.0033379169180989265,0.00013345805928111076,196.6124947500648,False,False,False,True,0.0,0.9002721309661865,,0.0,1902,Reasoning bodies exclude closing-think; answer count includes terminal EOS. No pretence these bodies count inserted bridges.
leetcode/3428,H75,0,75,1410,6fe6ee8b8a3ef8c1ba988b7f5d81afeef4d2e4390b42f0b1aa86478ccf08f533,7767753651621331805,1724623972084844294,f1dd48750fe0887c9f4765c263a3ddbb79ac168fd9903357d11728ec4f924644,45920aa724776649780b17d3e6e4cbc27595890abcf2bf1c26db133fb58847e6,True,False,pass,1880,222.58177958300803,1663,2.0701840000692755,454,22.404606834053993,331,16.405183584080078,1579,0.04980612499639392,0.003040333976969123,0.00016291695646941662,263.5147633771412,False,False,False,True,0.0,0.8988223075866699,,0.0,2195,Reasoning bodies exclude closing-think; answer count includes terminal EOS. No pretence these bodies count inserted bridges.
leetcode/3428,H75,1,75,1410,6fe6ee8b8a3ef8c1ba988b7f5d81afeef4d2e4390b42f0b1aa86478ccf08f533,7767753651621331805,2167062370160004992,2a0f55e41e18de38e2a49f4aea1062bdbdcdeeafbdc3a103ebfae7a05623465f,c38b7155693b01150a4bbdb2fa25babd725e30e3dcfc90ec7686e7f8a661e688,True,False,pass,1880,222.58177958300803,1663,2.0701840000692755,454,22.404606834053993,373,18.39077937498223,1763,0.05212191597092897,0.0029961670516058803,0.00016291695646941662,265.50263079209253,False,False,False,True,0.0,0.8982899188995361,,0.0,2237,Reasoning bodies exclude closing-think; answer count includes terminal EOS. No pretence these bodies count inserted bridges.
leetcode/3428,H75,2,75,1410,6fe6ee8b8a3ef8c1ba988b7f5d81afeef4d2e4390b42f0b1aa86478ccf08f533,7767753651621331805,1832768635710066229,83a28c30b495f65fec94e2279747ab2f57cc4f4ca697d3516b4802357c8a6dfa,884f80bf7a75cf8f47a7f62d2d6676fc3511d134ec1b28c039687481272141a7,True,False,pass,1880,222.58177958300803,1663,2.0701840000692755,454,22.404606834053993,351,17.398076624958776,1644,0.05142995796632022,0.0029715420678257942,0.00016291695646941662,264.5092114590807,False,False,False,True,0.0,0.8880987167358398,,0.0,2215,Reasoning bodies exclude closing-think; answer count includes terminal EOS. No pretence these bodies count inserted bridges.
leetcode/3428,FULL_TEXT,0,100,1880,6fe6ee8b8a3ef8c1ba988b7f5d81afeef4d2e4390b42f0b1aa86478ccf08f533,,1724623972084844294,289d46de73c5ec60e7044f1f6d4b83b715e0b60813f54931836fcf301254342f,7ea0b739a8cb268fdd3df02d6ef461b4989c3da5d30d858471f80cab41fbd4d1,True,False,pass,1880,297.8866449579946,2133,2.7010091659612954,0,0.0,338,16.759608375024982,1585,0.05026620905846357,0.0032378340838477015,0.00019866705406457186,317.40096520917723,False,False,False,True,0.0,0.893876314163208,,0.0,2218,Reasoning bodies exclude closing-think; answer count includes terminal EOS. No pretence these bodies count inserted bridges.
leetcode/3428,FULL_TEXT,1,100,1880,6fe6ee8b8a3ef8c1ba988b7f5d81afeef4d2e4390b42f0b1aa86478ccf08f533,,2167062370160004992,2f9d7cb789c681e51bfa3459d64e4d2e31fcbf81ebb620ff2b1afcd2526f9733,d3a447a41501f7ba7c12ba9beb0a12bcd3d75764e9c9701c8f120c35dd1e15b3,True,False,pass,1880,297.8866449579946,2133,2.7010091659612954,0,0.0,342,16.94279975106474,1618,0.05180695804301649,0.0031007500365376472,0.00019866705406457186,317.58556025015423,False,False,False,True,0.0,0.8981804847717285,,0.0,2222,Reasoning bodies exclude closing-think; answer count includes terminal EOS. No pretence these bodies count inserted bridges.
leetcode/3428,FULL_TEXT,2,100,1880,6fe6ee8b8a3ef8c1ba988b7f5d81afeef4d2e4390b42f0b1aa86478ccf08f533,,1832768635710066229,a4afdc453450585ac0da652a08836b57de06e8f799cb4a003d24a733696355da,02cc5005d207b33b856b3b24db441c53785625b99c428c42cbacd19031a13752,True,False,pass,1880,297.8866449579946,2133,2.7010091659612954,0,0.0,339,16.89046495896764,1598,0.05221945804078132,0.003626749967224896,0.00019866705406457186,317.5341639579856,False,False,False,True,0.0,0.895413875579834,,0.0,2219,Reasoning bodies exclude closing-think; answer count includes terminal EOS. No pretence these bodies count inserted bridges.
leetcode/3428,LARGE_ONLY,0,,1880,6fe6ee8b8a3ef8c1ba988b7f5d81afeef4d2e4390b42f0b1aa86478ccf08f533,,7680478431132745477,6dd9348b0a533614a6e409afc9787831f40c3765a4fa1256fa88ab6d7a9eba84,414cec868ac1e92a2757b1fdaf00dff019a70cad89645ba825592b2d65ea54a0,True,False,pass,1880,297.8866449579946,0,0,0,0,365,58.51535404101014,1748,0.16027387499343604,0.009662665950600058,0,356.57193553994875,False,False,False,True,0.0,0.900580883026123,,0.0,2245,Reasoning bodies exclude closing-think; answer count includes terminal EOS. No pretence these bodies count inserted bridges.
leetcode/3428,LARGE_ONLY,1,,1880,6fe6ee8b8a3ef8c1ba988b7f5d81afeef4d2e4390b42f0b1aa86478ccf08f533,,4012419584926746627,22f6239314525a68df7f4fd10c7f3b5820cd491e9b7744ea0947e701580fbfe3,8647ba53b5de4ec28e127445ab334e0ac11b658e621f82d863ed0cdce35d0453,True,False,pass,1880,297.8866449579946,0,0,0,0,369,59.03978808398824,1745,0.16316083300625905,0.0164338750182651,0,357.10602775000734,False,False,False,True,0.0,0.9003617763519287,,0.0,2249,Reasoning bodies exclude closing-think; answer count includes terminal EOS. No pretence these bodies count inserted bridges.
leetcode/3428,LARGE_ONLY,2,,1880,6fe6ee8b8a3ef8c1ba988b7f5d81afeef4d2e4390b42f0b1aa86478ccf08f533,,2223053775506695070,62bf0bf5b0ad79b773fea9ab1b5021404cd2ec6d968b33983a7bd3927992cec9,925e2d1937d79cc66f0d6836e7de41cc16bcabdff531ae7703d08116a3a47653,True,False,pass,1880,297.8866449579946,0,0,0,0,378,60.521794166998006,1787,0.1636172910220921,0.01776670798426494,0,358.58982312399894,False,False,False,True,0.0,0.9006805419921875,,0.0,2258,Reasoning bodies exclude closing-think; answer count includes terminal EOS. No pretence these bodies count inserted bridges.
leetcode/3450,SMALL_ONLY,0,0,0,a4dd44563a77f624d9e08ecb3525a3792b60093edfe8be74c7e7c389905d375c,8843921536117680614,3383278388914669196,ad6a7946c6260862c9f6140511d280ab2e18814e029f31e47f6107bafdeeac22,364992cfeadc60f071949d98c792ed8509b7ba67f02a2a54c5d59ad9b13ff74f,True,False,pass,3468,0.0,522,0.6871914170915261,1713,83.07945029204711,414,20.564207958057523,1731,0.04824258293956518,0.0032025419641286135,9.183306246995926e-05,104.38238662516233,False,False,False,True,0.0,1.219836950302124,,0.0,2127,Reasoning bodies exclude closing-think; answer count includes terminal EOS. No pretence these bodies count inserted bridges.
leetcode/3450,SMALL_ONLY,1,0,0,a4dd44563a77f624d9e08ecb3525a3792b60093edfe8be74c7e7c389905d375c,8843921536117680614,4133516569973954663,7edbee444f56eaa532da9087fcb981dbd0fb4988bf9b3f948abd789b3f329443,986a29b997850be4052af7d23b64863e6c871f01f37defd5aa446ce0aec979cf,True,False,pass,3468,0.0,522,0.6871914170915261,1713,83.07945029204711,479,23.787666332907975,2078,0.05213162489235401,0.003320708987303078,9.183306246995926e-05,107.60985220898874,False,False,False,True,0.0,1.214026927947998,,0.0,2192,Reasoning bodies exclude closing-think; answer count includes terminal EOS. No pretence these bodies count inserted bridges.
leetcode/3450,SMALL_ONLY,2,0,0,a4dd44563a77f624d9e08ecb3525a3792b60093edfe8be74c7e7c389905d375c,8843921536117680614,3044544517971582207,49daf8ce6e550835cf490271c66cd9cfccec0610966a252626d21e41253e90e0,e004819051754986c314c4917577a591b56b8640bd48493a4b025d4af834d001,True,False,pass,3468,0.0,522,0.6871914170915261,1713,83.07945029204711,440,21.826342749991454,1929,0.0519931250018999,0.0035600410774350166,9.183306246995926e-05,105.6486294582719,False,False,False,True,0.0,1.2111058235168457,,0.0,2153,Reasoning bodies exclude closing-think; answer count includes terminal EOS. No pretence these bodies count inserted bridges.
leetcode/3450,H10,0,10,346,a4dd44563a77f624d9e08ecb3525a3792b60093edfe8be74c7e7c389905d375c,8843921536117680614,3383278388914669196,013de67cf0c79d63e9633e93a352fca4910ee6de60648e972e7e13e9e928ff31,f6ade9a911812446a0a7442ffdb57abc1218932c50603b52b2becadd1eb4849a,True,False,pass,3468,56.78616579098161,868,1.080964875058271,1564,76.57225270802155,436,21.764111084048636,1874,0.048487541964277625,0.0033016250235959888,0.0001247919863089919,156.25540841708425,False,False,False,True,0.0,1.2117059230804443,,0.0,2346,Reasoning bodies exclude closing-think; answer count includes terminal EOS. No pretence these bodies count inserted bridges.
leetcode/3450,H10,1,10,346,a4dd44563a77f624d9e08ecb3525a3792b60093edfe8be74c7e7c389905d375c,8843921536117680614,4133516569973954663,fee849e158a699e3aa8317b4a9022a97dffc8ac75da40010c2d1614cbd783f51,5f28252adb91422bdebfbf4018a27830ee1a1d290af9deb87f62ed77f7c4cff0,True,False,pass,3468,56.78616579098161,868,1.080964875058271,1564,76.57225270802155,413,20.617715333006345,1786,0.05248600000049919,0.003415083047002554,0.0001247919863089919,155.1131245821016,False,False,False,True,0.0,1.2125329971313477,,0.0,2323,Reasoning bodies exclude closing-think; answer count includes terminal EOS. No pretence these bodies count inserted bridges.
leetcode/3450,H10,2,10,346,a4dd44563a77f624d9e08ecb3525a3792b60093edfe8be74c7e7c389905d375c,8843921536117680614,3044544517971582207,a239c512161d99169a61e7b0e0c1d7fe7030f02283417887d557fe86531fac0c,6b9940c8316dc042aa00a1a97faf11014244d6f5ed07cdfe6c6c86dcb5a7c00c,True,False,pass,3468,56.78616579098161,868,1.080964875058271,1564,76.57225270802155,603,30.167466374114156,2380,0.05204483401030302,0.0033936670515686274,0.0001247919863089919,164.66241304122377,False,False,False,True,0.0,1.2190921306610107,,0.0,2513,Reasoning bodies exclude closing-think; answer count includes terminal EOS. No pretence these bodies count inserted bridges.
leetcode/3450,H25,0,25,867,a4dd44563a77f624d9e08ecb3525a3792b60093edfe8be74c7e7c389905d375c,8843921536117680614,3383278388914669196,0b961ae12ec0cd5e7d24d0d960fce2487318642f9be98f80bf3a5344a98f2462,8a5538431897dafe95d9f4b5db4506fbde0f62abcbd70fbc3a46d1c96f95cc83,True,False,pass,3468,138.93151991599007,1389,1.7142186670098454,3041,153.6415568329394,562,29.583756666979752,2460,0.052014416083693504,0.005110624944791198,0.00015237496700137854,323.92832949891454,False,False,False,True,0.0,1.2215723991394043,,0.0,4470,Reasoning bodies exclude closing-think; answer count includes terminal EOS. No pretence these bodies count inserted bridges.
leetcode/3450,H25,1,25,867,a4dd44563a77f624d9e08ecb3525a3792b60093edfe8be74c7e7c389905d375c,8843921536117680614,4133516569973954663,2bf9a5fddba7a1c16f2e56c2c4e27e78f0f496978bedb6a0e88776163b7b47a8,bbe256126a16e462453f97bf9cd8c64940b7ca930fd38f828932e8a5ba760940,True,False,pass,3468,138.93151991599007,1389,1.7142186670098454,3041,153.6415568329394,487,25.56410533399321,2170,0.05529133300296962,0.009642750024795532,0.00015237496700137854,319.9164872079273,False,False,False,True,0.0,1.203484058380127,,0.0,4395,Reasoning bodies exclude closing-think; answer count includes terminal EOS. No pretence these bodies count inserted bridges.
leetcode/3450,H25,2,25,867,a4dd44563a77f624d9e08ecb3525a3792b60093edfe8be74c7e7c389905d375c,8843921536117680614,3044544517971582207,7006cd9ee3eb34a17bda321769ec69bbd8d06aad025428d5eb81b49757405ce8,9efbd136fa4929661cc55ea601699bd3f4706d58fec747970ecd9119bd1f323e,False,False,runtime_error,3468,138.93151991599007,1389,1.7142186670098454,3041,153.6415568329394,643,33.8251397080021,2189,0.05572666705120355,0.009431249927729368,0.00015237496700137854,328.17774541588733,False,False,False,True,0.0,0.03297877311706543,,0.0,4551,Reasoning bodies exclude closing-think; answer count includes terminal EOS. No pretence these bodies count inserted bridges.
leetcode/3450,H50,0,50,1734,a4dd44563a77f624d9e08ecb3525a3792b60093edfe8be74c7e7c389905d375c,8843921536117680614,3383278388914669196,84420aeb0630dd8e08489601edf5849b789257a7d4338b5f6743751b812609f4,d396580f28cc03ceeddf5bf6cc79f0d80438802640becaaf1731e573dfad3e18,True,False,pass,3468,277.4634841660154,2256,2.835702791926451,11722,660.3738037080038,483,30.803623082931153,1959,0.062210749951191247,0.010758958058431745,0.00021187507081776857,971.5497953319573,False,False,False,True,0.0,1.3095126152038574,,0.0,13939,Reasoning bodies exclude closing-think; answer count includes terminal EOS. No pretence these bodies count inserted bridges.
leetcode/3450,H50,1,50,1734,a4dd44563a77f624d9e08ecb3525a3792b60093edfe8be74c7e7c389905d375c,8843921536117680614,4133516569973954663,dbb331eceaa3d31fe90d0494c327950777f998406b53cd9bb898f9b0b5513270,0daab6d10b77be2362fcef577e7488112bef0793d8bdf49ec632b7b226c1da9e,True,False,pass,3468,277.4634841660154,2256,2.835702791926451,11722,660.3738037080038,460,29.017014208016917,1861,0.0647952500730753,0.013751582941040397,0.00021187507081776857,969.7687635820475,False,False,False,True,0.0,1.3056533336639404,,0.0,13916,Reasoning bodies exclude closing-think; answer count includes terminal EOS. No pretence these bodies count inserted bridges.
leetcode/3450,H50,2,50,1734,a4dd44563a77f624d9e08ecb3525a3792b60093edfe8be74c7e7c389905d375c,8843921536117680614,3044544517971582207,deb87f6a78f5b3e0a85be5390fa40071aaf1620c86b48064a28a8fd945022b65,37ceaf023a17fa269389196ec1cb14f6241fd00d347b0a12fca38d02c6294d85,True,False,pass,3468,277.4634841660154,2256,2.835702791926451,11722,660.3738037080038,477,30.152670125011355,1887,0.06509229098446667,0.013957916060462594,0.00021187507081776857,970.9049228730728,False,False,False,True,0.0,1.30568265914917,,0.0,13933,Reasoning bodies exclude closing-think; answer count includes terminal EOS. No pretence these bodies count inserted bridges.
leetcode/3450,H75,0,75,2601,a4dd44563a77f624d9e08ecb3525a3792b60093edfe8be74c7e7c389905d375c,8843921536117680614,3383278388914669196,f994473ce3d9d65d67425bcba3af1936405faa86d29deb46e8dda24a310ff4e4,41905897b462086b1415f1a8660679d6f92de26fa4f1df0e25589a76e8ff9d34,True,False,pass,3468,417.8828640410211,3123,4.028008541907184,1164,60.04978687502444,447,23.42058854107745,1940,0.05133008409757167,0.005669582984410226,0.00027533306274563074,505.4385229991749,False,False,False,True,0.0,1.2861087322235107,,0.0,4212,Reasoning bodies exclude closing-think; answer count includes terminal EOS. No pretence these bodies count inserted bridges.
leetcode/3450,H75,1,75,2601,a4dd44563a77f624d9e08ecb3525a3792b60093edfe8be74c7e7c389905d375c,8843921536117680614,4133516569973954663,8d7ad8d1c7fdee08200df9f3879591a667b02784494204f1b64b85731ecd7004,6df1cab83abd4d1c61b193d91023bfc8565157c1f829dc3d7efcf42ebd6a9ca8,True,False,pass,3468,417.8828640410211,3123,4.028008541907184,1164,60.04978687502444,442,23.07466475002002,1847,0.05439645901788026,0.021222707931883633,0.00027533306274563074,505.11121870798524,False,False,False,True,0.0,1.1971547603607178,,0.0,4207,Reasoning bodies exclude closing-think; answer count includes terminal EOS. No pretence these bodies count inserted bridges.
leetcode/3450,H75,2,75,2601,a4dd44563a77f624d9e08ecb3525a3792b60093edfe8be74c7e7c389905d375c,8843921536117680614,3044544517971582207,ae003b6a1bc8d406405be4a21c845d4d7b5a2b1c0c49074d57c62e57f30a0514,c75af4cbee775b7527ca17d24a632f2b7c5b0f6b21ddee82aee7e38ce1bed113,True,False,pass,3468,417.8828640410211,3123,4.028008541907184,1164,60.04978687502444,441,22.973116499837488,1895,0.05494795890990645,0.010420416947454214,0.00027533306274563074,504.9994196667103,False,False,False,True,0.0,1.1948909759521484,,0.0,4206,Reasoning bodies exclude closing-think; answer count includes terminal EOS. No pretence these bodies count inserted bridges.
leetcode/3450,FULL_TEXT,0,100,3468,a4dd44563a77f624d9e08ecb3525a3792b60093edfe8be74c7e7c389905d375c,,3383278388914669196,7e319ef300a31430880d0d2342f237eeed4c08d4a72d1e2167eaaa0fa6732d85,6bb7dd7a1d8555ab4e4fc8cd2c068aed7c0aa631218b969515b9e7a009244bf3,True,False,pass,3468,560.5634516249993,3990,5.172579333069734,0,0.0,467,24.173143876018003,1961,0.053749167011119425,0.004640792030841112,0.0003352499334141612,589.9679000430624,False,False,False,True,0.0,1.2104618549346924,,0.0,3935,Reasoning bodies exclude closing-think; answer count includes terminal EOS. No pretence these bodies count inserted bridges.
leetcode/3450,FULL_TEXT,1,100,3468,a4dd44563a77f624d9e08ecb3525a3792b60093edfe8be74c7e7c389905d375c,,4133516569973954663,ac843527ea67458b5e4aa592512821d0d6f457aa55701c36fd20b54a544491f1,7ade4f2f2e43c4a2bfc462375cf614164ad89038c6f2000f4056ba8ed72aa41e,True,False,pass,3468,560.5634516249993,3990,5.172579333069734,0,0.0,456,23.611083875061013,1976,0.054438124992884696,0.0056012499844655395,0.0003352499334141612,589.4074894580408,False,False,False,True,0.0,1.2183711528778076,,0.0,3924,Reasoning bodies exclude closing-think; answer count includes terminal EOS. No pretence these bodies count inserted bridges.
leetcode/3450,FULL_TEXT,2,100,3468,a4dd44563a77f624d9e08ecb3525a3792b60093edfe8be74c7e7c389905d375c,,3044544517971582207,4d49f846f401504bd729433565d56630891c5707ca61e7318ab5f8f93537af60,3b0535df719fb0498d03f6ffcf1e35976aa203b292148752338034ab607fad95,True,False,pass,3468,560.5634516249993,3990,5.172579333069734,0,0.0,465,24.088118667015806,2021,0.0544959589606151,0.005972750019282103,0.0003352499334141612,589.8849535839981,False,False,False,True,0.0,1.2142252922058105,,0.0,3933,Reasoning bodies exclude closing-think; answer count includes terminal EOS. No pretence these bodies count inserted bridges.
leetcode/3450,LARGE_ONLY,0,,3468,a4dd44563a77f624d9e08ecb3525a3792b60093edfe8be74c7e7c389905d375c,,4779450227493279222,ba0e99151aed8c5f5fd5e20d3906b58fbf6fa0f0a77c83e1162c9d49d58b79cc,2a9019a21de5aacdd7418c0e6f24e74b9bfef9c3890e1a9882728aa3e4695d78,True,False,pass,3468,560.5634516249993,0,0,0,0,435,71.95429941697512,1886,0.164591750013642,0.01130287500564009,0,632.6936456669937,False,False,False,True,0.0,1.2169544696807861,,0.0,3903,Reasoning bodies exclude closing-think; answer count includes terminal EOS. No pretence these bodies count inserted bridges.
leetcode/3450,LARGE_ONLY,1,,3468,a4dd44563a77f624d9e08ecb3525a3792b60093edfe8be74c7e7c389905d375c,,9183686856448469600,da8a073fe957e252faba2b40bfde760b4d9e57c0a1ae6fa140ac30d26f12d6e9,15effbb54c1e523f2c44097550538c4617afdb6779002c78296abfdca7275226,True,False,pass,3468,560.5634516249993,0,0,0,0,443,73.13145258295117,1933,0.16676854097750038,0.020821290963795036,0,633.8824940398918,False,False,False,True,0.0,1.2241952419281006,,0.0,3911,Reasoning bodies exclude closing-think; answer count includes terminal EOS. No pretence these bodies count inserted bridges.
leetcode/3450,LARGE_ONLY,2,,3468,a4dd44563a77f624d9e08ecb3525a3792b60093edfe8be74c7e7c389905d375c,,4209236192502400606,bd63564e32732e1f6597d8b7b4fa740552f63bd05a29393481e35d37419ac49f,00b561d05adf341707301c24e2c1c4037c4b5a5fcab940dfa04e4a44dbeee782,True,False,pass,3468,560.5634516249993,0,0,0,0,405,66.84602454100968,1834,0.1674531660391949,0.021133667032700032,0,627.5980629990809,False,False,False,True,0.0,1.2220077514648438,,0.0,3873,Reasoning bodies exclude closing-think; answer count includes terminal EOS. No pretence these bodies count inserted bridges.
leetcode/3379,SMALL_ONLY,0,0,0,9d90be7578e8b4731c5e0824ada217a4d7c0bf98cb53c9dff7e2072ef1ffe128,1839543095669139960,7517362865751489420,94133af2fc5c5f9fb5e0069e15543e0ea1cfa7031ce091a9885cc6a19b0b0efd,5c995a4a207bee0bd7806ea91c6fadd7dcc14d0392dc899df0c0c1c33d34da6a,True,False,pass,1035,0.0,344,0.4419523330871016,1069,51.06442316703033,59,2.817437209072523,200,0.04793129104655236,0.0034002918982878327,7.237493991851807e-05,54.37521666707471,False,False,False,True,0.0,0.8628571033477783,,0.0,1128,Reasoning bodies exclude closing-think; answer count includes terminal EOS. No pretence these bodies count inserted bridges.
leetcode/3379,SMALL_ONLY,1,0,0,9d90be7578e8b4731c5e0824ada217a4d7c0bf98cb53c9dff7e2072ef1ffe128,1839543095669139960,4545479023685829198,9b8b465554fa58882dd5b00d0cf80c33ae909cb10901e15a9eb0999dac91616a,b30230034a6d1c6dd5b8fdcf8e63c5edc14f9c5d7eabc27207fe7d5519ee632c,True,False,pass,1035,0.0,344,0.4419523330871016,1069,51.06442316703033,412,20.00155291694682,1941,0.05276895803399384,0.006167832994833589,7.237493991851807e-05,71.566937583033,False,False,False,True,0.0,0.8654210567474365,,0.0,1481,Reasoning bodies exclude closing-think; answer count includes terminal EOS. No pretence these bodies count inserted bridges.
leetcode/3379,SMALL_ONLY,2,0,0,9d90be7578e8b4731c5e0824ada217a4d7c0bf98cb53c9dff7e2072ef1ffe128,1839543095669139960,1401224740487591615,27b26abf31c1ce6e5baf776e864f590b51c5f16a984a9dae1429b493ee619ee1,7a7555d1f75a601d0b783feb2440bae8c03fd005e5d33e58c19541ffbad9cf1a,True,False,pass,1035,0.0,344,0.4419523330871016,1069,51.06442316703033,437,21.19780208391603,2071,0.05137766606640071,0.006239374983124435,7.237493991851807e-05,72.7618670000229,False,False,False,True,0.0,0.8652634620666504,,0.0,1506,Reasoning bodies exclude closing-think; answer count includes terminal EOS. No pretence these bodies count inserted bridges.
leetcode/3379,H10,0,10,103,9d90be7578e8b4731c5e0824ada217a4d7c0bf98cb53c9dff7e2072ef1ffe128,1839543095669139960,7517362865751489420,a9d71e587a7e6408bfd1caffb7096e07fe374caf62ba3a790b06f359e2237222,6c53e21ec74181a8f7f9e21032770bb1002eab5415d71b21cafa4414b7813b3f,True,False,pass,1035,17.826215582957957,447,0.5498615829274058,859,40.99607629200909,449,21.78288483398501,2118,0.04761216603219509,0.0026961249532178044,7.400009781122208e-05,81.20542058296269,False,False,False,True,0.0,0.8614706993103027,,0.0,1411,Reasoning bodies exclude closing-think; answer count includes terminal EOS. No pretence these bodies count inserted bridges.
leetcode/3379,H10,1,10,103,9d90be7578e8b4731c5e0824ada217a4d7c0bf98cb53c9dff7e2072ef1ffe128,1839543095669139960,4545479023685829198,c76af238ffb218874dab049eabbb8afab20f65be88af42e8f7fdf6eb9f500764,ba4d35c3df87ed33ac2fe36050d87b49e744e0257aa4049bc2ed43cd4abe406d,True,False,pass,1035,17.826215582957957,447,0.5498615829274058,859,40.99607629200909,400,19.387578667025082,1980,0.05043420800939202,0.0026626669568940997,7.400009781122208e-05,78.81290299998363,False,False,False,True,0.0,0.8585689067840576,,0.0,1362,Reasoning bodies exclude closing-think; answer count includes terminal EOS. No pretence these bodies count inserted bridges.
leetcode/3379,H10,2,10,103,9d90be7578e8b4731c5e0824ada217a4d7c0bf98cb53c9dff7e2072ef1ffe128,1839543095669139960,1401224740487591615,a7c98a0bd9fea02a3768708508d810e148c9e9a72ade0175cb0b2d3ce170f801,06a1e4edc2371d06687e78a2462ea5d36cdfc00a78b54aed09f026f45faddc28,True,False,pass,1035,17.826215582957957,447,0.5498615829274058,859,40.99607629200909,470,22.812955041998066,2157,0.051365333958528936,0.002724749967455864,7.400009781122208e-05,82.23927258391632,False,False,False,True,0.0,0.8577861785888672,,0.0,1432,Reasoning bodies exclude closing-think; answer count includes terminal EOS. No pretence these bodies count inserted bridges.
leetcode/3379,H25,0,25,258,9d90be7578e8b4731c5e0824ada217a4d7c0bf98cb53c9dff7e2072ef1ffe128,1839543095669139960,7517362865751489420,5a7c48d62fab86ec08076e0e33b83685da4f7f1d1c8cf9649fd9c46ae4fbcb82,69b23751bbd9caaf8dbad85cdc4a36d48999815d8e6fb045256a6972a31ffbdd,True,False,pass,1035,41.985333874996286,602,0.7819303340511397,826,39.62744308402762,442,21.50568687496707,2020,0.048410250106826425,0.002816417021676898,8.091703057289124e-05,103.95170175220119,False,False,False,True,0.0,0.858992338180542,,0.0,1526,Reasoning bodies exclude closing-think; answer count includes terminal EOS. No pretence these bodies count inserted bridges.
leetcode/3379,H25,1,25,258,9d90be7578e8b4731c5e0824ada217a4d7c0bf98cb53c9dff7e2072ef1ffe128,1839543095669139960,4545479023685829198,10b1a8fd51f4a87d4064f8a5abadad15853b5d2366b5c6fa8276dfdd0e7468d7,baa1ed0498dbf43b060d5e2fc6622fc15c6d0f11580f6d57b8d8b6ddb5f4d9c8,True,False,pass,1035,41.985333874996286,602,0.7819303340511397,826,39.62744308402762,419,20.38094341591932,2031,0.05081500008236617,0.00335245905444026,8.091703057289124e-05,102.82989908516174,False,False,False,True,0.0,0.8523118495941162,,0.0,1503,Reasoning bodies exclude closing-think; answer count includes terminal EOS. No pretence these bodies count inserted bridges.
leetcode/3379,H25,2,25,258,9d90be7578e8b4731c5e0824ada217a4d7c0bf98cb53c9dff7e2072ef1ffe128,1839543095669139960,1401224740487591615,d1b711fd79cea667193e58591cbfd5e1d3101ca3bf6a1740fb3bac52f7e90d06,00ce1a501e154567db80409a561ee2744337b6dfe59d36f58705466ad4ac9c9b,True,False,pass,1035,41.985333874996286,602,0.7819303340511397,826,39.62744308402762,433,21.05896983400453,2016,0.05110154196154326,0.0029442920349538326,8.091703057289124e-05,103.50780387810664,False,False,False,True,0.0,0.8500378131866455,,0.0,1517,Reasoning bodies exclude closing-think; answer count includes terminal EOS. No pretence these bodies count inserted bridges.
leetcode/3379,H50,0,50,517,9d90be7578e8b4731c5e0824ada217a4d7c0bf98cb53c9dff7e2072ef1ffe128,1839543095669139960,7517362865751489420,3114606efc5efc1aed41420732310698c2c213ad8bb53219d2cee2b47a7060ff,9bed679699e97e6788861442f700d103c0a7e0cb360451a321c23e4c8445dd8e,True,False,pass,1035,82.47212433296954,861,1.0713742909720168,961,46.65380899992306,416,20.406906415941194,1970,0.04840820899698883,0.0028007500804960728,9.850005153566599e-05,150.65552149893483,False,False,False,True,0.0,0.8552372455596924,,0.0,1894,Reasoning bodies exclude closing-think; answer count includes terminal EOS. No pretence these bodies count inserted bridges.
leetcode/3379,H50,1,50,517,9d90be7578e8b4731c5e0824ada217a4d7c0bf98cb53c9dff7e2072ef1ffe128,1839543095669139960,4545479023685829198,444dcc07b2284666be95354ee35eca06c0d6e4602f2945407b06ee3bcb1fe3b9,a969069a0f5663e55799a2fb48ce060308235315c5f0dca871f15cd3345aba4e,True,False,pass,1035,82.47212433296954,861,1.0713742909720168,961,46.65380899992306,455,22.363007292035036,2108,0.05152537499088794,0.002863583038561046,9.850005153566599e-05,152.61480237398064,False,False,False,True,0.0,0.8609774112701416,,0.0,1933,Reasoning bodies exclude closing-think; answer count includes terminal EOS. No pretence these bodies count inserted bridges.
leetcode/3379,H50,2,50,517,9d90be7578e8b4731c5e0824ada217a4d7c0bf98cb53c9dff7e2072ef1ffe128,1839543095669139960,1401224740487591615,aa0c6f92b931a3ba46b4af816dce900e8a6d93259c9042ed753651eacea22607,ca09a0f0e620907faa6f7bec566762da6e35d88c3555d948d2293b0d66b7d89d,True,False,pass,1035,82.47212433296954,861,1.0713742909720168,961,46.65380899992306,432,21.26508475013543,2102,0.051304833963513374,0.0027928330237045884,9.850005153566599e-05,151.5165885410388,False,False,False,True,0.0,0.8600764274597168,,0.0,1910,Reasoning bodies exclude closing-think; answer count includes terminal EOS. No pretence these bodies count inserted bridges.
leetcode/3379,H75,0,75,776,9d90be7578e8b4731c5e0824ada217a4d7c0bf98cb53c9dff7e2072ef1ffe128,1839543095669139960,7517362865751489420,c6dd24aae821bf9e83b9c8b70c529f22f153535b5b47d94396220c87c9f4971f,6b51698ea4cc166949faa60701196837fee1ccfd111860b8c7afa478a91bef5e,True,False,pass,1035,123.21894704096485,1120,1.403566458960995,429,20.784667374915443,428,20.91160687606316,2004,0.04722150007728487,0.002823290997184813,0.00011274998541921377,166.36894529196434,False,False,False,True,0.0,0.854604959487915,,0.0,1633,Reasoning bodies exclude closing-think; answer count includes terminal EOS. No pretence these bodies count inserted bridges.
leetcode/3379,H75,1,75,776,9d90be7578e8b4731c5e0824ada217a4d7c0bf98cb53c9dff7e2072ef1ffe128,1839543095669139960,4545479023685829198,80ddd786dd900d941c83c3f0d9996fdec92690a4e3a32fe772bf8e6c6183ce2c,361f496e06358b02b08b9387d9eac97bc785520edc4f33e6a5a329bf1e22d0ac,True,False,pass,1035,123.21894704096485,1120,1.403566458960995,429,20.784667374915443,485,23.698498666053638,2288,0.05111295904498547,0.003406165982596576,0.00011274998541921377,169.16031141590793,False,False,False,True,0.0,0.8591742515563965,,0.0,1690,Reasoning bodies exclude closing-think; answer count includes terminal EOS. No pretence these bodies count inserted bridges.
leetcode/3379,H75,2,75,776,9d90be7578e8b4731c5e0824ada217a4d7c0bf98cb53c9dff7e2072ef1ffe128,1839543095669139960,1401224740487591615,21454c60b3a17be3dd387c9b077e6d09db07ca1b94be4c1c3084c72e88e70335,66ceff6be256ffc6406cdd88bc910e7bce3517dfc3ffdeaf6809de8c8cc10e92,True,False,pass,1035,123.21894704096485,1120,1.403566458960995,429,20.784667374915443,430,20.980693834018894,1954,0.05148241692222655,0.0028395409462973475,0.00011274998541921377,166.44230941671412,False,False,False,True,0.0,0.8590898513793945,,0.0,1635,Reasoning bodies exclude closing-think; answer count includes terminal EOS. No pretence these bodies count inserted bridges.
leetcode/3379,FULL_TEXT,0,100,1035,9d90be7578e8b4731c5e0824ada217a4d7c0bf98cb53c9dff7e2072ef1ffe128,,7517362865751489420,14ffd7df33d98bdeb1de12627a4b34bc073b6b758ab65f2c53a283c0a30ad2b2,cd99856820b266e46936148b341a50032b8d50c3bed26aa4549163bc11296bf9,True,False,pass,1035,164.32633324997732,1379,1.7111132920254022,0,0.0,454,22.03309837600682,2135,0.0490381249692291,0.002927707973867655,0.00012758292723447084,188.12263833387988,False,False,False,True,0.0,0.8435583114624023,,0.0,1489,Reasoning bodies exclude closing-think; answer count includes terminal EOS. No pretence these bodies count inserted bridges.
leetcode/3379,FULL_TEXT,1,100,1035,9d90be7578e8b4731c5e0824ada217a4d7c0bf98cb53c9dff7e2072ef1ffe128,,4545479023685829198,17f55eed185c2dd2aa4ca58c3018d22da903cb6d951d002d1a6e07e4f1a7e4ce,1085fc60b9950e3e0b2c375a19c2cfb943eb26a729a0451c1b3a99f7900c6099,True,False,pass,1035,164.32633324997732,1379,1.7111132920254022,0,0.0,394,19.133408376015723,1893,0.050718083046376705,0.0027412089984863997,0.00012758292723447084,185.22444179299055,False,False,False,True,0.0,0.8434078693389893,,0.0,1429,Reasoning bodies exclude closing-think; answer count includes terminal EOS. No pretence these bodies count inserted bridges.
leetcode/3379,FULL_TEXT,2,100,1035,9d90be7578e8b4731c5e0824ada217a4d7c0bf98cb53c9dff7e2072ef1ffe128,,1401224740487591615,4139eeae80d39ff42d5ca16cda9b3d61dd9aaca04ac0c1eb5f63c212795e220c,bbdb4e9e04d6333cc1610c48df470f5342548461c1e15cec9207453ae5cea43b,True,False,pass,1035,164.32633324997732,1379,1.7111132920254022,0,0.0,432,20.931015333044343,1649,0.051601291983388364,0.003376874956302345,0.00012758292723447084,187.023567624914,False,False,False,True,0.0,0.8591852188110352,,0.0,1467,Reasoning bodies exclude closing-think; answer count includes terminal EOS. No pretence these bodies count inserted bridges.
leetcode/3379,LARGE_ONLY,0,,1035,9d90be7578e8b4731c5e0824ada217a4d7c0bf98cb53c9dff7e2072ef1ffe128,,3269529916433104958,1dd9aaa50df9cbbbe9ccd14ee2a0fef169595be9d701228dd9489f58df5ea374,111a4b1fe596c685ef9f05c6329fda88c0989803b0b4c5130870053726da29ee,True,False,pass,1035,164.32633324997732,0,0,0,0,404,64.19219137600157,1884,0.15817345795221627,0.004124041995964944,0,228.68082212592708,False,False,False,True,0.0,0.8633995056152344,,0.0,1439,Reasoning bodies exclude closing-think; answer count includes terminal EOS. No pretence these bodies count inserted bridges.
leetcode/3379,LARGE_ONLY,1,,1035,9d90be7578e8b4731c5e0824ada217a4d7c0bf98cb53c9dff7e2072ef1ffe128,,4498235334519272095,626b34f32339375473d344d657dd1706ee53bb4262eb5e5973f2bcfa8d713d1b,405f5767cd8722d26927be750c8a1acdacabc8090ade609411f7f929dda8283a,True,False,pass,1035,164.32633324997732,0,0,0,0,344,54.52241816598689,1656,0.15935433295089751,0.0042634590063244104,0,219.01236920792144,False,False,False,True,0.0,0.8599646091461182,,0.0,1379,Reasoning bodies exclude closing-think; answer count includes terminal EOS. No pretence these bodies count inserted bridges.
leetcode/3379,LARGE_ONLY,2,,1035,9d90be7578e8b4731c5e0824ada217a4d7c0bf98cb53c9dff7e2072ef1ffe128,,5647573161108869220,fbe400a0c0d0e5daca4b9b013a555921f8e1900e9974c5bf903042831f37f6f5,91b048d7b0c9888439ab5224935ec6f08fc81a98eff328d4adee91e62a820803,True,False,pass,1035,164.32633324997732,0,0,0,0,375,59.43927304301178,1738,0.16059550002682954,0.004074042022693902,0,223.93027583503863,False,False,False,True,0.0,0.8645999431610107,,0.0,1410,Reasoning bodies exclude closing-think; answer count includes terminal EOS. No pretence these bodies count inserted bridges.
leetcode/3484,SMALL_ONLY,0,0,0,e2b74f0f74e7ab74de04a8dca54ab9e6045fe1c287b9d431dd2856952ee97908,7857643076442131581,8732078860208079152,b2f83ff4e31bda1a4e2176cf5dcc9ffaf168e118b4a76dbbca6f133061f3df5f,e8e89be3c9d041b529d4f21cadfe7a4218bb81be3d084d6f5c81a0a4185ab3af,True,False,pass,6464,0.0,270,0.39158095803577453,7022,360.8500712499954,462,25.571489208959974,2068,0.05575854191556573,0.011075415997765958,0.00012575008440762758,386.88010112498887,False,False,False,True,0.0,1.1754546165466309,,0.0,7484,Reasoning bodies exclude closing-think; answer count includes terminal EOS. No pretence these bodies count inserted bridges.
leetcode/3484,SMALL_ONLY,1,0,0,e2b74f0f74e7ab74de04a8dca54ab9e6045fe1c287b9d431dd2856952ee97908,7857643076442131581,2122786534851816395,ae8000482031d98b20f06c4f44d6a55a77824f61ea58b88f441f2d478d45c0c6,d28fc89c21451eb047436e11183a0f0526548bbfeea00734b8ee22a18a0878e5,True,False,pass,6464,0.0,270,0.39158095803577453,7022,360.8500712499954,475,26.188312540994957,2108,0.056949667050503194,0.042666500085033476,0.00012575008440762758,387.52970666624606,False,False,False,True,0.0,1.1824307441711426,,0.0,7497,Reasoning bodies exclude closing-think; answer count includes terminal EOS. No pretence these bodies count inserted bridges.
leetcode/3484,SMALL_ONLY,2,0,0,e2b74f0f74e7ab74de04a8dca54ab9e6045fe1c287b9d431dd2856952ee97908,7857643076442131581,8585487166793364756,1c6c116637b9bd1d8c404f5b73e5feefa380f1db4b0420c82c536cfafc7ef95d,d22b054eeac6a564ae779371471677888e381de2f59061ea05f4f636a36bfe5e,True,False,pass,6464,0.0,270,0.39158095803577453,7022,360.8500712499954,490,27.071614374988712,2252,0.05850049993023276,0.0407617500750348,0.00012575008440762758,388.41265458310954,False,False,False,True,0.0,1.19191575050354,,0.0,7512,Reasoning bodies exclude closing-think; answer count includes terminal EOS. No pretence these bodies count inserted bridges.
leetcode/3484,H10,0,10,646,e2b74f0f74e7ab74de04a8dca54ab9e6045fe1c287b9d431dd2856952ee97908,7857643076442131581,8732078860208079152,237769147605342722e744966e5820a73dd78bdeb1b3f51cf8d432c3304225da,a4ee515632152ec920f089beae8537cb23a428d6f7e90347309aea4176e83b6c,True,False,pass,6464,102.12608870799886,916,1.1559806669829413,4254,215.2399076250149,528,28.04423483402934,2395,0.05270275007933378,0.02082695800345391,0.0001736249541863799,346.639915167063,False,False,False,True,0.0,1.1825509071350098,,0.0,5428,Reasoning bodies exclude closing-think; answer count includes terminal EOS. No pretence these bodies count inserted bridges.
leetcode/3484,H10,1,10,646,e2b74f0f74e7ab74de04a8dca54ab9e6045fe1c287b9d431dd2856952ee97908,7857643076442131581,2122786534851816395,99afe9422f54a7d358f5de940f9604a89538a2bd172a567d70c7c5231ccd9e78,36b4fbbdf7248c3054f78fc8759253e9c65fa8c56c2511f580a527fbdefdb133,True,False,pass,6464,102.12608870799886,916,1.1559806669829413,4254,215.2399076250149,520,27.55181541608181,2415,0.05600512505043298,0.03814029193017632,0.0001736249541863799,346.1681114580133,False,False,False,True,0.0,1.1750049591064453,,0.0,5420,Reasoning bodies exclude closing-think; answer count includes terminal EOS. No pretence these bodies count inserted bridges.
leetcode/3484,H10,2,10,646,e2b74f0f74e7ab74de04a8dca54ab9e6045fe1c287b9d431dd2856952ee97908,7857643076442131581,8585487166793364756,c69163c6e4db1cc4e348512cbf8446c9d85a99972ef3b8f6f09b4952f14c6685,d79923048b6ff803ea03b51eb13f9b4f611622b1d5bed59e54dd43dfa4a27778,True,False,pass,6464,102.12608870799886,916,1.1559806669829413,4254,215.2399076250149,477,25.29455433296971,2107,0.05604120797943324,0.038893874967470765,0.0001736249541863799,343.9116400408675,False,False,False,True,0.0,1.1767852306365967,,0.0,5377,Reasoning bodies exclude closing-think; answer count includes terminal EOS. No pretence these bodies count inserted bridges.
leetcode/3484,H25,0,25,1616,e2b74f0f74e7ab74de04a8dca54ab9e6045fe1c287b9d431dd2856952ee97908,7857643076442131581,8732078860208079152,6092bef5ec97a167bfdfdc95b13d02c6f30d6480c6222100cb8aa9f90ec46ae5,b35c35de62a22def73c78c5ad925f89d5e048d2a0f143e03b884acaad656d691,True,False,pass,6464,255.92547733301762,1886,2.3512497500050813,4431,229.61433245800436,487,26.458896957919933,2231,0.05271324992645532,0.005606041988357902,0.00023195799440145493,514.4085077488562,False,False,False,True,0.0,1.1819844245910645,,0.0,6534,Reasoning bodies exclude closing-think; answer count includes terminal EOS. No pretence these bodies count inserted bridges.
leetcode/3484,H25,1,25,1616,e2b74f0f74e7ab74de04a8dca54ab9e6045fe1c287b9d431dd2856952ee97908,7857643076442131581,2122786534851816395,1a01ff63513f2c148897944638e4aaf2dfaf40d40db5ee27c6bbb09f73bfd286,be2ba1f626b10ded4e1ed69bf7da05417707473b0a84831368dd097a1998dae7,True,False,pass,6464,255.92547733301762,1886,2.3512497500050813,4431,229.61433245800436,466,25.243475831928663,2101,0.05561470799148083,0.009514249977655709,0.00023195799440145493,513.1998962889193,False,False,False,True,0.0,1.184110403060913,,0.0,6513,Reasoning bodies exclude closing-think; answer count includes terminal EOS. No pretence these bodies count inserted bridges.
leetcode/3484,H25,2,25,1616,e2b74f0f74e7ab74de04a8dca54ab9e6045fe1c287b9d431dd2856952ee97908,7857643076442131581,8585487166793364756,b03d4a7db6666d8835881c135ec48f6d2be1319def3e061d2e5a07592754fea3,22db10b97961caeebfe18935edacc664d3de652e14dfd8b45c2996a6f6e86cc4,True,False,pass,6464,255.92547733301762,1886,2.3512497500050813,4431,229.61433245800436,523,28.422585959080607,2391,0.055888500064611435,0.007223041029646993,0.00023195799440145493,516.3769889991963,False,False,False,True,0.0,1.1722049713134766,,0.0,6570,Reasoning bodies exclude closing-think; answer count includes terminal EOS. No pretence these bodies count inserted bridges.
leetcode/3484,H50,0,50,3232,e2b74f0f74e7ab74de04a8dca54ab9e6045fe1c287b9d431dd2856952ee97908,7857643076442131581,8732078860208079152,61cf041efbca33a899ff4cbb03cfc0a5b0d8729bfd0086030e409511964701f6,df4470f3712a151393ab03129c2278a2b709d8409e44e146c30f1f8382cc545b,True,False,pass,6464,517.5799212499987,3502,4.471196166006848,2319,121.77233379089739,509,27.398429793072864,2312,0.053211749996989965,0.005120209068991244,0.0003417499829083681,671.2805547090247,False,False,False,True,0.0,1.1675326824188232,,0.0,6060,Reasoning bodies exclude closing-think; answer count includes terminal EOS. No pretence these bodies count inserted bridges.
leetcode/3484,H50,1,50,3232,e2b74f0f74e7ab74de04a8dca54ab9e6045fe1c287b9d431dd2856952ee97908,7857643076442131581,2122786534851816395,b8f3e2eaf3d4ce7bf41631ff82caecc5344822ce627f673679bb83d056bed70a,852140d21d0b873eef1c45cc28e5c2173a960d339a559ec4127fd6df8b1053c6,True,False,pass,6464,517.5799212499987,3502,4.471196166006848,2319,121.77233379089739,455,24.45077916700393,2066,0.055758000002242625,0.010261208051815629,0.0003417499829083681,668.3405913319439,False,False,False,True,0.0,1.184788703918457,,0.0,6006,Reasoning bodies exclude closing-think; answer count includes terminal EOS. No pretence these bodies count inserted bridges.
leetcode/3484,H50,2,50,3232,e2b74f0f74e7ab74de04a8dca54ab9e6045fe1c287b9d431dd2856952ee97908,7857643076442131581,8585487166793364756,b25203225fcadbfd6bf5df3afa3d4b3ad665e3ba24fd1b61d6d1f5192652ff4c,306558c4be009163cad58cca8f6e7bbcec4a0593e43189332604c4563a00e04d,True,False,pass,6464,517.5799212499987,3502,4.471196166006848,2319,121.77233379089739,488,26.261976790963672,2190,0.05429945793002844,0.010010999976657331,0.0003417499829083681,670.1500802057562,False,False,False,True,0.0,1.1825449466705322,,0.0,6039,Reasoning bodies exclude closing-think; answer count includes terminal EOS. No pretence these bodies count inserted bridges.
leetcode/3484,H75,0,75,4848,e2b74f0f74e7ab74de04a8dca54ab9e6045fe1c287b9d431dd2856952ee97908,7857643076442131581,8732078860208079152,006c6f49d6ef9ed87ab80f7b5583fd441755719398995844aa4a042244242726,2fda95cd57bc597fc209b4ee1d8ed70023eef118f4a61b4c6de4805d8e5635a8,True,False,pass,6464,785.7177540420089,5118,6.740401416900568,721,38.490645791986026,483,26.0177950829966,2168,0.053606417030096054,0.005841708974912763,0.00045966601464897394,857.0265041259117,False,False,False,True,0.0,1.1794612407684326,,0.0,6052,Reasoning bodies exclude closing-think; answer count includes terminal EOS. No pretence these bodies count inserted bridges.
leetcode/3484,H75,1,75,4848,e2b74f0f74e7ab74de04a8dca54ab9e6045fe1c287b9d431dd2856952ee97908,7857643076442131581,2122786534851816395,5d89ac3447663010ea250aea425c1c8225857e8bffe966a73bdc066aea661103,89771c4e0b1378c89bfc8a9e0e36152ccd9fb66b563f058d2d4dcc53eb55214a,True,False,pass,6464,785.7177540420089,5118,6.740401416900568,721,38.490645791986026,510,27.424532042001374,2256,0.05512575001921505,0.009577666991390288,0.00045966601464897394,858.4384963759221,False,False,False,True,0.0,1.1882028579711914,,0.0,6079,Reasoning bodies exclude closing-think; answer count includes terminal EOS. No pretence these bodies count inserted bridges.
leetcode/3484,H75,2,75,4848,e2b74f0f74e7ab74de04a8dca54ab9e6045fe1c287b9d431dd2856952ee97908,7857643076442131581,8585487166793364756,1c84c289f4b39d8e867580650ee18995307abf9faa33c8fc6a696762c494b543,115dc05731ebf765cccbd852885b14236e71006f0ad82858442138bd1cc36e20,True,False,pass,6464,785.7177540420089,5118,6.740401416900568,721,38.490645791986026,492,26.42335020902101,2166,0.055298332939855754,0.008970166090875864,0.00045966601464897394,857.4368796249619,False,False,False,True,0.0,1.187957763671875,,0.0,6061,Reasoning bodies exclude closing-think; answer count includes terminal EOS. No pretence these bodies count inserted bridges.
leetcode/3484,FULL_TEXT,0,100,6464,e2b74f0f74e7ab74de04a8dca54ab9e6045fe1c287b9d431dd2856952ee97908,,8732078860208079152,e8894d1f27c72af6806029c385a41cddd8d44678d40b269865dee3703833fcf8,6c2dd2931261f862467f9b6f6b30ac4939e45ac316ad9f8b9b1e1a68c1adaa1f,True,False,pass,6464,1059.4702690830454,6734,9.299862832995132,0,0.0,553,30.331350291962735,2477,0.05533879192080349,0.006039457977749407,0.0005585410399362445,1099.1634189989418,False,False,False,True,0.0,1.1825923919677734,,0.0,7017,Reasoning bodies exclude closing-think; answer count includes terminal EOS. No pretence these bodies count inserted bridges.
leetcode/3484,FULL_TEXT,1,100,6464,e2b74f0f74e7ab74de04a8dca54ab9e6045fe1c287b9d431dd2856952ee97908,,2122786534851816395,eb43775ffe6462b7bbba3c2388807aeeb3abc062d3dac9bbca9e7e6d6c533270,418b8fd8a9c53791873ea6a6e859acc35fd41223b54ab385f3ae07612b3e27fd,True,False,pass,6464,1059.4702690830454,6734,9.299862832995132,0,0.0,528,28.901776374084875,2376,0.05622341693378985,0.008750875014811754,0.0005585410399362445,1097.737441123114,False,False,False,True,0.0,1.177793025970459,,0.0,6992,Reasoning bodies exclude closing-think; answer count includes terminal EOS. No pretence these bodies count inserted bridges.
leetcode/3484,FULL_TEXT,2,100,6464,e2b74f0f74e7ab74de04a8dca54ab9e6045fe1c287b9d431dd2856952ee97908,,8585487166793364756,7797edfe283073514026a6dfaaa99ea0cec761b50be041c915899c4935df0dfb,63f0f3fdc78c14f72babfa29a92be172009b6f33ad88f6ddc5d4f43522975f93,True,False,pass,6464,1059.4702690830454,6734,9.299862832995132,0,0.0,539,29.5437726250384,2373,0.05591304204426706,0.008281083079054952,0.0005585410399362445,1098.3786572072422,False,False,False,True,0.0,1.1783952713012695,,0.0,7003,Reasoning bodies exclude closing-think; answer count includes terminal EOS. No pretence these bodies count inserted bridges.
leetcode/3484,LARGE_ONLY,0,,6464,e2b74f0f74e7ab74de04a8dca54ab9e6045fe1c287b9d431dd2856952ee97908,,6835219486676154681,ffe20b71fb7aaee535f44a1751c421ce36ae71cfaf9878fb8bedf557c1ba1d08,077bb3f273db4d70ec8ae17695e76d08a84f57a698f3614c463999d914e4d8c4,True,False,pass,6464,1059.4702690830454,0,0,0,0,517,88.58620016596979,2338,0.17049350001616403,0.025051417003851384,0,1148.2520141660352,False,False,False,True,0.0,1.1847963333129883,,0.0,6981,Reasoning bodies exclude closing-think; answer count includes terminal EOS. No pretence these bodies count inserted bridges.
leetcode/3484,LARGE_ONLY,1,,6464,e2b74f0f74e7ab74de04a8dca54ab9e6045fe1c287b9d431dd2856952ee97908,,5818254606222407869,0d8470993a91d8a5972062cfdd24a9e0f73463d0a68ea35228a8a890dd7411fb,c43559f96744dbeb6ed13489fa7f8252862007416f93609c40b06ec2b7a0e8c1,True,False,pass,6464,1059.4702690830454,0,0,0,0,521,89.20177287602564,2367,0.17087824997724965,0.06107825000071898,0,1148.903998459049,False,False,False,True,0.0,1.188401460647583,,0.0,6985,Reasoning bodies exclude closing-think; answer count includes terminal EOS. No pretence these bodies count inserted bridges.
leetcode/3484,LARGE_ONLY,2,,6464,e2b74f0f74e7ab74de04a8dca54ab9e6045fe1c287b9d431dd2856952ee97908,,3063841942153811295,875a29010e51a7ce5d01c9663dc29954ebd80ed0f60c06e7f7f3090765233621,03664dc17267fcf1ee63dcb4e0cfa9c1823a9e20a26588ad1e35748d26040232,True,False,pass,6464,1059.4702690830454,0,0,0,0,482,82.39959820901277,2179,0.17266737500904128,0.06313295802101493,0,1142.1056676250882,False,False,False,True,0.0,1.1707375049591064,,0.0,6946,Reasoning bodies exclude closing-think; answer count includes terminal EOS. No pretence these bodies count inserted bridges.
atcoder/abc362_c,SMALL_ONLY,0,0,0,88d968c415f9bd797f3fde9b69394041828a0675966953194f63031db4e4d312,9127973681210160101,7198021415292468338,05a91efcdb274845e132529ef156415fe7ea43f7a661558066065a2b6dc7301d,55f944c70940cec8a9a18db8283bdb301bfa580b5920b17ce7474460fe5806bf,False,False,test_assertion,5091,0.0,500,0.622455875040032,8438,442.6136633750284,573,32.721971791936085,2302,0.05655470909550786,0.015995666035450995,0.00012425007298588753,476.03076566720847,False,False,False,True,0.0,0.021589279174804688,,0.0,9011,Reasoning bodies exclude closing-think; answer count includes terminal EOS. No pretence these bodies count inserted bridges.
atcoder/abc362_c,SMALL_ONLY,1,0,0,88d968c415f9bd797f3fde9b69394041828a0675966953194f63031db4e4d312,9127973681210160101,5958272627223765224,4243c74b9433f045886360b0764c8e3680cd4b73dfded78e89d7bc3e87111c91,13b95c87b7907c4f1b8739bc186d2673b26a61d570388e5437b22d0f5c096025,False,False,test_assertion,5091,0.0,500,0.622455875040032,8438,442.6136633750284,641,36.58210416592192,2626,0.05832870805170387,0.02779337507672608,0.00012425007298588753,479.9044697491918,False,False,False,True,0.0,0.02165985107421875,,0.0,9079,Reasoning bodies exclude closing-think; answer count includes terminal EOS. No pretence these bodies count inserted bridges.
atcoder/abc362_c,SMALL_ONLY,2,0,0,88d968c415f9bd797f3fde9b69394041828a0675966953194f63031db4e4d312,9127973681210160101,560968321540853146,9f986b556975a2467da20b2ecdba4aac8015ea632775d907248e9dd720e0c2fd,0ea83be6b0e787415d3077d839a7b2f3dc55ed353d165456af9fdd6d3385c339,False,False,test_assertion,5091,0.0,500,0.622455875040032,8438,442.6136633750284,577,32.903151083155535,2511,0.05870862503070384,0.029449334018863738,0.00012425007298588753,476.22755254234653,False,False,False,True,0.0,0.021279096603393555,,0.0,9015,Reasoning bodies exclude closing-think; answer count includes terminal EOS. No pretence these bodies count inserted bridges.
atcoder/abc362_c,H10,0,10,509,88d968c415f9bd797f3fde9b69394041828a0675966953194f63031db4e4d312,9127973681210160101,7198021415292468338,2131a4d193b5696830cc074c041627e36f90b364b769a953712a6cb18fedbb60,73f3863797d7c3251200fd942632f4677971e4df85d6328f9dddc583fcb73c9e,False,False,test_assertion,5091,81.96036574995378,1009,1.237830959027633,4374,222.1617144580232,666,35.694675124948844,2654,0.05378120800014585,0.020891417050734162,0.00015545799396932125,341.1294143749983,False,False,False,True,0.0,0.021327733993530273,,0.0,5549,Reasoning bodies exclude closing-think; answer count includes terminal EOS. No pretence these bodies count inserted bridges.
atcoder/abc362_c,H10,1,10,509,88d968c415f9bd797f3fde9b69394041828a0675966953194f63031db4e4d312,9127973681210160101,5958272627223765224,2b3b43301e25fd6c7374e466a6d361485fd160c5fbd33f18485afcbe4c82e31a,4641ff186adc6d65b102d8854c80187ceff390c6584ab1f3ab2629ac38fcde23,False,False,test_assertion,5091,81.96036574995378,1009,1.237830959027633,4374,222.1617144580232,685,36.613012584042735,2719,0.05478091700933874,0.026377375004813075,0.00015545799396932125,342.05423750105547,False,False,False,True,0.0,0.02135920524597168,,0.0,5568,Reasoning bodies exclude closing-think; answer count includes terminal EOS. No pretence these bodies count inserted bridges.
atcoder/abc362_c,H10,2,10,509,88d968c415f9bd797f3fde9b69394041828a0675966953194f63031db4e4d312,9127973681210160101,560968321540853146,eb2b13850e8144e935004efd04d304437c556856d3ffc240bfa2f3cfee542989,23a34eeaac38e3741d90c6bfcd4d4faeee9ffaf17d811a631c5bdacd7571398c,False,False,test_assertion,5091,81.96036574995378,1009,1.237830959027633,4374,222.1617144580232,711,38.06978687597439,2783,0.054209417081438005,0.029275374952703714,0.00015545799396932125,343.5133382930071,False,False,False,True,0.0,0.02145981788635254,,0.0,5594,Reasoning bodies exclude closing-think; answer count includes terminal EOS. No pretence these bodies count inserted bridges.
atcoder/abc362_c,H25,0,25,1272,88d968c415f9bd797f3fde9b69394041828a0675966953194f63031db4e4d312,9127973681210160101,7198021415292468338,9716e6fd6f23c3418288b309f4e0d473e6df6003245cd0b4f8db86e9c700a0ba,a80d9702969c40cc86446789a8865ffd72f9d0e97fdc9d19959003d18d75b832,False,False,test_assertion,5091,203.00808729196433,1772,2.2111618749331683,6286,331.6050395410275,600,33.69753458304331,2592,0.05521270795725286,0.006607667077332735,0.00020954094361513853,570.5838532069465,False,False,False,True,0.0,0.021540403366088867,,0.0,8158,Reasoning bodies exclude closing-think; answer count includes terminal EOS. No pretence these bodies count inserted bridges.
atcoder/abc362_c,H25,1,25,1272,88d968c415f9bd797f3fde9b69394041828a0675966953194f63031db4e4d312,9127973681210160101,5958272627223765224,8036c192161cedbefd31d1cfbe651db0bb2b1033d3bcaf5b170ce5503cc96ee3,02ba1b2b9b85090dc8716ced13e8fe7c4ea4adc9792e8a52e62614e67d47d4da,False,False,test_assertion,5091,203.00808729196433,1772,2.2111618749331683,6286,331.6050395410275,626,35.12108429102227,2688,0.058004124904982746,0.012700499966740608,0.00020954094361513853,572.0162871647626,False,False,False,True,0.0,0.021991252899169922,,0.0,8184,Reasoning bodies exclude closing-think; answer count includes terminal EOS. No pretence these bodies count inserted bridges.
atcoder/abc362_c,H25,2,25,1272,88d968c415f9bd797f3fde9b69394041828a0675966953194f63031db4e4d312,9127973681210160101,560968321540853146,cdf10f07aff09c9b586695982459930198a18d8e2644026478f625698e6a352f,8244761b2ee9f8b18afe3a4cdd8f58649486c47c8f8616b92a413ce67ebf3fc5,False,False,test_assertion,5091,203.00808729196433,1772,2.2111618749331683,6286,331.6050395410275,580,32.48601350001991,2584,0.05771283293142915,0.011543000000528991,0.00020954094361513853,569.3797675818205,False,False,False,True,0.0,0.021534204483032227,,0.0,8138,Reasoning bodies exclude closing-think; answer count includes terminal EOS. No pretence these bodies count inserted bridges.
atcoder/abc362_c,H50,0,50,2545,88d968c415f9bd797f3fde9b69394041828a0675966953194f63031db4e4d312,9127973681210160101,7198021415292468338,9c877c059ef0a5ea31fba437a29a4f905cda6eb68c9849eda0801bdbcbb292c2,4c714fdbea69cdc6025782e0356ff983a4b399760c826ff91524e93254afebe0,False,False,test_assertion,5091,408.4569913329906,3045,3.861701124929823,2886,151.22319004195742,633,34.15222775004804,2648,0.053349000052548945,0.005269124987535179,0.0002986670006066561,597.7530270419666,False,False,False,True,0.0,0.02125859260559082,,0.0,6064,Reasoning bodies exclude closing-think; answer count includes terminal EOS. No pretence these bodies count inserted bridges.
atcoder/abc362_c,H50,1,50,2545,88d968c415f9bd797f3fde9b69394041828a0675966953194f63031db4e4d312,9127973681210160101,5958272627223765224,8dd6e605459656f7ff6c11e5edb421d02fcea130d2f016f0c68bb766ad348f7a,651c32cd4ef1e1c5d2aaf49509409057653846da31a4b05bf6b6b9eb235e47bb,False,False,test_assertion,5091,408.4569913329906,3045,3.861701124929823,2886,151.22319004195742,705,38.091047251131386,2667,0.05605516699142754,0.01016337494365871,0.0002986670006066561,601.6994469599449,False,False,False,True,0.0,0.021698713302612305,,0.0,6136,Reasoning bodies exclude closing-think; answer count includes terminal EOS. No pretence these bodies count inserted bridges.
atcoder/abc362_c,H50,2,50,2545,88d968c415f9bd797f3fde9b69394041828a0675966953194f63031db4e4d312,9127973681210160101,560968321540853146,58293dc33dce30392816cff6bca3e708339a0df3815f71a9adbf613faba4518e,150263553ed899116beb20a1b4226d857170738255c2aefd3330cc1dffc37b88,False,False,test_assertion,5091,408.4569913329906,3045,3.861701124929823,2886,151.22319004195742,612,33.02791841700673,2700,0.05582837504334748,0.008156583062373102,0.0002986670006066561,596.6340845419909,False,False,False,True,0.0,0.021444082260131836,,0.0,6043,Reasoning bodies exclude closing-think; answer count includes terminal EOS. No pretence these bodies count inserted bridges.
atcoder/abc362_c,H75,0,75,3818,88d968c415f9bd797f3fde9b69394041828a0675966953194f63031db4e4d312,9127973681210160101,7198021415292468338,3ee2831a09f81d4bb907d1bbb32755ba2985f093448b65eab19a01ce21f7d483,479d20f52d7f47a417e05a365fc2302ea4f63156ea47812037acccf0367c3657,False,False,test_assertion,5091,617.817937291984,4318,5.6464080000296235,1484,78.55888087500352,695,37.48744545795489,2744,0.05333216593135148,0.007206332986243069,0.0004157919902354479,739.5716259158798,False,False,False,True,0.0,0.023184537887573242,,0.0,5997,Reasoning bodies exclude closing-think; answer count includes terminal EOS. No pretence these bodies count inserted bridges.
atcoder/abc362_c,H75,1,75,3818,88d968c415f9bd797f3fde9b69394041828a0675966953194f63031db4e4d312,9127973681210160101,5958272627223765224,d29f89c923104ab81708075b18545649e22bd0b0fa7250742616713020888326,dd9b2b81916d43ebd1ddb6882c361eaf66289946997a9f62d4aeb6c5797e34f9,False,False,test_assertion,5091,617.817937291984,4318,5.6464080000296235,1484,78.55888087500352,710,38.25101570901461,2812,0.05667449999600649,0.005971833015792072,0.0004157919902354479,740.3373040010338,False,False,False,True,0.0,0.02212691307067871,,0.0,6012,Reasoning bodies exclude closing-think; answer count includes terminal EOS. No pretence these bodies count inserted bridges.
atcoder/abc362_c,H75,2,75,3818,88d968c415f9bd797f3fde9b69394041828a0675966953194f63031db4e4d312,9127973681210160101,560968321540853146,5116cd3bb4b3a04448b8fd70a29390f50a0f51884d7d9c2274b74b60a46819fd,b489ebabb77dfe15111868c2b76c7ff638355e6fda03a807734d83b3cded1fff,False,False,test_assertion,5091,617.817937291984,4318,5.6464080000296235,1484,78.55888087500352,637,34.35768791695591,2678,0.05713779095094651,0.005444084061309695,0.0004157919902354479,736.4439117509755,False,False,False,True,0.0,0.021739959716796875,,0.0,5939,Reasoning bodies exclude closing-think; answer count includes terminal EOS. No pretence these bodies count inserted bridges.
atcoder/abc362_c,FULL_TEXT,0,100,5091,88d968c415f9bd797f3fde9b69394041828a0675966953194f63031db4e4d312,,7198021415292468338,5ba67fe508758111f27198ec4e069e65abd5d80c4cc78d36cec1292dd98fa437,6271eb3ea3356a61bb9f0d32e4610e6d22051ec7028617ab15538d1c8f2af7c7,False,False,test_assertion,5091,831.0153611669666,5591,7.48141145799309,0,0.0,650,34.95636291708797,2591,0.0552384170005098,0.005603124969638884,0.00046791695058345795,873.5144450009684,False,False,False,True,0.0,0.021710634231567383,,0.0,5741,Reasoning bodies exclude closing-think; answer count includes terminal EOS. No pretence these bodies count inserted bridges.
atcoder/abc362_c,FULL_TEXT,1,100,5091,88d968c415f9bd797f3fde9b69394041828a0675966953194f63031db4e4d312,,5958272627223765224,8a340ccbd7bb8840eae15f9c77cce652c5bb7fca5ae0e13563f38ac721e5968a,d797b2ff31505504b0190d0f9f0d48d2953b6bc75b85fa320c56bc02aa54ffc1,False,False,test_assertion,5091,831.0153611669666,5591,7.48141145799309,0,0.0,701,37.66911637596786,2812,0.05497045791707933,0.008913416997529566,0.00046791695058345795,876.2302407927928,False,False,False,True,0.0,0.021347999572753906,,0.0,5792,Reasoning bodies exclude closing-think; answer count includes terminal EOS. No pretence these bodies count inserted bridges.
atcoder/abc362_c,FULL_TEXT,2,100,5091,88d968c415f9bd797f3fde9b69394041828a0675966953194f63031db4e4d312,,560968321540853146,9fcd5b50c2c6c93ae22457ac401a962f4f99766a1a115c3d8d2a4a3464c3de3b,8abe6295f02a4e6698ceacf9b628e3442ffd758571415b920942d6b5bcbf0fed,False,False,test_assertion,5091,831.0153611669666,5591,7.48141145799309,0,0.0,570,30.603342875139788,2394,0.05577358300797641,0.007969875005073845,0.00046791695058345795,869.1643268750631,False,False,False,True,0.0,0.0213167667388916,,0.0,5661,Reasoning bodies exclude closing-think; answer count includes terminal EOS. No pretence these bodies count inserted bridges.
atcoder/abc362_c,LARGE_ONLY,0,,5091,88d968c415f9bd797f3fde9b69394041828a0675966953194f63031db4e4d312,,1591649303273465417,e98595c9957f53a80123bd3548b5162af3f3573771999df2b2ac262e2c37ff2f,1992912b1d580a9fd8f7cf32467a85b2bb1f5357907958afa9c6e37999a40441,False,False,test_assertion,5091,831.0153611669666,0,0,0,0,642,108.53489950002404,2850,0.16796970897121355,0.010890666977502406,0,939.7291210429394,False,False,False,True,0.0,0.021334171295166016,,0.0,5733,Reasoning bodies exclude closing-think; answer count includes terminal EOS. No pretence these bodies count inserted bridges.
atcoder/abc362_c,LARGE_ONLY,1,,5091,88d968c415f9bd797f3fde9b69394041828a0675966953194f63031db4e4d312,,770220815248796663,6c1745118c5026a8e52f75750562bc59e382e82b161182ac51dd2accd60ebccf,fd5d9483e981727bbde155f2e3c265bc1ceef88cb3295475952f59b7741e417d,False,False,test_assertion,5091,831.0153611669666,0,0,0,0,677,114.33080841699848,2945,0.16845170798478648,0.046603958995547146,0,945.5612252509454,False,False,False,True,0.0,0.02237987518310547,,0.0,5768,Reasoning bodies exclude closing-think; answer count includes terminal EOS. No pretence these bodies count inserted bridges.
atcoder/abc362_c,LARGE_ONLY,2,,5091,88d968c415f9bd797f3fde9b69394041828a0675966953194f63031db4e4d312,,7070081241342114713,752afe9bef0f9bcdc32b29563f4d246c694461f7c4eda8768f68973e9b4fe406,d94b235d08189b63b9480ee3723df6f26dfdc55fb4e8de3c744db84cb11403dc,False,False,test_assertion,5091,831.0153611669666,0,0,0,0,535,90.15043658402283,2278,0.17116045899456367,0.04520395799772814,0,921.3821621679817,False,False,False,True,0.0,0.021558523178100586,,0.0,5626,Reasoning bodies exclude closing-think; answer count includes terminal EOS. No pretence these bodies count inserted bridges.
leetcode/3455,SMALL_ONLY,0,0,0,52c28dd6f5474586410a0953da7c3bb3a9ec262de815cf352021eb2f28011ba1,6554328923810577384,1214039705513729220,b5a8fb31ab6d1c8c377367dafb5dc8c48b07bc98a3655fafabf3d484255f0d9e,94655d9197e8a62186871ba16c779d9159ab3db7b18d8364acbeac08eb537c0a,False,False,test_assertion,10021,0.0,322,0.43235504103358835,18443,1075.588052166975,385,27.16201662493404,1958,0.06946866610087454,0.03307841706555337,0.0001712499652057886,1103.2851421660744,False,False,False,True,0.0,0.06342744827270508,,0.0,18828,Reasoning bodies exclude closing-think; answer count includes terminal EOS. No pretence these bodies count inserted bridges.
leetcode/3455,SMALL_ONLY,1,0,0,52c28dd6f5474586410a0953da7c3bb3a9ec262de815cf352021eb2f28011ba1,6554328923810577384,3629670789321131062,e03a59bfd7eaa9b6fc083877e3d3171358202fd787abc635a0e2a0db1d825795,bf3c5e704e379f81c587e1eb1618033e02886a829a9e1a2a04e85a01f34d299f,False,False,test_assertion,10021,0.0,322,0.43235504103358835,18443,1075.588052166975,415,28.949394540977664,1969,0.07143233297392726,0.09951683296822011,0.0001712499652057886,1105.1409221648937,False,False,False,True,0.0,0.06365776062011719,,0.0,18858,Reasoning bodies exclude closing-think; answer count includes terminal EOS. No pretence these bodies count inserted bridges.
leetcode/3455,SMALL_ONLY,2,0,0,52c28dd6f5474586410a0953da7c3bb3a9ec262de815cf352021eb2f28011ba1,6554328923810577384,561874347910630177,15204fa216539c98266df762ce690534f1455e1c3adbb90700a1f02b22d1d941,6fafeec67b3c1dae8a5df32a1e7f4447fe814fc499b985a486893e28cb8974ef,False,False,test_assertion,10021,0.0,322,0.43235504103358835,18443,1075.588052166975,408,28.44928449904546,1956,0.07176162500400096,0.10663137503433973,0.0001712499652057886,1104.6482559570577,False,False,False,True,0.0,0.06224370002746582,,0.0,18851,Reasoning bodies exclude closing-think; answer count includes terminal EOS. No pretence these bodies count inserted bridges.
leetcode/3455,H10,0,10,1002,52c28dd6f5474586410a0953da7c3bb3a9ec262de815cf352021eb2f28011ba1,6554328923810577384,1214039705513729220,6bd758d9239339f3cd3b9656061f753823ab463c06ae42425cf5f5dadccf3996,d79fbb4cb722001dba06e37b9544b9e8eda1835cb8b5eec5b7fa12aac2c656c4,False,False,test_assertion,10021,158.5988879999495,1324,1.644270749995485,17549,1032.544356792001,498,35.18159987498075,2453,0.07074787502642721,0.0194283330347389,0.0002515829401090741,1228.059543207928,False,False,False,True,0.0,0.03188920021057129,,0.0,19049,Reasoning bodies exclude closing-think; answer count includes terminal EOS. No pretence these bodies count inserted bridges.
leetcode/3455,H10,1,10,1002,52c28dd6f5474586410a0953da7c3bb3a9ec262de815cf352021eb2f28011ba1,6554328923810577384,3629670789321131062,1bf91ccd16a7151640a3cf8053376a16a96d817cf52b2ece3d670f8f3e8aeaaf,984a24cdf462e6807f453d7364bbf154edf4d73029f0b72abcc65b7a0c704686,False,False,test_assertion,10021,158.5988879999495,1324,1.644270749995485,17549,1032.544356792001,599,42.012494291877374,2868,0.07175200001802295,0.07741537503898144,0.0002515829401090741,1234.9494287918205,False,False,False,True,0.0,0.03228449821472168,,0.0,19150,Reasoning bodies exclude closing-think; answer count includes terminal EOS. No pretence these bodies count inserted bridges.
leetcode/3455,H10,2,10,1002,52c28dd6f5474586410a0953da7c3bb3a9ec262de815cf352021eb2f28011ba1,6554328923810577384,561874347910630177,65a544b006c519fa774fba43e8cd3b8ce0ea77bd53ef4edaedb76a4a110204ed,14e3b5ca4c7e1c731463618df820ace162916fa5dc1fa405d4efdbee8b7f7b77,False,False,test_assertion,10021,158.5988879999495,1324,1.644270749995485,17549,1032.544356792001,587,41.20331841590814,2678,0.07265829190146178,0.06379124999511987,0.0002515829401090741,1234.1275350826909,False,False,False,True,0.0,0.03182029724121094,,0.0,19138,Reasoning bodies exclude closing-think; answer count includes terminal EOS. No pretence these bodies count inserted bridges.
leetcode/3455,H25,0,25,2505,52c28dd6f5474586410a0953da7c3bb3a9ec262de815cf352021eb2f28011ba1,6554328923810577384,1214039705513729220,aa27a5f38f2ee4c1981d27e0dab28cc1917b6080f0fe1daed79c850f21f1b977,ec751e363551676bb888bac01476c59ce180ba323e33a19d0da06baeea492b25,False,False,test_assertion,10021,399.3381075829966,2827,3.635016500018537,17239,1044.2704710830003,522,37.834200042067096,2447,0.0721825419459492,0.013861834071576595,0.0003189590061083436,1485.1641585431062,False,False,False,True,0.0,0.03199934959411621,,0.0,20266,Reasoning bodies exclude closing-think; answer count includes terminal EOS. No pretence these bodies count inserted bridges.
leetcode/3455,H25,1,25,2505,52c28dd6f5474586410a0953da7c3bb3a9ec262de815cf352021eb2f28011ba1,6554328923810577384,3629670789321131062,866c7f3f7cd9b552ee07f4f3475d17693da90051f79c6e00bf092f24e495de9f,223c3f5773ad983fd62553f1541fc88a1efb46f9b7cfbf6bc4e2c5d68878d38a,False,False,test_assertion,10021,399.3381075829966,2827,3.635016500018537,17239,1044.2704710830003,581,41.684947167057544,2862,0.07341387495398521,0.07833074999507517,0.0003189590061083436,1489.0806059170282,False,False,False,True,0.0,0.03300833702087402,,0.0,20325,Reasoning bodies exclude closing-think; answer count includes terminal EOS. No pretence these bodies count inserted bridges.
leetcode/3455,H25,2,25,2505,52c28dd6f5474586410a0953da7c3bb3a9ec262de815cf352021eb2f28011ba1,6554328923810577384,561874347910630177,618beb442f1742119140b86656d49455ce073992a5fcf782ffaa5eb9ddadaa4f,50a5ae0ca2c9010516a75eca2c85d860ff58b2b5b18ce1cb8de0771fbd5d8f72,False,False,test_assertion,10021,399.3381075829966,2827,3.635016500018537,17239,1044.2704710830003,548,39.38703750097193,2599,0.07419049995951355,0.06874333310406655,0.0003189590061083436,1486.773885459057,False,False,False,True,0.0,0.03271365165710449,,0.0,20292,Reasoning bodies exclude closing-think; answer count includes terminal EOS. No pretence these bodies count inserted bridges.
leetcode/3455,H50,0,50,5010,52c28dd6f5474586410a0953da7c3bb3a9ec262de815cf352021eb2f28011ba1,6554328923810577384,1214039705513729220,de9548ae307db443db819ff4311734bfabdf7da2fe982b612d2c62d665ab4f88,48daf808dedfe1c5e451f1920b791ab5bb845f20af1ec9411dcbe973d5591944,True,False,pass,10021,813.4879024169641,5332,7.132070833002217,9138,532.2801677079406,414,26.546376124955714,2009,0.06220399995800108,0.010289625031873584,0.0004939580103382468,1379.5195046658628,False,False,False,True,0.0,1.1914551258087158,,0.0,14562,Reasoning bodies exclude closing-think; answer count includes terminal EOS. No pretence these bodies count inserted bridges.
leetcode/3455,H50,1,50,5010,52c28dd6f5474586410a0953da7c3bb3a9ec262de815cf352021eb2f28011ba1,6554328923810577384,3629670789321131062,713808328085c313f50673561eb88b572fcc1fc081a28d1f01cd4db4ead9459c,c8fc4b115115dcdaeb5748e4f39a664c7c5753a911f84b92c3c05dcb8ce8aede,True,False,pass,10021,813.4879024169641,5332,7.132070833002217,9138,532.2801677079406,497,31.786466290941462,2413,0.06588912499137223,0.04503212496638298,0.0004939580103382468,1384.7980224568164,False,False,False,True,0.0,1.1787407398223877,,0.0,14645,Reasoning bodies exclude closing-think; answer count includes terminal EOS. No pretence these bodies count inserted bridges.
leetcode/3455,H50,2,50,5010,52c28dd6f5474586410a0953da7c3bb3a9ec262de815cf352021eb2f28011ba1,6554328923810577384,561874347910630177,ff08d55fb31ec8ea21958b596947379dcc11403393e2213b39bc8668b307bda9,71e2fa65543bd731ee216a6f8626db26f880facc7dcc55cddb82967bc894275f,True,False,pass,10021,813.4879024169641,5332,7.132070833002217,9138,532.2801677079406,479,30.601745874155313,2346,0.06509020901285112,0.04991733399219811,0.0004939580103382468,1383.6173883330775,False,False,False,True,0.0,1.1893310546875,,0.0,14627,Reasoning bodies exclude closing-think; answer count includes terminal EOS. No pretence these bodies count inserted bridges.
leetcode/3455,H75,0,75,7515,52c28dd6f5474586410a0953da7c3bb3a9ec262de815cf352021eb2f28011ba1,6554328923810577384,1214039705513729220,029f461ebce9bc04256d2ae16e97db5f6547b93a23b6d051e45bdf75fb89468d,5103e3cc388edca8ea05a3b9c3514ca9fb7731ca49674008e46ec9222e606222,True,False,pass,10021,1241.054469124996,7837,11.078980916994624,2719,155.17023541696835,502,29.5828450829722,2349,0.05763870803639293,0.009358583018183708,0.00072975002694875,1436.9542575830128,False,False,False,True,0.0,1.190058708190918,,0.0,10736,Reasoning bodies exclude closing-think; answer count includes terminal EOS. No pretence these bodies count inserted bridges.
leetcode/3455,H75,1,75,7515,52c28dd6f5474586410a0953da7c3bb3a9ec262de815cf352021eb2f28011ba1,6554328923810577384,3629670789321131062,dfea5196d2a472c8635ba71e5e7ace4753bce8c8e8d254f98f23a36928f2dbb1,b3043ab8a39c00c7ddbd9ca464f51045b2a0025af5c18ca5e65b6d136a8d3647,True,False,pass,10021,1241.054469124996,7837,11.078980916994624,2719,155.17023541696835,423,24.912199166952632,1993,0.06109770794864744,0.04777437506709248,0.00072975002694875,1432.3254864589544,False,False,False,True,0.0,1.1848220825195312,,0.0,10657,Reasoning bodies exclude closing-think; answer count includes terminal EOS. No pretence these bodies count inserted bridges.
leetcode/3455,H75,2,75,7515,52c28dd6f5474586410a0953da7c3bb3a9ec262de815cf352021eb2f28011ba1,6554328923810577384,561874347910630177,d0f21fa0329b9a0730a1d7ee4ed6bf2b88b48b78833d27cae13e99438678e2b0,80c666a11f891d78df181a6c765e5a518dda5df94e7f023ff6929b01ae0f2cd3,True,False,pass,10021,1241.054469124996,7837,11.078980916994624,2719,155.17023541696835,449,26.434140665922314,2156,0.06128195801284164,0.056283125071786344,0.00072975002694875,1433.856120957993,False,False,False,True,0.0,1.172461986541748,,0.0,10683,Reasoning bodies exclude closing-think; answer count includes terminal EOS. No pretence these bodies count inserted bridges.
leetcode/3455,FULL_TEXT,0,100,10021,52c28dd6f5474586410a0953da7c3bb3a9ec262de815cf352021eb2f28011ba1,,1214039705513729220,939c75d652f2de7d67f15e20193a1324fc784171ecbd830aed21fb55bfc5458a,e985eb18bcc2945f8d1f1bcc2d0591c86fea2d12f37e55f85b26896b80a65187,True,False,pass,10021,1683.373962249956,10343,15.39184095908422,0,0.0,433,25.30488470895216,2047,0.059546499978750944,0.008275375002995133,0.0008563330629840493,1724.1393661260372,False,False,False,True,0.0,1.175266981124878,,0.0,10454,Reasoning bodies exclude closing-think; answer count includes terminal EOS. No pretence these bodies count inserted bridges.
leetcode/3455,FULL_TEXT,1,100,10021,52c28dd6f5474586410a0953da7c3bb3a9ec262de815cf352021eb2f28011ba1,,3629670789321131062,5f5b8ad4bc297b40ad08b7c1ac3890c92388eb0ab614ea8cfae5bc85ba7d5670,aca4d21dc9e403ed8accca5943edc65f53cba12da6ca049b3e33b9265a67e0d1,True,False,pass,10021,1683.373962249956,10343,15.39184095908422,0,0.0,510,29.89477370795794,2421,0.06043679197318852,0.025860666995868087,0.0008563330629840493,1728.7477307090303,False,False,False,True,0.0,1.18739652633667,,0.0,10531,Reasoning bodies exclude closing-think; answer count includes terminal EOS. No pretence these bodies count inserted bridges.
leetcode/3455,FULL_TEXT,2,100,10021,52c28dd6f5474586410a0953da7c3bb3a9ec262de815cf352021eb2f28011ba1,,561874347910630177,aa64e57d392cbc58ee3ea18581106e6b91b066304e1a86d1a8420faf4d419313,43bc6c7a15601e6ce706fc43de7be489893106cd4a2c36a3dad5ce9bf889bd66,True,False,pass,10021,1683.373962249956,10343,15.39184095908422,0,0.0,500,29.343991624074988,2409,0.06066154199652374,0.028064084006473422,0.0008563330629840493,1728.1993767921813,False,False,False,True,0.0,1.1861801147460938,,0.0,10521,Reasoning bodies exclude closing-think; answer count includes terminal EOS. No pretence these bodies count inserted bridges.
leetcode/3455,LARGE_ONLY,0,,10021,52c28dd6f5474586410a0953da7c3bb3a9ec262de815cf352021eb2f28011ba1,,2495291765008564089,d0a97a505be663b51068f11400a1c748a9a6a8da37f5ae78d31b020309d1dfe0,6ebc0026413feb9be9098dfcdc37683690a5a47fdf30abec4db1e4b06eb6d9cc,True,False,pass,10021,1683.373962249956,0,0,0,0,443,79.4323774590157,2222,0.17911545798415318,0.0277029579738155,0,1763.0131581249298,False,False,False,True,0.0,1.186302661895752,,0.0,10464,Reasoning bodies exclude closing-think; answer count includes terminal EOS. No pretence these bodies count inserted bridges.
leetcode/3455,LARGE_ONLY,1,,10021,52c28dd6f5474586410a0953da7c3bb3a9ec262de815cf352021eb2f28011ba1,,2838569536735129199,5678060ae09e8229871aea6e8f924e4c5a7f9589fb86bb989bb7d0abedcbaeb1,98f39093d88b3989bafa865ffec64c03a54cebf927d2249419d0d07f7bcb61f9,True,False,pass,10021,1683.373962249956,0,0,0,0,502,89.91284666699357,2497,0.17977866699220613,0.06978045799769461,0,1773.5363680419396,False,False,False,True,0.0,1.18808913230896,,0.0,10523,Reasoning bodies exclude closing-think; answer count includes terminal EOS. No pretence these bodies count inserted bridges.
leetcode/3455,LARGE_ONLY,2,,10021,52c28dd6f5474586410a0953da7c3bb3a9ec262de815cf352021eb2f28011ba1,,5856539814212459524,cd500b5ce01a05e85b710ed4e1948ffc8fd359fec240290f55b98dab8785f6df,6b8e21f14d51bf1133392001f24eb05cb69160219ccfa2d9196389c198e0c5c3,True,False,pass,10021,1683.373962249956,0,0,0,0,464,83.06704287603498,2262,0.18126158398808911,0.06985729199368507,0,1766.6921240019728,False,False,False,True,0.0,1.185382604598999,,0.0,10485,Reasoning bodies exclude closing-think; answer count includes terminal EOS. No pretence these bodies count inserted bridges.
leetcode/3464,SMALL_ONLY,0,0,0,f54596efba4180ffb17fb5319015b8772a0c415d227fd71dff727ece2fc21ffc,3195523338727266951,8196664770041944915,1c9443f2cdaba25911b9502fd30911f4eb4a5589dea6ed9654d939096555b6f4,79cff37ef1836a46369cd19a470de1914e25cd0bc996f71c9b0c2e82f3a9e85c,True,False,pass,15998,0.0,603,0.7880304170539603,13029,717.8529887920013,840,53.335580832907,3799,0.06355525006074458,0.01208700006827712,0.000282208900898695,772.0525245009921,False,False,False,True,0.0,1.3951938152313232,,0.0,13869,Reasoning bodies exclude closing-think; answer count includes terminal EOS. No pretence these bodies count inserted bridges.
leetcode/3464,SMALL_ONLY,1,0,0,f54596efba4180ffb17fb5319015b8772a0c415d227fd71dff727ece2fc21ffc,3195523338727266951,6483351286903616574,f7cde318cdb2c34b7a09de1670834b23e76d90a314c0abd9ec32c5cd140c5124,391884bfc21252574dc1903eb9826c134b94390d1eefa33cae25daa2bd860750,True,False,pass,15998,0.0,603,0.7880304170539603,13029,717.8529887920013,697,43.902370832976885,3096,0.0656517909374088,0.05698145797941834,0.000282208900898695,762.6663054998498,False,False,False,True,0.0,1.3960912227630615,,0.0,13726,Reasoning bodies exclude closing-think; answer count includes terminal EOS. No pretence these bodies count inserted bridges.
leetcode/3464,SMALL_ONLY,2,0,0,f54596efba4180ffb17fb5319015b8772a0c415d227fd71dff727ece2fc21ffc,3195523338727266951,7023487750306966266,83b86b9836cefeaf53788e5ca80d8e1c984b7cf7651f53c4b304c481aac9176e,ef67be126ef316acabd7177a529f1e4ba928113a69d592d085e91c27c97fc89b,True,False,pass,15998,0.0,603,0.7880304170539603,13029,717.8529887920013,792,49.945339707890525,3462,0.08033158292528242,0.010615666978992522,0.000282208900898695,768.6775883757509,False,False,False,True,0.0,1.3978791236877441,,0.0,13821,Reasoning bodies exclude closing-think; answer count includes terminal EOS. No pretence these bodies count inserted bridges.
leetcode/3464,H10,0,10,1599,f54596efba4180ffb17fb5319015b8772a0c415d227fd71dff727ece2fc21ffc,3195523338727266951,8196664770041944915,0e9b8f8b41c257ae527232cc2b6c6f023d01f9277f6a4add76e5fe0d318e4aec,feb566f01e7db6c3ca4efa108036a02a6687f41e2357c0a932647ed9656aaecc,True,False,pass,15998,256.2295109159313,2202,2.787474542041309,11069,618.6313639590517,773,48.55131625093054,3303,0.06213229207787663,0.01184008305426687,0.0004016250604763627,926.2740396681475,False,False,False,True,0.0,1.4188029766082764,,0.0,13441,Reasoning bodies exclude closing-think; answer count includes terminal EOS. No pretence these bodies count inserted bridges.
leetcode/3464,H10,1,10,1599,f54596efba4180ffb17fb5319015b8772a0c415d227fd71dff727ece2fc21ffc,3195523338727266951,6483351286903616574,1298eb1c369ec1071ecb0c054f8080e5957dc0721e0c794e2f0db801fbbeefe7,693cfaea44da24387dc1782df127528c1d4b4451554c393b240d43d80a6432d0,True,False,pass,15998,256.2295109159313,2202,2.787474542041309,11069,618.6313639590517,764,47.78990754194092,3278,0.06484166695736349,0.010592957958579063,0.0004016250604763627,925.5140932089416,False,False,False,True,0.0,1.4243505001068115,,0.0,13432,Reasoning bodies exclude closing-think; answer count includes terminal EOS. No pretence these bodies count inserted bridges.
leetcode/3464,H10,2,10,1599,f54596efba4180ffb17fb5319015b8772a0c415d227fd71dff727ece2fc21ffc,3195523338727266951,7023487750306966266,21a0b2744a949bcf9dff8c1a7b93b815127f98f51a6cfaf9969104de78293c9d,d565ca240dd90cf7ca6d6d55e0c719af0c9d9b061556915b843020598828263f,True,False,pass,15998,256.2295109159313,2202,2.787474542041309,11069,618.6313639590517,781,48.78963599994313,3448,0.06514779094140977,0.009030375047586858,0.0004016250604763627,926.5125652080169,False,False,False,True,0.0,1.4230551719665527,,0.0,13449,Reasoning bodies exclude closing-think; answer count includes terminal EOS. No pretence these bodies count inserted bridges.
leetcode/3464,H25,0,25,3999,f54596efba4180ffb17fb5319015b8772a0c415d227fd71dff727ece2fc21ffc,3195523338727266951,8196664770041944915,e0d228b8aa088506efe90b8d4930150e80bd4b878aaa4b8959892a76732c6e78,8513b5b53a51eb17a26f26b02e18ec39556c13f4fa1e1f011cb6e3853ba67a1d,True,False,pass,15998,648.6826454579714,4602,6.000339625054039,8242,468.760244666948,778,48.40384954109322,3562,0.06109145807567984,0.00949754100292921,0.0005171661032363772,1171.9181854562485,False,False,False,True,0.0,1.3690216541290283,,0.0,13019,Reasoning bodies exclude closing-think; answer count includes terminal EOS. No pretence these bodies count inserted bridges.
leetcode/3464,H25,1,25,3999,f54596efba4180ffb17fb5319015b8772a0c415d227fd71dff727ece2fc21ffc,3195523338727266951,6483351286903616574,565d2a353bf38c44636aa1f1f2180fa71652e136fe4474ec159f3d203758e7d4,d06d5556c07c2b701ec9cc7960a51d0cf666def3a8afa90b7b516cdf4d01caff,True,False,pass,15998,648.6826454579714,4602,6.000339625054039,8242,468.760244666948,758,47.049052750109695,3463,0.06383129197638482,0.03662416595034301,0.0005171661032363772,1170.593255124113,False,False,False,True,0.0,1.3825416564941406,,0.0,12999,Reasoning bodies exclude closing-think; answer count includes terminal EOS. No pretence these bodies count inserted bridges.
leetcode/3464,H25,2,25,3999,f54596efba4180ffb17fb5319015b8772a0c415d227fd71dff727ece2fc21ffc,3195523338727266951,7023487750306966266,a32aa3adfbacc47e3e5487d74d3864225faeffce282bdb503b943885bcfbc29a,61801dc7333306a7c21881d54d637627f4400ecf781de6c188a7156cce7866fc,True,False,pass,15998,648.6826454579714,4602,6.000339625054039,8242,468.760244666948,808,50.19107149913907,3680,0.06391449994407594,0.030580082908272743,0.0005171661032363772,1173.729312998068,False,False,False,True,0.0,1.3811910152435303,,0.0,13049,Reasoning bodies exclude closing-think; answer count includes terminal EOS. No pretence these bodies count inserted bridges.
leetcode/3464,H50,0,50,7999,f54596efba4180ffb17fb5319015b8772a0c415d227fd71dff727ece2fc21ffc,3195523338727266951,8196664770041944915,c943101282082f0205633c937117225d3c972511721fc965607c564afc356828,9e65aba752b6401784ef2473930c032b79de6f02b3aafe2e123352d2b353f1e8,True,False,pass,15998,1335.9302561239456,8602,12.292802999960259,5395,322.4683565000305,697,44.37076474993955,3067,0.06333183392416686,0.01756929198745638,0.0007760419975966215,1715.143857541785,False,False,False,True,0.0,1.3971340656280518,,0.0,14091,Reasoning bodies exclude closing-think; answer count includes terminal EOS. No pretence these bodies count inserted bridges.
leetcode/3464,H50,1,50,7999,f54596efba4180ffb17fb5319015b8772a0c415d227fd71dff727ece2fc21ffc,3195523338727266951,6483351286903616574,dc555074c33b477bc8bc0a448e02cd77882179d8916084428f7bf2313d17eba6,fb12d823eea86cde0d18eafdde9e93b634a70a184247cfc5d13f79c01fa83101,True,False,pass,15998,1335.9302561239456,8602,12.292802999960259,5395,322.4683565000305,728,46.16810058290139,3238,0.06586433295160532,0.053918999969027936,0.0007760419975966215,1716.980075581756,False,False,False,True,0.0,1.397104263305664,,0.0,14122,Reasoning bodies exclude closing-think; answer count includes terminal EOS. No pretence these bodies count inserted bridges.
leetcode/3464,H50,2,50,7999,f54596efba4180ffb17fb5319015b8772a0c415d227fd71dff727ece2fc21ffc,3195523338727266951,7023487750306966266,24ae74ea1cd1ca6b976e16d545c20d786b4fc74f56447be46e74fa8e2c66c282,9d383dbede5b0fe23c6eae73ce5bf5dd6f228e50a9ba8f1c57a8278e4e0a6ea2,True,False,pass,15998,1335.9302561239456,8602,12.292802999960259,5395,322.4683565000305,808,51.32115954102483,3537,0.06581658404320478,0.0535270000109449,0.0007760419975966215,1722.132694791013,False,False,False,True,0.0,1.4067637920379639,,0.0,14202,Reasoning bodies exclude closing-think; answer count includes terminal EOS. No pretence these bodies count inserted bridges.
leetcode/3464,H75,0,75,11998,f54596efba4180ffb17fb5319015b8772a0c415d227fd71dff727ece2fc21ffc,3195523338727266951,8196664770041944915,a08110e73de28a8bbf1ef1b7509ef2251da6212715857c7094a2d9173dd1a3cc,09c736addad003c469edd1ccc843224210a50031abaa2265803e92de5b96d795,True,False,pass,15998,2056.438433998963,12601,19.537955000065267,1947,121.85605049994774,792,51.16119366593193,3594,0.06385916692670435,0.011307707987725735,0.001058666966855526,2249.069858706789,False,False,False,True,0.0,1.3901400566101074,,0.0,14737,Reasoning bodies exclude closing-think; answer count includes terminal EOS. No pretence these bodies count inserted bridges.
leetcode/3464,H75,1,75,11998,f54596efba4180ffb17fb5319015b8772a0c415d227fd71dff727ece2fc21ffc,3195523338727266951,6483351286903616574,f8941d9cb36653826022525c128e9521c269f644ec7e27e3d681ce669a4acf4a,5e6cdc26d6127300bbc6746c13d3c3754b1c510376114fb05bb84b70357ce253,True,False,pass,15998,2056.438433998963,12601,19.537955000065267,1947,121.85605049994774,702,44.967052667052485,3109,0.06685437506530434,0.06706429203040898,0.001058666966855526,2242.934469500091,False,False,False,True,0.0,1.3823590278625488,,0.0,14647,Reasoning bodies exclude closing-think; answer count includes terminal EOS. No pretence these bodies count inserted bridges.
leetcode/3464,H75,2,75,11998,f54596efba4180ffb17fb5319015b8772a0c415d227fd71dff727ece2fc21ffc,3195523338727266951,7023487750306966266,3d5707e2f32d52336ec8c0351a6421fd8a7875be1e156ad9821021b1c18d89ad,d2b29fdb4a6a7e25bc99ef63ad9b3ceac8153c4c66f0f45d91e8fac98b61fe7c,True,False,pass,15998,2056.438433998963,12601,19.537955000065267,1947,121.85605049994774,819,52.63971479109023,3482,0.06601233396213502,0.05614612495992333,0.001058666966855526,2250.595371415955,False,False,False,True,0.0,1.3970637321472168,,0.0,14764,Reasoning bodies exclude closing-think; answer count includes terminal EOS. No pretence these bodies count inserted bridges.
leetcode/3464,FULL_TEXT,0,100,15998,f54596efba4180ffb17fb5319015b8772a0c415d227fd71dff727ece2fc21ffc,,8196664770041944915,e9e0e65828ba46be19644bbe0cffec672bc97aeb41c35c956f8ada33e09549ea,105724dadfd987bd072bae451ceda58ad92c18d1077fc821ad66f4031dd3addb,True,False,pass,15998,2819.926454207918,16601,27.906122457934543,0,0.0,734,49.359464499983005,3479,0.06774529197718948,0.012116124969907105,0.0016447919188067317,2897.2735473747016,False,False,False,True,0.0,1.3793883323669434,,0.0,16732,Reasoning bodies exclude closing-think; answer count includes terminal EOS. No pretence these bodies count inserted bridges.
leetcode/3464,FULL_TEXT,1,100,15998,f54596efba4180ffb17fb5319015b8772a0c415d227fd71dff727ece2fc21ffc,,6483351286903616574,b7a1152e4701dbf1d1366d7919a247954958772768a60a892942b8af0121bdc1,1430ec2c20ec03dc7984c976b6129b91d5e6358c6b04a96538180d6310745f3c,True,False,pass,15998,2819.926454207918,16601,27.906122457934543,0,0.0,717,48.052352124941535,3350,0.06716366694308817,0.049231332959607244,0.0016447919188067317,2896.0029685826157,False,False,False,True,0.0,1.3778679370880127,,0.0,16715,Reasoning bodies exclude closing-think; answer count includes terminal EOS. No pretence these bodies count inserted bridges.
leetcode/3464,FULL_TEXT,2,100,15998,f54596efba4180ffb17fb5319015b8772a0c415d227fd71dff727ece2fc21ffc,,7023487750306966266,1278fe9b8b9cf6cc98d7fd7f380d1460c6c1fc63985584da4a6f4398ae6da96a,b9a94337a48e9f74c69c8aeb90a2a6fe9c55be98399b2cca4ccf412ea27e1904,True,False,pass,15998,2819.926454207918,16601,27.906122457934543,0,0.0,774,51.922974416054785,3496,0.06810400006361306,0.037659207941032946,0.0016447919188067317,2899.862959081831,False,False,False,True,0.0,1.377875566482544,,0.0,16772,Reasoning bodies exclude closing-think; answer count includes terminal EOS. No pretence these bodies count inserted bridges.
leetcode/3464,LARGE_ONLY,0,,15998,f54596efba4180ffb17fb5319015b8772a0c415d227fd71dff727ece2fc21ffc,,3101883648192721844,feec1345182f982b0a297b208540d10dba23dacbb2865b9e25daa9f018c8129a,17953c900130ca14d0bea55fe83a06c8dccaf1db4b6585e60f27d4a094ba22d8,True,False,pass,15998,2819.926454207918,0,0,0,0,723,142.00634799903492,3402,0.1942386250011623,0.04201645898865536,0,2962.169057290943,False,False,False,True,0.0,1.3629672527313232,,0.0,16721,Reasoning bodies exclude closing-think; answer count includes terminal EOS. No pretence these bodies count inserted bridges.
leetcode/3464,LARGE_ONLY,1,,15998,f54596efba4180ffb17fb5319015b8772a0c415d227fd71dff727ece2fc21ffc,,607617540248796392,92ac774f568778fdd31bbd94e8e8242c754baf28913c4eabdf341e7881ca617e,16ed125723266cd2816549f69f4c9c9bbfae872038198c386e759be91eee7adb,True,False,pass,15998,2819.926454207918,0,0,0,0,738,144.53254920901963,3443,0.19801579101476818,0.1417912919423543,0,2964.798810499895,False,False,False,True,0.0,1.3671822547912598,,0.0,16736,Reasoning bodies exclude closing-think; answer count includes terminal EOS. No pretence these bodies count inserted bridges.
leetcode/3464,LARGE_ONLY,2,,15998,f54596efba4180ffb17fb5319015b8772a0c415d227fd71dff727ece2fc21ffc,,1125038547855252769,52811118e3dc7908710178edcf8b896b1403f87a10e96901b6156f9d3079e67d,c7108a8869888cd00e4c2378df69d2f2d6013034ff660af6a22245eb626fca87,True,False,pass,15998,2819.926454207918,0,0,0,0,818,160.3010721669998,3840,0.19755199999781325,0.13783762499224395,0,2980.562915999908,False,False,False,True,0.0,1.3731625080108643,,0.0,16816,Reasoning bodies exclude closing-think; answer count includes terminal EOS. No pretence these bodies count inserted bridges.
atcoder/abc357_d,SMALL_ONLY,0,0,0,d435574af051b22bd0c96bdc2591f1068b72013a8fca67f55c65b5f8f8e8ccc1,539794440549704899,3245854212816429949,a864cb76db6c667e66169edf3d0b94f7a3b2675b6f8f28d3e90897b7ad7f380d,e7235dc7b62f13c21a9a80c911a3891b4b92d4bd9ff1572f26e472a23e2f5913,True,False,pass,4790,0.0,376,0.46618583297822624,6179,315.2696317079244,658,35.968547165975906,2317,0.055130249937064946,0.0073979999870061874,0.00013608403969556093,351.7670290408423,False,False,False,True,0.0,0.48107361793518066,,0.0,6837,Reasoning bodies exclude closing-think; answer count includes terminal EOS. No pretence these bodies count inserted bridges.
atcoder/abc357_d,SMALL_ONLY,1,0,0,d435574af051b22bd0c96bdc2591f1068b72013a8fca67f55c65b5f8f8e8ccc1,539794440549704899,2607902686152059905,87b305d2611c0f6f48af3033a5a08fd6337ad7a37efa18f19b9c392a4885b758,fc2dda8b5c76789c822a987aa8846697d3a506edb850be7d6dcca395acd7d82a,True,False,pass,4790,0.0,376,0.46618583297822624,6179,315.2696317079244,664,36.32407641597092,2283,0.07108500006143004,0.016832541092298925,0.00013608403969556093,352.147947582067,False,False,False,True,0.0,0.48057007789611816,,0.0,6843,Reasoning bodies exclude closing-think; answer count includes terminal EOS. No pretence these bodies count inserted bridges.
atcoder/abc357_d,SMALL_ONLY,2,0,0,d435574af051b22bd0c96bdc2591f1068b72013a8fca67f55c65b5f8f8e8ccc1,539794440549704899,3117644975656057533,fd23ea44e5e777aeb16f1592f6bd5a9d0b89f31ac9f0a667bc99627cabfdea1e,da3ac80ce3dc6161a6576a81cd376024d6c4c53cbc14997db70a2f4f28be4b17,True,False,pass,4790,0.0,376,0.46618583297822624,6179,315.2696317079244,671,36.71308975003194,2398,0.0701097910059616,0.016997958067804575,0.00013608403969556093,352.53615112404805,False,False,False,True,0.0,0.48134827613830566,,0.0,6850,Reasoning bodies exclude closing-think; answer count includes terminal EOS. No pretence these bodies count inserted bridges.
atcoder/abc357_d,H10,0,10,479,d435574af051b22bd0c96bdc2591f1068b72013a8fca67f55c65b5f8f8e8ccc1,539794440549704899,3245854212816429949,28ff540eb584e13c0c8d8d23108cd59a11012ed9abe4a44d95ef8cb656c7b200,c9904a30c7533dcc3b124ba4254c807f47dc3aad48f7bea1330cf93644d163c4,True,False,pass,4790,76.5455830830033,855,1.076500291004777,7048,366.1186893749982,655,36.580455834046006,2327,0.05541033297777176,0.007660875096917152,0.0001497500343248248,480.3844495411613,False,False,False,True,0.0,0.48074984550476074,,0.0,8182,Reasoning bodies exclude closing-think; answer count includes terminal EOS. No pretence these bodies count inserted bridges.
atcoder/abc357_d,H10,1,10,479,d435574af051b22bd0c96bdc2591f1068b72013a8fca67f55c65b5f8f8e8ccc1,539794440549704899,2607902686152059905,e6bf96acc65579b7318ea4a294539b12924f74215cfc59f24e71a62ec3d09b50,e3eab8c61fb3fdb92805da4dc7ad7f039db820733c858210d7692cc8d3e1524b,True,False,pass,4790,76.5455830830033,855,1.076500291004777,7048,366.1186893749982,744,41.676041583996266,2618,0.057847750023938715,0.04382716701366007,0.0001497500343248248,485.5186390000745,False,False,False,True,0.0,0.47823119163513184,,0.0,8271,Reasoning bodies exclude closing-think; answer count includes terminal EOS. No pretence these bodies count inserted bridges.
atcoder/abc357_d,H10,2,10,479,d435574af051b22bd0c96bdc2591f1068b72013a8fca67f55c65b5f8f8e8ccc1,539794440549704899,3117644975656057533,7b49e1beae9ed8622fb244fdb9ea1190b003c8323649b30ed938f73c7092f028,5b9f5984bfe0d197efeb21a7096833d1dfbd2092db3ca0071ac32795eb8b3345,True,False,pass,4790,76.5455830830033,855,1.076500291004777,7048,366.1186893749982,704,39.43821829196531,2591,0.058723082998767495,0.039594040950760245,0.0001497500343248248,483.27745791495545,False,False,False,True,0.0,0.4783320426940918,,0.0,8231,Reasoning bodies exclude closing-think; answer count includes terminal EOS. No pretence these bodies count inserted bridges.
atcoder/abc357_d,H25,0,25,1197,d435574af051b22bd0c96bdc2591f1068b72013a8fca67f55c65b5f8f8e8ccc1,539794440549704899,3245854212816429949,1b63851d5db1f2525987e3800ffab69cb3c13a4e0092918ded49d942242f17e8,c6da98799a9009ff527369e4faed55ff5f299bb46665049a87087fc8884aaae9,True,False,pass,4790,189.81117154099047,1573,1.9939620830118656,3726,190.4006142920116,611,32.595408709021285,2275,0.05319183401297778,0.004779374925419688,0.00018533295951783657,414.85931316693313,False,False,False,True,0.0,0.47817206382751465,,0.0,5534,Reasoning bodies exclude closing-think; answer count includes terminal EOS. No pretence these bodies count inserted bridges.
atcoder/abc357_d,H25,1,25,1197,d435574af051b22bd0c96bdc2591f1068b72013a8fca67f55c65b5f8f8e8ccc1,539794440549704899,2607902686152059905,e837f5c805a49fc1cb7f30ae47833142db2d771c505f6329715701757f6e4e10,ade4dbaa28a431f7d1158293d3f9dd353761ee57a0b0683a97f6f30fb33212ea,True,False,pass,4790,189.81117154099047,1573,1.9939620830118656,3726,190.4006142920116,530,28.249230707995594,2114,0.05548225005622953,0.008346457965672016,0.00018533295951783657,410.51899266499095,False,False,False,True,0.0,0.47919368743896484,,0.0,5453,Reasoning bodies exclude closing-think; answer count includes terminal EOS. No pretence these bodies count inserted bridges.
atcoder/abc357_d,H25,2,25,1197,d435574af051b22bd0c96bdc2591f1068b72013a8fca67f55c65b5f8f8e8ccc1,539794440549704899,3117644975656057533,d1c49388bf003c06a0bd98ea156b55bb78746dbac895726362537737869d45a7,5ee5a765218fc39825d24dc4624eedf15d6c242441d666709ea005c86897f683,True,False,pass,4790,189.81117154099047,1573,1.9939620830118656,3726,190.4006142920116,626,33.316149584017694,2207,0.055997250019572675,0.00487379205878824,0.00018533295951783657,415.5829538750695,False,False,False,True,0.0,0.47823357582092285,,0.0,5549,Reasoning bodies exclude closing-think; answer count includes terminal EOS. No pretence these bodies count inserted bridges.
atcoder/abc357_d,H50,0,50,2395,d435574af051b22bd0c96bdc2591f1068b72013a8fca67f55c65b5f8f8e8ccc1,539794440549704899,3245854212816429949,0bc535c51bd3ef2c69e26295b8e4bf9d178c6a332d48aafba9d39b767df4931b,f21e475e6e05900c74b1f181d014b6f7e38e1d56ab48e2ee665cf3348821cb23,True,False,pass,4790,381.78619441599585,2771,3.5332953330362216,6310,339.8820774999913,719,41.3310118339723,2511,0.057263041962869465,0.009432499995455146,0.00026604102458804846,766.5995406659786,False,False,False,True,0.0,0.47919678688049316,,0.0,9424,Reasoning bodies exclude closing-think; answer count includes terminal EOS. No pretence these bodies count inserted bridges.
atcoder/abc357_d,H50,1,50,2395,d435574af051b22bd0c96bdc2591f1068b72013a8fca67f55c65b5f8f8e8ccc1,539794440549704899,2607902686152059905,b7ed34237d8482bd9794b51fce6b1d8df94d0176fe2b7eed63e12f3f2812eb8e,883784b988d31e7b2713c39c9b5c85abfc99eb4582573fc5984e04ace149a278,True,False,pass,4790,381.78619441599585,2771,3.5332953330362216,6310,339.8820774999913,690,39.59137358388398,2586,0.06004545802716166,0.007901874952949584,0.00026604102458804846,764.861154206912,False,False,False,True,0.0,0.47909021377563477,,0.0,9395,Reasoning bodies exclude closing-think; answer count includes terminal EOS. No pretence these bodies count inserted bridges.
atcoder/abc357_d,H50,2,50,2395,d435574af051b22bd0c96bdc2591f1068b72013a8fca67f55c65b5f8f8e8ccc1,539794440549704899,3117644975656057533,f58081004aaa22577d985c0def5f5dcc6802a67f9808e12e346947d551bcbb63,bb85a22540da409e5b151983954900fbe0cce408169c8077162318b5ec2e0f1b,True,False,pass,4790,381.78619441599585,2771,3.5332953330362216,6310,339.8820774999913,772,44.3334259580588,2817,0.05963725002948195,0.016345957992598414,0.00026604102458804846,769.6112424561288,False,False,False,True,0.0,0.4791262149810791,,0.0,9477,Reasoning bodies exclude closing-think; answer count includes terminal EOS. No pretence these bodies count inserted bridges.
atcoder/abc357_d,H75,0,75,3592,d435574af051b22bd0c96bdc2591f1068b72013a8fca67f55c65b5f8f8e8ccc1,539794440549704899,3245854212816429949,10779bfff0ed29830672d934f76f98393c86c51a8b57c0f9a061ea707bf3524c,ea4701b7e1c97256edad7f59aa1e54920a6c92eeaad3913412177ceeb0471dd2,True,False,pass,4790,577.5179825000232,3968,5.103378167026676,2858,152.37205570796505,717,39.483375333133154,2749,0.05498500005342066,0.007575707975775003,0.0003584999358281493,774.5397109161131,False,False,False,True,0.0,0.47780919075012207,,0.0,7167,Reasoning bodies exclude closing-think; answer count includes terminal EOS. No pretence these bodies count inserted bridges.
atcoder/abc357_d,H75,1,75,3592,d435574af051b22bd0c96bdc2591f1068b72013a8fca67f55c65b5f8f8e8ccc1,539794440549704899,2607902686152059905,9873efea660f7550ea0289a48e2c4a1bb67f2bddd0aeb9db4c49a22eec09c9ce,c9b95dbc222161f95e3d43036b13de044eb6540142a01443feda1200b1fb092a,True,False,pass,4790,577.5179825000232,3968,5.103378167026676,2858,152.37205570796505,728,40.044973084004596,2598,0.05770424997899681,0.0063439999939873815,0.0003584999358281493,775.1027962089283,False,False,False,True,0.0,0.4799919128417969,,0.0,7178,Reasoning bodies exclude closing-think; answer count includes terminal EOS. No pretence these bodies count inserted bridges.
atcoder/abc357_d,H75,2,75,3592,d435574af051b22bd0c96bdc2591f1068b72013a8fca67f55c65b5f8f8e8ccc1,539794440549704899,3117644975656057533,782ae797a7c65426642365dbfa82d1c7eea7564f64dac8c59153842d6c47cefc,f149383f810fa183c44fd863f16908ffb5df4547cf85f0777ea81d603f1391a3,True,False,pass,4790,577.5179825000232,3968,5.103378167026676,2858,152.37205570796505,694,38.13075575011317,2529,0.0563674580771476,0.026124458061531186,0.0003584999358281493,773.2070225412026,False,False,False,True,0.0,0.47979187965393066,,0.0,7144,Reasoning bodies exclude closing-think; answer count includes terminal EOS. No pretence these bodies count inserted bridges.
atcoder/abc357_d,FULL_TEXT,0,100,4790,d435574af051b22bd0c96bdc2591f1068b72013a8fca67f55c65b5f8f8e8ccc1,,3245854212816429949,36879192f03113525fec75b83a9d865a839c8646307b0cf4ffaf40d8c868f877,d43eb18e3594fe54558aba764a5f15f784959094d4ab45a155115cff47e19248,True,False,pass,4790,776.7669818330323,5166,6.915197708993219,0,0.0,718,38.253096416941844,2562,0.054729083087295294,0.005249249981716275,0.0004205419681966305,821.9956748340046,False,False,False,True,0.0,0.4804871082305908,,0.0,5508,Reasoning bodies exclude closing-think; answer count includes terminal EOS. No pretence these bodies count inserted bridges.
atcoder/abc357_d,FULL_TEXT,1,100,4790,d435574af051b22bd0c96bdc2591f1068b72013a8fca67f55c65b5f8f8e8ccc1,,2607902686152059905,c346d0d2eb6e00a7ec02ea2f910e572922bfb14364b3c2ff86dd1e0472c859c5,939a603ab52f93a10a2d2e19951d428c457f626e29e1f4b9264f2c0af068d48d,True,False,pass,4790,776.7669818330323,5166,6.915197708993219,0,0.0,759,40.290859166998416,2863,0.05564483406487852,0.037956541986204684,0.0004205419681966305,824.0670606270432,False,False,False,True,0.0,0.4803001880645752,,0.0,5549,Reasoning bodies exclude closing-think; answer count includes terminal EOS. No pretence these bodies count inserted bridges.
atcoder/abc357_d,FULL_TEXT,2,100,4790,d435574af051b22bd0c96bdc2591f1068b72013a8fca67f55c65b5f8f8e8ccc1,,3117644975656057533,fab553e9f23bad1ae7dcb1b270ac087cd9b789b4520439ff872f7b9344ea6f9a,3faa539c8984dde866e5c5a681a8d1d702092a6e41e694b80999bacd6a7f5451,True,False,pass,4790,776.7669818330323,5166,6.915197708993219,0,0.0,814,43.360010831966065,2628,0.05501508293673396,0.03929270803928375,0.0004205419681966305,827.1369187069358,False,False,False,True,0.0,0.4806253910064697,,0.0,5604,Reasoning bodies exclude closing-think; answer count includes terminal EOS. No pretence these bodies count inserted bridges.
atcoder/abc357_d,LARGE_ONLY,0,,4790,d435574af051b22bd0c96bdc2591f1068b72013a8fca67f55c65b5f8f8e8ccc1,,795875909446463506,b6588480bf7fc5555779e6e98f3e6d33bde3676ca6584ee8144100669f3b3843,178f3b5461c46be73f7cf4ac7a47f5fca6eecf7a1aea83a5a39473a45d7478f2,True,False,pass,4790,776.7669818330323,0,0,0,0,591,99.21525933296653,2398,0.16672058298718184,0.03289687499636784,0,876.1818586239824,False,False,False,True,0.0,0.48142194747924805,,0.0,5381,Reasoning bodies exclude closing-think; answer count includes terminal EOS. No pretence these bodies count inserted bridges.
atcoder/abc357_d,LARGE_ONLY,1,,4790,d435574af051b22bd0c96bdc2591f1068b72013a8fca67f55c65b5f8f8e8ccc1,,2927036310227344930,20821ba836e6dfb3e08558e0e925afbdfb0e13bd4bdfc6fc13849ac6127173a1,cd9d9dccfb1386ac5a40e6e189314324942b6cb1dee1c76577a80a9b6a7b22b5,True,False,pass,4790,776.7669818330323,0,0,0,0,696,116.87023462506477,2679,0.16902624996146187,0.04763066698797047,0,893.8538733750465,False,False,False,True,0.0,0.48316502571105957,,0.0,5486,Reasoning bodies exclude closing-think; answer count includes terminal EOS. No pretence these bodies count inserted bridges.
atcoder/abc357_d,LARGE_ONLY,2,,4790,d435574af051b22bd0c96bdc2591f1068b72013a8fca67f55c65b5f8f8e8ccc1,,366812445073122363,2de00141b1859d8e6b10b0f9a0d2f7178b2803dc8caa7b06fdb344a0b4d4c052,e7f91534bad1775d23d6d6cc2ec8bc9bab6b41a90ec0181ba8dbd6df3486eafa,True,False,pass,4790,776.7669818330323,0,0,0,0,638,107.0405563749955,2454,0.16821987502044067,0.04897379199974239,0,884.024731875048,False,False,False,True,0.0,0.47908663749694824,,0.0,5428,Reasoning bodies exclude closing-think; answer count includes terminal EOS. No pretence these bodies count inserted bridges.
atcoder/abc360_c,SMALL_ONLY,0,0,0,4525bc69d18ec267fd63683149117664bc235b0ed03f8f9138f5019bf4c0b762,6017660051001159500,1319932863591202898,64187db89392fd86a625f42b95d780ccfbf5215b9c11b4a1523b5232a171af45,4f537d49aaabaf807c902af924835330cb443f6779a710b33b72276c0c29d3f5,True,False,pass,9166,0.0,526,0.6965319579467177,12802,710.2929404169554,634,40.37545045791194,2824,0.06359704094938934,0.00961595808621496,0.0001544170081615448,751.4382902488578,False,False,False,True,0.0,0.9552018642425537,,0.0,13436,Reasoning bodies exclude closing-think; answer count includes terminal EOS. No pretence these bodies count inserted bridges.
atcoder/abc360_c,SMALL_ONLY,1,0,0,4525bc69d18ec267fd63683149117664bc235b0ed03f8f9138f5019bf4c0b762,6017660051001159500,1492926033949434056,1ec55088270a7aa40a5b66bd06c448edb374be33fb7ccd949e6e2875e124c528,db05563de0ccdb42fbc7be47db4bb2ef71c9618602954d5b24dd0833df17ddf6,True,False,pass,9166,0.0,526,0.6965319579467177,12802,710.2929404169554,572,36.92304391693324,2653,0.06452354195062071,0.014481124933809042,0.0001544170081615448,747.9916753757279,False,False,False,True,0.0,0.9477128982543945,,0.0,13374,Reasoning bodies exclude closing-think; answer count includes terminal EOS. No pretence these bodies count inserted bridges.
atcoder/abc360_c,SMALL_ONLY,2,0,0,4525bc69d18ec267fd63683149117664bc235b0ed03f8f9138f5019bf4c0b762,6017660051001159500,8035371194985437003,23d4e9c397b0d7e0a7e22f253f136c9b3d68c812bf90d27af5de61cd8fc484a3,d23dc98e4d449ae1979d7d630ea4906f9fae157a1caa67624a663d69c32293e6,True,False,pass,9166,0.0,526,0.6965319579467177,12802,710.2929404169554,600,39.904388041002676,2708,0.06711870804429054,0.02940170804504305,0.0001544170081615448,750.9905352490023,False,False,False,True,0.0,0.9581801891326904,,0.0,13402,Reasoning bodies exclude closing-think; answer count includes terminal EOS. No pretence these bodies count inserted bridges.
atcoder/abc360_c,H10,0,10,916,4525bc69d18ec267fd63683149117664bc235b0ed03f8f9138f5019bf4c0b762,6017660051001159500,1319932863591202898,54753b181d07713c27fd1218c84067e7bd0594b002d9bb9eb301baa9e0470223,669d4d13500f543b3513d2633814be7ecf538402bc52c3050c3ed8cbaac54a30,True,False,pass,9166,146.8636909580091,1442,1.8687970420578495,6492,350.6979836249957,599,34.962083250051364,2578,0.05654791695997119,0.006454666960053146,0.00021683296654373407,534.4557742920006,False,False,False,True,0.0,0.9986867904663086,,0.0,8007,Reasoning bodies exclude closing-think; answer count includes terminal EOS. No pretence these bodies count inserted bridges.
atcoder/abc360_c,H10,1,10,916,4525bc69d18ec267fd63683149117664bc235b0ed03f8f9138f5019bf4c0b762,6017660051001159500,1492926033949434056,eb8e7c5cc72e8541e6fdfec30eefb6880e9aac81a264ae8927622f60db003f66,abe83fb8ae1e85c487a1264e7a3f9cef9099690b61e5544f1bc38fc1d97bb9cd,True,False,pass,9166,146.8636909580091,1442,1.8687970420578495,6492,350.6979836249957,627,36.54490891704336,2660,0.06063733296468854,0.041537916054949164,0.00021683296654373407,536.0777726240922,False,False,False,True,0.0,1.0206992626190186,,0.0,8035,Reasoning bodies exclude closing-think; answer count includes terminal EOS. No pretence these bodies count inserted bridges.
atcoder/abc360_c,H10,2,10,916,4525bc69d18ec267fd63683149117664bc235b0ed03f8f9138f5019bf4c0b762,6017660051001159500,8035371194985437003,0824917df508328dc9eaff1c6fa00498831a851f28578d2ab31e1b3eb14ebbd9,ce212d1c989ef500e96acc51f5a92aa0ac6f416b769fec54696f3e6282b5071f,True,False,pass,9166,146.8636909580091,1442,1.8687970420578495,6492,350.6979836249957,604,35.21054787491448,2632,0.06018266698811203,0.04030304204206914,0.00021683296654373407,534.7417220419738,False,False,False,True,0.0,1.0141651630401611,,0.0,8012,Reasoning bodies exclude closing-think; answer count includes terminal EOS. No pretence these bodies count inserted bridges.
atcoder/abc360_c,H25,0,25,2291,4525bc69d18ec267fd63683149117664bc235b0ed03f8f9138f5019bf4c0b762,6017660051001159500,1319932863591202898,2fc9e02e1f623699fa8cfe74f90f92a28d9ecdeba5752c0b0328152fdc670bcb,655aff924a29902257fa8bdf6f786f8e79f514ba676480508e96d5c2211742e1,True,False,pass,9166,367.21905708301347,2817,3.767983291996643,9441,537.300777999917,672,41.77320520801004,2842,0.06168645806610584,0.016897500026971102,0.000362665974535048,950.1399702070048,False,False,False,True,0.0,1.0174126625061035,,0.0,12404,Reasoning bodies exclude closing-think; answer count includes terminal EOS. No pretence these bodies count inserted bridges.
atcoder/abc360_c,H25,1,25,2291,4525bc69d18ec267fd63683149117664bc235b0ed03f8f9138f5019bf4c0b762,6017660051001159500,1492926033949434056,5953dfb95734b86f3e60ee98cef43e2c053adb7c749d9f7b7477534b488b5f47,ba9ee794987b18a98a56b1c111f6a79c77139eb741067d2c13f90b0e006760db,True,False,pass,9166,367.21905708301347,2817,3.767983291996643,9441,537.300777999917,663,40.689952290966175,2923,0.0630800420185551,0.05311570793855935,0.000362665974535048,949.094329081825,False,False,False,True,0.0,1.01240873336792,,0.0,12395,Reasoning bodies exclude closing-think; answer count includes terminal EOS. No pretence these bodies count inserted bridges.
atcoder/abc360_c,H25,2,25,2291,4525bc69d18ec267fd63683149117664bc235b0ed03f8f9138f5019bf4c0b762,6017660051001159500,8035371194985437003,236a79d033aa425615781cd1c735899525da8c200c5bec32545c779ae86b0b37,9c3c3b965571e6e96fd8fa24aba8ed8aa58caafb8cb0c7303364731abff6cdde,True,False,pass,9166,367.21905708301347,2817,3.767983291996643,9441,537.300777999917,686,42.092262999969535,2929,0.06291683402378112,0.04254058294463903,0.000362665974535048,950.4859014578396,False,False,False,True,0.0,1.0029325485229492,,0.0,12418,Reasoning bodies exclude closing-think; answer count includes terminal EOS. No pretence these bodies count inserted bridges.
atcoder/abc360_c,H50,0,50,4583,4525bc69d18ec267fd63683149117664bc235b0ed03f8f9138f5019bf4c0b762,6017660051001159500,1319932863591202898,7ce6340690494d5b2b682c49d6d19fac6dbb2ff5d2afad6dcb5a7e61d30c3f80,6ac6a656482844e1e327e4a8af2806567b7436a8da1424130a8710c4649f89d4,True,False,pass,9166,745.3616907920223,5109,6.728163583902642,7975,458.3357455000514,687,43.44349570898339,3035,0.06264508399181068,0.009872124996036291,0.00046200002543628216,1253.942074793973,False,False,False,True,0.0,0.9690878391265869,,0.0,13245,Reasoning bodies exclude closing-think; answer count includes terminal EOS. No pretence these bodies count inserted bridges.
atcoder/abc360_c,H50,1,50,4583,4525bc69d18ec267fd63683149117664bc235b0ed03f8f9138f5019bf4c0b762,6017660051001159500,1492926033949434056,b52202b04b727064021dce13b08784f7886fb6e4f0c5b763abb17430bcd03df7,ff4857cf61cba2532b42c72d361035b0644fc9927bcfb98d4e6044d317a4dd97,True,False,pass,9166,745.3616907920223,5109,6.728163583902642,7975,458.3357455000514,639,39.907726416015066,2821,0.06433466705493629,0.014220290933735669,0.00046200002543628216,1250.4123432500055,False,False,False,True,0.0,0.9913675785064697,,0.0,13197,Reasoning bodies exclude closing-think; answer count includes terminal EOS. No pretence these bodies count inserted bridges.
atcoder/abc360_c,H50,2,50,4583,4525bc69d18ec267fd63683149117664bc235b0ed03f8f9138f5019bf4c0b762,6017660051001159500,8035371194985437003,3f31e97f174b838a57c170eda5d5861c6b7fad438428092c7798036edc9c4f7b,0fb2362d7d2357071460c5d06a69e554493c03769fe00c3c78e8f2ada59eb513,True,False,pass,9166,745.3616907920223,5109,6.728163583902642,7975,458.3357455000514,681,42.5418132499326,2932,0.06425654201302677,0.014098332962021232,0.00046200002543628216,1253.0462300009094,False,False,False,True,0.0,1.0090177059173584,,0.0,13239,Reasoning bodies exclude closing-think; answer count includes terminal EOS. No pretence these bodies count inserted bridges.
atcoder/abc360_c,H75,0,75,6874,4525bc69d18ec267fd63683149117664bc235b0ed03f8f9138f5019bf4c0b762,6017660051001159500,1319932863591202898,cc8203bbff87f57ca5d3c3c98e8e05e7369e07c53858ecabc7a7b0954e178d03,90f00daedc3b14bbc604681bd06d3f8ac91acfb6c31ad6b98bb50a7090ae664f,True,False,pass,9166,1134.750174875022,7400,10.337377124931663,3595,206.28321437502746,615,36.842160167056136,2823,0.05886479199398309,0.009651541011407971,0.0005951250204816461,1388.282038000063,False,False,False,True,0.0,0.9333207607269287,,0.0,11084,Reasoning bodies exclude closing-think; answer count includes terminal EOS. No pretence these bodies count inserted bridges.
atcoder/abc360_c,H75,1,75,6874,4525bc69d18ec267fd63683149117664bc235b0ed03f8f9138f5019bf4c0b762,6017660051001159500,1492926033949434056,5183245fb2b6332b342ba3d4bdc45885cfa131bfa3bc93ddfdf6f17c3807a105,773875d47e86486b7dd29ea642c1d1a9a702ccb4ce790f3a40b3475862945c42,True,False,pass,9166,1134.750174875022,7400,10.337377124931663,3595,206.28321437502746,587,35.05584679194726,2626,0.061994208954274654,0.05064083298202604,0.0005951250204816461,1386.539843333885,False,False,False,True,0.0,0.9219505786895752,,0.0,11056,Reasoning bodies exclude closing-think; answer count includes terminal EOS. No pretence these bodies count inserted bridges.
atcoder/abc360_c,H75,2,75,6874,4525bc69d18ec267fd63683149117664bc235b0ed03f8f9138f5019bf4c0b762,6017660051001159500,8035371194985437003,c078d822cdd97fdecb3cb87f7fa85817378ba99a427e2c670ee6105808854af2,1df13c0ecad2d87b99988104509dcec89ce9b8e948569b07315114edd65cdaa8,True,False,pass,9166,1134.750174875022,7400,10.337377124931663,3595,206.28321437502746,604,36.08543162490241,2726,0.061880082939751446,0.040759374969638884,0.0005951250204816461,1387.5594325828133,False,False,False,True,0.0,0.9209399223327637,,0.0,11073,Reasoning bodies exclude closing-think; answer count includes terminal EOS. No pretence these bodies count inserted bridges.
atcoder/abc360_c,FULL_TEXT,0,100,9166,4525bc69d18ec267fd63683149117664bc235b0ed03f8f9138f5019bf4c0b762,,1319932863591202898,10ead06271ece7a63b804970292ca53acdef02bef8a8bca2ea65f88da860a4a8,630e63924bcc88c72130fae816109af59004ed22a30227ea6e0d9f68755cc00c,True,False,pass,9166,1536.259862624982,9692,14.525594791979529,0,0.0,589,34.669899167027324,2610,0.06219645799137652,0.007696332992054522,0.0007714589592069387,1585.5260208339314,False,False,False,True,0.0,0.7466413974761963,,0.0,9755,Reasoning bodies exclude closing-think; answer count includes terminal EOS. No pretence these bodies count inserted bridges.
atcoder/abc360_c,FULL_TEXT,1,100,9166,4525bc69d18ec267fd63683149117664bc235b0ed03f8f9138f5019bf4c0b762,,1492926033949434056,96d7a6d7786b567864da39428d64ab26582cedafac8da1262ce3b219cd031e1a,14c38aaabfa1f95127552e418767ed905a816f001eb3dbbc4de3f608717779c1,True,False,pass,9166,1536.259862624982,9692,14.525594791979529,0,0.0,570,33.819586791913025,2568,0.05974170891568065,0.011081665987148881,0.0007714589592069387,1584.6766390427365,False,False,False,True,0.0,0.6932535171508789,,0.0,9736,Reasoning bodies exclude closing-think; answer count includes terminal EOS. No pretence these bodies count inserted bridges.
atcoder/abc360_c,FULL_TEXT,2,100,9166,4525bc69d18ec267fd63683149117664bc235b0ed03f8f9138f5019bf4c0b762,,8035371194985437003,3ca82755daf90123ab632b56791b1e999195aa19b39727793dd4bb7a551f262b,30d1fa15253b0ab3a8484b576eb4d1bcd12ac4438209a2f98b15a4967c3296b4,True,False,pass,9166,1536.259862624982,9692,14.525594791979529,0,0.0,582,34.26351158297621,2580,0.06214312498923391,0.010824374970979989,0.0007714589592069387,1585.122707958857,False,False,False,True,0.0,0.7146739959716797,,0.0,9748,Reasoning bodies exclude closing-think; answer count includes terminal EOS. No pretence these bodies count inserted bridges.
atcoder/abc360_c,LARGE_ONLY,0,,9166,4525bc69d18ec267fd63683149117664bc235b0ed03f8f9138f5019bf4c0b762,,4450350685228913855,8cfc3e75449f55e50391acd60124bf6e7ac228943ca230b5ccf69389533604a8,d30fb2ad8653fdbb89936c374810a872cd49c70ce4677fae87497f2b6b918068,True,False,pass,9166,1536.259862624982,0,0,0,0,566,100.65175783302402,2527,0.17719583300640807,0.015446417033672333,0,1637.104262708046,False,False,False,True,0.0,0.7083394527435303,,0.0,9732,Reasoning bodies exclude closing-think; answer count includes terminal EOS. No pretence these bodies count inserted bridges.
atcoder/abc360_c,LARGE_ONLY,1,,9166,4525bc69d18ec267fd63683149117664bc235b0ed03f8f9138f5019bf4c0b762,,2244581176012635792,3cd94e72eeea1793c30aab0dc0b710a5da2b380ecc02b2324d07af0a0352da86,64abbc799d672072b556a77b771f591e55d8623965a440488275c72bf9eb67a6,True,False,pass,9166,1536.259862624982,0,0,0,0,557,98.93022837495664,2510,0.1792261670343578,0.06662620900897309,0,1635.4359433759819,False,False,False,True,0.0,0.698174238204956,,0.0,9723,Reasoning bodies exclude closing-think; answer count includes terminal EOS. No pretence these bodies count inserted bridges.
atcoder/abc360_c,LARGE_ONLY,2,,9166,4525bc69d18ec267fd63683149117664bc235b0ed03f8f9138f5019bf4c0b762,,3241574844568157790,04574e2ff166fb046bfe0ea079c95783ab755ed73e92c6d86b39b5f677ef3e55,a8ab1ff7cc3b4b8c55b73fa0d2f442b98bea71b0b32bc662163f5a30470b509d,True,False,pass,9166,1536.259862624982,0,0,0,0,550,97.6552906249999,2405,0.17714220803463832,0.06566754099912941,0,1634.1579629990156,False,False,False,True,0.0,0.6831927299499512,,0.0,9716,Reasoning bodies exclude closing-think; answer count includes terminal EOS. No pretence these bodies count inserted bridges.
leetcode/3430,SMALL_ONLY,0,0,0,c129d922894c87866b5d0c444c7d19af5ebd7fb9990ea9838e379001a465a12f,7039824452983527305,4545322325982699640,e511857183c986764d53258b1181ab0ebb2afce41d9ffd3571c2d47a408c2ad0,332c568248ec668f5a4e7d0829ddb755b57be7fbb20acb03608e51fb459a509a,True,False,pass,4017,0.0,341,0.4469319999916479,2274,111.67542658303864,591,30.57487583195325,2983,0.05127683305181563,0.004025292000733316,0.0001074580941349268,142.75264399813022,False,False,False,True,0.0,1.4478886127471924,,0.0,2865,Reasoning bodies exclude closing-think; answer count includes terminal EOS. No pretence these bodies count inserted bridges.
leetcode/3430,SMALL_ONLY,1,0,0,c129d922894c87866b5d0c444c7d19af5ebd7fb9990ea9838e379001a465a12f,7039824452983527305,2694386054770639679,4ea28f7827a9b96875be8ebadbc2401b3ae254e168a3a15965d254807a0d3f60,55a6d5a30986a9346a4bf411147819b3d2457f4dde5bb6e7395d22994cc62c9f,True,False,pass,4017,0.0,341,0.4469319999916479,2274,111.67542658303864,563,28.216511167003773,2780,0.05388195801060647,0.008328250027261674,0.0001074580941349268,140.40118741616607,False,False,False,True,0.0,1.45245361328125,,0.0,2837,Reasoning bodies exclude closing-think; answer count includes terminal EOS. No pretence these bodies count inserted bridges.
leetcode/3430,SMALL_ONLY,2,0,0,c129d922894c87866b5d0c444c7d19af5ebd7fb9990ea9838e379001a465a12f,7039824452983527305,433462412501845481,cb329a46727e1f586d0458785c74457c711a4b0a34c6ea9e1d62370d6aded041,6c68027431225e1e560075f1e99f0faf2ba8afe66d0e9b593973ad7eb4bf49e0,True,False,pass,4017,0.0,341,0.4469319999916479,2274,111.67542658303864,623,31.26168187498115,3102,0.05215462506748736,0.009116625064052641,0.0001074580941349268,143.44541916623712,False,False,False,True,0.0,1.4482853412628174,,0.0,2897,Reasoning bodies exclude closing-think; answer count includes terminal EOS. No pretence these bodies count inserted bridges.
leetcode/3430,H10,0,10,401,c129d922894c87866b5d0c444c7d19af5ebd7fb9990ea9838e379001a465a12f,7039824452983527305,4545322325982699640,afa8886ddbda9164aebde6ffeba889d945a726564d22dbcfa08194daf2fbde6e,5ca209d410a4a0fe556a49444ed270b98ee989dbb8bc38dc2ec663116f6e5c65,True,False,pass,4017,64.17112341697793,742,0.9289799579419196,1843,90.0316187919816,628,31.509740917012095,3222,0.04766091599594802,0.003397833905182779,0.00011683395132422447,186.692638667766,False,False,False,True,0.0,1.428607702255249,,0.0,2872,Reasoning bodies exclude closing-think; answer count includes terminal EOS. No pretence these bodies count inserted bridges.
leetcode/3430,H10,1,10,401,c129d922894c87866b5d0c444c7d19af5ebd7fb9990ea9838e379001a465a12f,7039824452983527305,2694386054770639679,cee3eb27e20bebf294f0c2150b86d470a4e557c947eee8a2880d288c2a4ccbb4,6441783683a55fd94b7325fdb1a11695f6430a58bf35188d1b95a9f03112091d,True,False,pass,4017,64.17112341697793,742,0.9289799579419196,1843,90.0316187919816,582,29.17580716696102,2963,0.053111208020709455,0.0034511249978095293,0.00011683395132422447,184.36420850083232,False,False,False,True,0.0,1.4261281490325928,,0.0,2826,Reasoning bodies exclude closing-think; answer count includes terminal EOS. No pretence these bodies count inserted bridges.
leetcode/3430,H10,2,10,401,c129d922894c87866b5d0c444c7d19af5ebd7fb9990ea9838e379001a465a12f,7039824452983527305,433462412501845481,2fcb11ab6f67b9dae29de44f9a1478ea6b12a66e1c1f6777eb6f3f8914d31b49,e6e633974cfc295d6479b4e4648a9bb7daf13fab75cf50c762434c948e4ee62c,True,False,pass,4017,64.17112341697793,742,0.9289799579419196,1843,90.0316187919816,593,29.74916458397638,2989,0.05288470897357911,0.004098584060557187,0.00011683395132422447,184.9379868778633,False,False,False,True,0.0,1.4263670444488525,,0.0,2837,Reasoning bodies exclude closing-think; answer count includes terminal EOS. No pretence these bodies count inserted bridges.
leetcode/3430,H25,0,25,1004,c129d922894c87866b5d0c444c7d19af5ebd7fb9990ea9838e379001a465a12f,7039824452983527305,4545322325982699640,63df92891a5b170b1630543504cd7317e20d29085acba94fd842764f745b7960,56e7ad90ec4f78c72cda923a94baa3d63833018870277447358352551a36824c,True,False,pass,4017,159.12277862493647,1345,1.6923986671026796,1158,56.91554904100485,603,30.145325500168838,2961,0.048860082984901965,0.0034357920521870255,0.00016300007700920105,247.92851070832694,False,False,False,True,0.0,1.435293197631836,,0.0,2765,Reasoning bodies exclude closing-think; answer count includes terminal EOS. No pretence these bodies count inserted bridges.
leetcode/3430,H25,1,25,1004,c129d922894c87866b5d0c444c7d19af5ebd7fb9990ea9838e379001a465a12f,7039824452983527305,2694386054770639679,0353dd0adfb939db272b397244842946d021da06c3b47663300e0f78b0f61e9d,78002c2fc781ec6fc95c60e9f53ea0b26b58a377acb3a453c72ab8216e5e216a,True,False,pass,4017,159.12277862493647,1345,1.6923986671026796,1158,56.91554904100485,563,28.162061333074234,2809,0.050843541976064444,0.0035154999932274222,0.00016300007700920105,245.94730970816454,False,False,False,True,0.0,1.4495997428894043,,0.0,2725,Reasoning bodies exclude closing-think; answer count includes terminal EOS. No pretence these bodies count inserted bridges.
leetcode/3430,H25,2,25,1004,c129d922894c87866b5d0c444c7d19af5ebd7fb9990ea9838e379001a465a12f,7039824452983527305,433462412501845481,02f4ad290343864b32459222ba3eed2396abe67641f88780760e9f412641912e,4a77b7c581f02ae7a22c763ced764c35b500b5a530e0bb15936c00400e9fc2d0,True,False,pass,4017,159.12277862493647,1345,1.6923986671026796,1158,56.91554904100485,587,29.361419041990303,2902,0.051687082974240184,0.0033188749803230166,0.00016300007700920105,247.14731433306588,False,False,False,True,0.0,1.4514539241790771,,0.0,2749,Reasoning bodies exclude closing-think; answer count includes terminal EOS. No pretence these bodies count inserted bridges.
leetcode/3430,H50,0,50,2008,c129d922894c87866b5d0c444c7d19af5ebd7fb9990ea9838e379001a465a12f,7039824452983527305,4545322325982699640,afefb1d87efebfbe77c28c798e607db43570d74e99de84c0a76950b37625c9d5,52fd6d27d4a314878e1875b9ca567321dfe3fc56b5c5c8a224214874a55e840b,True,False,pass,4017,319.4015992079512,2349,2.948086167103611,463,22.992827959009446,607,30.61520754103549,3087,0.04980849998537451,0.003536042058840394,0.0002470839535817504,376.01131250109756,False,False,False,True,0.0,1.4225218296051025,,0.0,3078,Reasoning bodies exclude closing-think; answer count includes terminal EOS. No pretence these bodies count inserted bridges.
leetcode/3430,H50,1,50,2008,c129d922894c87866b5d0c444c7d19af5ebd7fb9990ea9838e379001a465a12f,7039824452983527305,2694386054770639679,010f63b5d6f070cbf51b6dcd3193aa3482fb239c4d98fdd495c1b740c2d16c3d,f68031c9b8a0ab05d352ca36993f04124e0867efa0bd30c16a3cafc172333cdb,True,False,pass,4017,319.4015992079512,2349,2.948086167103611,463,22.992827959009446,602,30.45286137412768,3092,0.05212158395443112,0.00448908400721848,0.0002470839535817504,375.8522324601072,False,False,False,True,0.0,1.4101762771606445,,0.0,3073,Reasoning bodies exclude closing-think; answer count includes terminal EOS. No pretence these bodies count inserted bridges.
leetcode/3430,H50,2,50,2008,c129d922894c87866b5d0c444c7d19af5ebd7fb9990ea9838e379001a465a12f,7039824452983527305,433462412501845481,dbdbf6f4d3302fe7d9120ccb23f215f671c405500a93d2e6c66837e790fbc63d,88e8c40337cb082ac813cb48e61980ce776797acf2c0826457a4af7e80c81a7c,True,False,pass,4017,319.4015992079512,2349,2.948086167103611,463,22.992827959009446,584,29.524228499038145,3015,0.052355875028297305,0.003516583004966378,0.0002470839535817504,374.92286137508927,False,False,False,True,0.0,1.431694507598877,,0.0,3055,Reasoning bodies exclude closing-think; answer count includes terminal EOS. No pretence these bodies count inserted bridges.
leetcode/3430,H75,0,75,3012,c129d922894c87866b5d0c444c7d19af5ebd7fb9990ea9838e379001a465a12f,7039824452983527305,4545322325982699640,6c3e299288ba7669fe61c71ba6275b57f93a7e0b2524334f6c16e0c023f847e5,e7b037d7d71ffea80e70c33764f2a4ec30e48b230a1c77a0ba41c1f84f32cf17,True,False,pass,4017,482.19845966697903,3353,4.315492416964844,965,49.73707762500271,628,32.94596204091795,3225,0.05186324997339398,0.005443541100248694,0.000298958970233798,569.2545974999084,False,False,False,True,0.0,1.4384417533874512,,0.0,4605,Reasoning bodies exclude closing-think; answer count includes terminal EOS. No pretence these bodies count inserted bridges.
leetcode/3430,H75,1,75,3012,c129d922894c87866b5d0c444c7d19af5ebd7fb9990ea9838e379001a465a12f,7039824452983527305,2694386054770639679,3d9100bf2918b5b3b4c64ec8ae223000131aae91a864173451544ae88d6c5b28,c9eb63bfa52dfdd8dd726ebc0bdc4a20c4d13ed3a2ddc586fd9f1ae98885cd37,True,False,pass,4017,482.19845966697903,3353,4.315492416964844,965,49.73707762500271,587,30.659260959015228,2992,0.05262808292172849,0.020998124964535236,0.000298958970233798,566.9842158348183,False,False,False,True,0.0,1.4386816024780273,,0.0,4564,Reasoning bodies exclude closing-think; answer count includes terminal EOS. No pretence these bodies count inserted bridges.
leetcode/3430,H75,2,75,3012,c129d922894c87866b5d0c444c7d19af5ebd7fb9990ea9838e379001a465a12f,7039824452983527305,433462412501845481,f6582f0b51f4db82b8956e90e33ec8d02abbb4ae58da93676281a12fa0f98f6a,932f38f8d3ef03e7add972cc9c32e58a11fc415710da38115cfc529d1a97170f,True,False,pass,4017,482.19845966697903,3353,4.315492416964844,965,49.73707762500271,593,30.97357066697441,3029,0.05463066603988409,0.010659584077075124,0.000298958970233798,567.2901895850082,False,False,False,True,0.0,1.4259905815124512,,0.0,4570,Reasoning bodies exclude closing-think; answer count includes terminal EOS. No pretence these bodies count inserted bridges.
leetcode/3430,FULL_TEXT,0,100,4017,c129d922894c87866b5d0c444c7d19af5ebd7fb9990ea9838e379001a465a12f,,4545322325982699640,e5f9ae9eabe3126716b3ec19bd86dbcbababe94ef04769baed6646fa2b5702f6,b80cc34a4754c77f3983489117b446d544f9c3e47cbc16915dc70e93ee5c6d05,True,False,pass,4017,647.8823625419755,4358,5.735862583038397,0,0.0,588,30.649176750099286,3039,0.053860916988924146,0.0048929170006886125,0.00036758300848305225,684.3265232921112,False,False,False,True,0.0,1.4463474750518799,,0.0,4605,Reasoning bodies exclude closing-think; answer count includes terminal EOS. No pretence these bodies count inserted bridges.
leetcode/3430,FULL_TEXT,1,100,4017,c129d922894c87866b5d0c444c7d19af5ebd7fb9990ea9838e379001a465a12f,,2694386054770639679,434aa0dd116f8d20a4058e15e13236f226c7ff69a777fb5e90c2c9315c35dbd9,1d7ac8e4cd784863fa5d616d935e7e3280e7bef8b550bfdb5d96471eee4b5d82,True,False,pass,4017,647.8823625419755,4358,5.735862583038397,0,0.0,619,32.29271116608288,3221,0.05187850003130734,0.008907584007829428,0.00036758300848305225,685.9720899581444,False,False,False,True,0.0,1.4308280944824219,,0.0,4636,Reasoning bodies exclude closing-think; answer count includes terminal EOS. No pretence these bodies count inserted bridges.
leetcode/3430,FULL_TEXT,2,100,4017,c129d922894c87866b5d0c444c7d19af5ebd7fb9990ea9838e379001a465a12f,,433462412501845481,d0203fd1d5aaa280ba51669111b14e11061e87250bfec30ea8d55c3b2805d2c5,04cb42b2cd2e6160b3fbbf3dda1c5d000468579086890caf77bb929ab1f978e8,True,False,pass,4017,647.8823625419755,4358,5.735862583038397,0,0.0,613,32.13409708312247,3105,0.053829874959774315,0.009192666970193386,0.00036758300848305225,685.8157123330748,False,False,False,True,0.0,1.4054434299468994,,0.0,4630,Reasoning bodies exclude closing-think; answer count includes terminal EOS. No pretence these bodies count inserted bridges.
leetcode/3430,LARGE_ONLY,0,,4017,c129d922894c87866b5d0c444c7d19af5ebd7fb9990ea9838e379001a465a12f,,5530534386179304048,9dedfee1556d341a222b58410d5c7e09d9a4a18e2b269068f8bd3b008b5f2688,239ad73120750f0216497beef223800fac185837f1f750bb6f07ef0e8754241f,True,False,pass,4017,647.8823625419755,0,0,0,0,542,90.0502656660392,2731,0.16569537500618026,0.007328541949391365,0,738.1056521249702,False,False,False,True,0.0,1.430298089981079,,0.0,4559,Reasoning bodies exclude closing-think; answer count includes terminal EOS. No pretence these bodies count inserted bridges.
leetcode/3430,LARGE_ONLY,1,,4017,c129d922894c87866b5d0c444c7d19af5ebd7fb9990ea9838e379001a465a12f,,4729095684300455612,3aaebeed9e7a2e65364cca963690823dd6cb8a348ef7d1d1d39262b50c0fd98d,89a4c258d5049f9ee5b6c6955b141d7805aa9a07dbde193924c9a908921901f6,True,False,pass,4017,647.8823625419755,0,0,0,0,510,84.6386810420081,2571,0.16849487501895055,0.028365417034365237,0,732.7179038760369,False,False,False,True,0.0,1.4289095401763916,,0.0,4527,Reasoning bodies exclude closing-think; answer count includes terminal EOS. No pretence these bodies count inserted bridges.
leetcode/3430,LARGE_ONLY,2,,4017,c129d922894c87866b5d0c444c7d19af5ebd7fb9990ea9838e379001a465a12f,,1454786597800596312,033929b57d708c2a7cca917298e62d505528c2e5ba55264bacd251b2eac5d038,7204fac5a83db1b685528f34dce741aa6adf9897b9c4b5b33c13f6831ae06d7c,True,False,pass,4017,647.8823625419755,0,0,0,0,524,87.02652758400654,2663,0.1671140409889631,0.02856175001943484,0,735.1045659169904,False,False,False,True,0.0,1.4292032718658447,,0.0,4541,Reasoning bodies exclude closing-think; answer count includes terminal EOS. No pretence these bodies count inserted bridges.
leetcode/3384,SMALL_ONLY,0,0,0,0589a2e34948c37ba37ee528a0a6c1b82e0d658fb7456f1447e5b736f836678d,7486251826930148767,4038600937300465970,9f629a3a2df156d72925f6ee400e5a4ff215513ebebeea457a4089944ba025d6,1ddab9bdaf37dfdb5e89d928296feafcfdd820d1041dfee04bbef27d8c9b64b1,True,False,pass,2027,0.0,409,0.5179495000047609,1717,82.928507582983,563,27.936737500014715,2493,0.048037667060270905,0.003768084105104208,7.995904888957739e-05,111.43508029321674,False,False,False,True,0.0,0.8605368137359619,,0.0,2280,Reasoning bodies exclude closing-think; answer count includes terminal EOS. No pretence these bodies count inserted bridges.
leetcode/3384,SMALL_ONLY,1,0,0,0589a2e34948c37ba37ee528a0a6c1b82e0d658fb7456f1447e5b736f836678d,7486251826930148767,3000062405666173478,88f311feca0b8e834ab7a38ac9d09650cb7c6ee1b2120f59c612300b095f7b32,96df8b3a2dfbf4b47a8ad314556bacb12f73016ee1597bcf9199f482f656cdd1,True,False,pass,2027,0.0,409,0.5179495000047609,1717,82.928507582983,543,26.9125620839186,2442,0.052123499917797744,0.007311000023037195,7.995904888957739e-05,110.41853362589609,False,False,False,True,0.0,0.845416784286499,,0.0,2260,Reasoning bodies exclude closing-think; answer count includes terminal EOS. No pretence these bodies count inserted bridges.
leetcode/3384,SMALL_ONLY,2,0,0,0589a2e34948c37ba37ee528a0a6c1b82e0d658fb7456f1447e5b736f836678d,7486251826930148767,7004612589015570655,bec6f92f383d8ab30ceb3601f71feacef9b0cbfcfdcaf4a153415501d04e5ce6,ae5de59a1b5620500e74291724a7a6381c044240a0894310e097287de3794314,True,False,pass,2027,0.0,409,0.5179495000047609,1717,82.928507582983,505,24.991222748882137,2235,0.05187354201916605,0.006599582964554429,7.995904888957739e-05,108.49623291590251,False,False,False,True,0.0,0.840564489364624,,0.0,2222,Reasoning bodies exclude closing-think; answer count includes terminal EOS. No pretence these bodies count inserted bridges.
leetcode/3384,H10,0,10,202,0589a2e34948c37ba37ee528a0a6c1b82e0d658fb7456f1447e5b736f836678d,7486251826930148767,4038600937300465970,f5e7bac2962685dbab1c569378bac89e94aa0ba4ba0f587e2b3fb1fd8c96f205,873d92a523312667da9d6c5beb3d000162283cd8c17959fb3640b7439f660eb7,True,False,pass,2027,33.42137729196111,611,0.7919021249981597,1650,80.15358483302407,520,26.108058916870505,2255,0.049000833998434246,0.003123292000964284,8.65840120241046e-05,140.52713387686526,False,False,False,True,0.0,0.8726215362548828,,0.0,2372,Reasoning bodies exclude closing-think; answer count includes terminal EOS. No pretence these bodies count inserted bridges.
leetcode/3384,H10,1,10,202,0589a2e34948c37ba37ee528a0a6c1b82e0d658fb7456f1447e5b736f836678d,7486251826930148767,3000062405666173478,86121266affc6b6f751324964fbe8fba84d9e7fb0d3a481346a26921d850f963,1084c845cd1d066783c62f67765772fb232627bee4cc66afebd20a3fc7e39567,True,False,pass,2027,33.42137729196111,611,0.7919021249981597,1650,80.15358483302407,480,23.7720425829757,2200,0.051872125011868775,0.003476582933217287,8.65840120241046e-05,138.19434212491615,False,False,False,True,0.0,0.8815038204193115,,0.0,2332,Reasoning bodies exclude closing-think; answer count includes terminal EOS. No pretence these bodies count inserted bridges.
leetcode/3384,H10,2,10,202,0589a2e34948c37ba37ee528a0a6c1b82e0d658fb7456f1447e5b736f836678d,7486251826930148767,7004612589015570655,6530c00a758c82fbde6c6d4c8b8bb18707f2460e18ee268a693c2c4490fc980d,c044a78e7e3ab0e9d21f8f68cd6e6ded7b84351a7ddbaea60d668e16371b9aae,True,False,pass,2027,33.42137729196111,611,0.7919021249981597,1650,80.15358483302407,474,23.50850270804949,2207,0.051503708004020154,0.0030297499615699053,8.65840120241046e-05,137.92998700001044,False,False,False,True,0.0,0.8703162670135498,,0.0,2326,Reasoning bodies exclude closing-think; answer count includes terminal EOS. No pretence these bodies count inserted bridges.
leetcode/3384,H25,0,25,506,0589a2e34948c37ba37ee528a0a6c1b82e0d658fb7456f1447e5b736f836678d,7486251826930148767,4038600937300465970,be83ab7339a440afa9c5f353bc8c0167d7ff2e2b3eb170a3ebb3353f390aac66,b2b97cfe21a76ebbfbeb5e7c713886a3840465e416a6dc2cdc1b6acb1f73236b,True,False,pass,2027,80.91954662499484,915,1.1480659999651834,1581,77.39480533299502,553,27.699232000042684,2417,0.04958824999630451,0.0034155419562011957,0.00010808301158249378,187.2147618329618,False,False,False,True,0.0,0.8690965175628662,,0.0,2640,Reasoning bodies exclude closing-think; answer count includes terminal EOS. No pretence these bodies count inserted bridges.
leetcode/3384,H25,1,25,506,0589a2e34948c37ba37ee528a0a6c1b82e0d658fb7456f1447e5b736f836678d,7486251826930148767,3000062405666173478,244e1ac3f15cf4217af259a152ed36550b8055e2432aa58bb121b842c867c05a,afc9e45b3e6769072f68f6bfa5601baededb8d3ef390c0711040425f639db86d,True,False,pass,2027,80.91954662499484,915,1.1480659999651834,1581,77.39480533299502,554,27.725367125007324,2439,0.05183279199991375,0.0035039590438827872,0.00010808301158249378,187.24322991701774,False,False,False,True,0.0,0.8579635620117188,,0.0,2641,Reasoning bodies exclude closing-think; answer count includes terminal EOS. No pretence these bodies count inserted bridges.
leetcode/3384,H25,2,25,506,0589a2e34948c37ba37ee528a0a6c1b82e0d658fb7456f1447e5b736f836678d,7486251826930148767,7004612589015570655,1c9584154a14661df521fed23070ee4eaff78849a05cff57402040636f728da3,ae87288bd001fd2f5d4dc2af5a12b1ec985d469acb34dbddf8382e6b3819fcb8,True,False,pass,2027,80.91954662499484,915,1.1480659999651834,1581,77.39480533299502,542,27.773595290840603,2406,0.05143858294468373,0.0035445839166641235,0.00010808301158249378,187.29110449866857,False,False,False,True,0.0,0.8733470439910889,,0.0,2629,Reasoning bodies exclude closing-think; answer count includes terminal EOS. No pretence these bodies count inserted bridges.
leetcode/3384,H50,0,50,1013,0589a2e34948c37ba37ee528a0a6c1b82e0d658fb7456f1447e5b736f836678d,7486251826930148767,4038600937300465970,d6ea8105d2d464a491f948933300f07f5928f9f3a082cc0faf4b75d8304c9e57,e71defcc2a049bab36da009773bb1d8a130da57a2c3f49f1ae3f70b441c136c6,True,False,pass,2027,160.95196166698588,1422,1.858124417020008,1352,67.91212766699027,516,26.383413458010182,2320,0.050846166093833745,0.0029622919391840696,0.0001680420245975256,257.15960370906396,False,False,False,True,0.0,0.8670222759246826,,0.0,2881,Reasoning bodies exclude closing-think; answer count includes terminal EOS. No pretence these bodies count inserted bridges.
leetcode/3384,H50,1,50,1013,0589a2e34948c37ba37ee528a0a6c1b82e0d658fb7456f1447e5b736f836678d,7486251826930148767,3000062405666173478,80daa3b2797f0adcd5272d1e79683d3b8b75620c4eb0c71ca7ee5cf554382b5e,df5c891aa58200a5d45c79cd9ea9d4dec5a7d7e74dfc1edc8b587e6407c1a68a,True,False,pass,2027,160.95196166698588,1422,1.858124417020008,1352,67.91212766699027,479,24.15712408302352,2231,0.053016416961327195,0.004404749954119325,0.0001680420245975256,254.93692704295972,False,False,False,True,0.0,0.8670265674591064,,0.0,2844,Reasoning bodies exclude closing-think; answer count includes terminal EOS. No pretence these bodies count inserted bridges.
leetcode/3384,H50,2,50,1013,0589a2e34948c37ba37ee528a0a6c1b82e0d658fb7456f1447e5b736f836678d,7486251826930148767,7004612589015570655,a776cbec95c14e95d2f4e02cfaed869774fc2f0823cb638ec7ee4726a2ea83e7,c92a9ef745ce45669a5cfa63b3c8cb61ff6e849ebff58b089224c776d0b4b59d,True,False,pass,2027,160.95196166698588,1422,1.858124417020008,1352,67.91212766699027,442,22.221646293066442,2031,0.05299987504258752,0.004501666990108788,0.0001680420245975256,253.0015296281199,False,False,False,True,0.0,0.8596532344818115,,0.0,2807,Reasoning bodies exclude closing-think; answer count includes terminal EOS. No pretence these bodies count inserted bridges.
leetcode/3384,H75,0,75,1520,0589a2e34948c37ba37ee528a0a6c1b82e0d658fb7456f1447e5b736f836678d,7486251826930148767,4038600937300465970,e9b80986417046a6e41a91cd8ed2151e4b929b52f65824eea72c8cfa252dfa52,59488750869a0a0c559338d44e49c73b5abccafe8234d3e062720243e282fbe4,True,False,pass,2027,241.73315545899095,1929,2.4139198339544237,526,26.11170645803213,493,24.607790707144886,2333,0.05019629199523479,0.0031923329224810004,0.00018079194705933332,294.92014187498717,False,False,False,True,0.0,0.8559174537658691,,0.0,2539,Reasoning bodies exclude closing-think; answer count includes terminal EOS. No pretence these bodies count inserted bridges.
leetcode/3384,H75,1,75,1520,0589a2e34948c37ba37ee528a0a6c1b82e0d658fb7456f1447e5b736f836678d,7486251826930148767,3000062405666173478,8a65559152bfb3d00ab3398767d122456291ce170dce3537601ed8694dca9510,4e0ca1585959f6d0a1ac01ba603e6447e6237c8cb75e1936270787fdf144ce1b,True,False,pass,2027,241.73315545899095,1929,2.4139198339544237,526,26.11170645803213,490,24.38216287503019,2282,0.052316625020466745,0.003278458956629038,0.00018079194705933332,294.69672050193185,False,False,False,True,0.0,0.8675906658172607,,0.0,2536,Reasoning bodies exclude closing-think; answer count includes terminal EOS. No pretence these bodies count inserted bridges.
leetcode/3384,H75,2,75,1520,0589a2e34948c37ba37ee528a0a6c1b82e0d658fb7456f1447e5b736f836678d,7486251826930148767,7004612589015570655,d6d2e980ce9824fe1f792e170dbd8beae2c9a3a04f666b50f4db1a53758a6d65,f9a47c17950c99aa08e099c4bdebb9ed07f372924e222b43b7d6e5258c6fe07d,True,False,pass,2027,241.73315545899095,1929,2.4139198339544237,526,26.11170645803213,488,24.351220875047147,2311,0.051914541982114315,0.003039957955479622,0.00018079194705933332,294.6651379179093,False,False,False,True,0.0,0.8634133338928223,,0.0,2534,Reasoning bodies exclude closing-think; answer count includes terminal EOS. No pretence these bodies count inserted bridges.
leetcode/3384,FULL_TEXT,0,100,2027,0589a2e34948c37ba37ee528a0a6c1b82e0d658fb7456f1447e5b736f836678d,,4038600937300465970,6a18c1962e12d99e814e892b45d77891f9565acf911f93f3082f15b9925dc9b2,6855630858ad41df3f9bf04af80b0d129c4c63e5fc052ca2294ea26626c78035,True,False,pass,2027,323.3149762499961,2436,3.075234624906443,0,0.0,533,26.705662124906667,2490,0.04944025003351271,0.0032655419781804085,0.00021404202561825514,353.1487928338465,False,False,False,True,0.0,0.8599722385406494,,0.0,2560,Reasoning bodies exclude closing-think; answer count includes terminal EOS. No pretence these bodies count inserted bridges.
leetcode/3384,FULL_TEXT,1,100,2027,0589a2e34948c37ba37ee528a0a6c1b82e0d658fb7456f1447e5b736f836678d,,3000062405666173478,80140bf531ce66b0a854762df969db4b2a7b4c865be396f7d33cd90d8245f839,7fd97f8b57540529a8d4ab7fdce32485eee41ad8f5fb227f1903a4ab2506dba4,True,False,pass,2027,323.3149762499961,2436,3.075234624906443,0,0.0,516,25.741821374977008,2434,0.0523930829949677,0.0032792920246720314,0.00021404202561825514,352.1879186669248,False,False,False,True,0.0,0.8633081912994385,,0.0,2543,Reasoning bodies exclude closing-think; answer count includes terminal EOS. No pretence these bodies count inserted bridges.
leetcode/3384,FULL_TEXT,2,100,2027,0589a2e34948c37ba37ee528a0a6c1b82e0d658fb7456f1447e5b736f836678d,,7004612589015570655,a7ac53ed3ae90d002cd712e88e5c162e7aaaabbec648ab13f525b277c70650a8,f7f14632c6bb5dbff4aef7d4516503ec1a071d979a4ed9b270f2fb12f5c3eb96,True,False,pass,2027,323.3149762499961,2436,3.075234624906443,0,0.0,509,25.40352458297275,2431,0.052160375053063035,0.0035927080316469073,0.00021404202561825514,351.8497025829856,False,False,False,True,0.0,0.8679826259613037,,0.0,2536,Reasoning bodies exclude closing-think; answer count includes terminal EOS. No pretence these bodies count inserted bridges.
leetcode/3384,LARGE_ONLY,0,,2027,0589a2e34948c37ba37ee528a0a6c1b82e0d658fb7456f1447e5b736f836678d,,4584907041146679290,aff06ce835c2fb65cebb743cb93d4ff0c5da8794e80c2db0eff466779dc5407d,206623517e7d4376de5e2c126e13da6865803b41f29ed48e596987632d6f83bd,True,False,pass,2027,323.3149762499961,0,0,0,0,456,73.5532330009737,2078,0.16084274998866022,0.00541412498569116,0,397.03446612594416,False,False,False,True,0.0,0.8680379390716553,,0.0,2483,Reasoning bodies exclude closing-think; answer count includes terminal EOS. No pretence these bodies count inserted bridges.
leetcode/3384,LARGE_ONLY,1,,2027,0589a2e34948c37ba37ee528a0a6c1b82e0d658fb7456f1447e5b736f836678d,,8159098414433128968,aaa001afd8cbaf72d9dc313d16acf13ff6313ccf9b2ca7d0c22b13d2bde43991,f22fb3aa363a16d7a09e931e5fa58a1990f64131a599a4ffd8b168edf1a3d925,True,False,pass,2027,323.3149762499961,0,0,0,0,470,75.7789858750184,2175,0.1635587919736281,0.008442667021881789,0,399.26596358401,False,False,False,True,0.0,0.8669681549072266,,0.0,2497,Reasoning bodies exclude closing-think; answer count includes terminal EOS. No pretence these bodies count inserted bridges.
leetcode/3384,LARGE_ONLY,2,,2027,0589a2e34948c37ba37ee528a0a6c1b82e0d658fb7456f1447e5b736f836678d,,613092293515067126,86a921ca8738200a02b685bb2762b5eb3033a86beb5b2d77adf0e6284b15d427,07d7103f3193448d428aa862d4c18b9df3165d5c3e9f3e4ce081e5f8cda32cd9,True,False,pass,2027,323.3149762499961,0,0,0,0,463,74.63771662395447,2132,0.16296208399580792,0.008328917028848082,0,398.12398387497524,False,False,False,True,0.0,0.8624753952026367,,0.0,2490,Reasoning bodies exclude closing-think; answer count includes terminal EOS. No pretence these bodies count inserted bridges.
leetcode/3461,SMALL_ONLY,0,0,0,119c36656b2a648a0da41e48e70c9155924dcac48b91feefcf971ce7ea6c5dc0,7451437502272764128,1075591764358016242,437ee52de4006257c9eaaba505748379573f1023ddc3932d53a71718e8327506,9aa2aa23cfedbc3e924c24ed26211f14656855dbe318b952a4d223776f913e81,True,False,pass,2931,0.0,272,0.39213929197285324,1946,94.01250316703226,557,27.689202042063698,2551,0.049236166989430785,0.0032466669799759984,7.862492930144072e-05,122.14640595996752,False,False,False,True,0.0,1.8523893356323242,,0.0,2503,Reasoning bodies exclude closing-think; answer count includes terminal EOS. No pretence these bodies count inserted bridges.
leetcode/3461,SMALL_ONLY,1,0,0,119c36656b2a648a0da41e48e70c9155924dcac48b91feefcf971ce7ea6c5dc0,7451437502272764128,275278239045318756,d618f8e8d036636bc64b43672487adf656f1dfe4cb42c53468a33b6cc4bb1c38,95e65e9ff1d47c6e858553ffa3c3205967fe4d7f08e118cc4d11506ddb718e2a,True,False,pass,2931,0.0,272,0.39213929197285324,1946,94.01250316703226,556,27.643866666941904,2567,0.052199000027030706,0.0075250419322401285,7.862492930144072e-05,122.1083117928356,False,False,False,True,0.0,1.8607747554779053,,0.0,2502,Reasoning bodies exclude closing-think; answer count includes terminal EOS. No pretence these bodies count inserted bridges.
leetcode/3461,SMALL_ONLY,2,0,0,119c36656b2a648a0da41e48e70c9155924dcac48b91feefcf971ce7ea6c5dc0,7451437502272764128,702384092332115926,487fac2dd2cef28c6525b45ee126efb5488ca7c246700b2ab9152927c6be32ef,3b25319ef52c5a8b8329d53485bc74d0c133ac911ec606b3068d1cde73298e8a,True,False,pass,2931,0.0,272,0.39213929197285324,1946,94.01250316703226,538,26.72362262592651,2498,0.05280162498820573,0.007583957980386913,7.862492930144072e-05,121.18872929282952,False,False,False,True,0.0,1.8413124084472656,,0.0,2484,Reasoning bodies exclude closing-think; answer count includes terminal EOS. No pretence these bodies count inserted bridges.
leetcode/3461,H10,0,10,293,119c36656b2a648a0da41e48e70c9155924dcac48b91feefcf971ce7ea6c5dc0,7451437502272764128,1075591764358016242,b150567e33e1cc37167ad5cc108263eb756646629fd306e212ed3389981bedef,f878f66f060b48994394a08d02ce610c75484850ca04dd6e28ee6dcaabc8e584,True,False,pass,2931,47.01096104294993,565,0.7385964159620926,2171,106.06481904105749,566,28.527269874932244,2696,0.05025479197502136,0.0035832920111715794,9.937502909451723e-05,182.39558383391704,False,False,False,True,0.0,1.541940450668335,,0.0,3030,Reasoning bodies exclude closing-think; answer count includes terminal EOS. No pretence these bodies count inserted bridges.
leetcode/3461,H10,1,10,293,119c36656b2a648a0da41e48e70c9155924dcac48b91feefcf971ce7ea6c5dc0,7451437502272764128,275278239045318756,2abc80bb2450c7a5adc9ce520d48e7684bac593cbfeb8ca3e477b2b6d54206d6,01c366b8c1b79966744d999ef2aac7136a913a0b0c7c23c09d1aded103ee9086,True,False,pass,2931,47.01096104294993,565,0.7385964159620926,2171,106.06481904105749,586,29.56964949995745,2718,0.05253812507726252,0.003646833007223904,9.937502909451723e-05,183.44031033304054,False,False,False,True,0.0,1.516676902770996,,0.0,3050,Reasoning bodies exclude closing-think; answer count includes terminal EOS. No pretence these bodies count inserted bridges.
leetcode/3461,H10,2,10,293,119c36656b2a648a0da41e48e70c9155924dcac48b91feefcf971ce7ea6c5dc0,7451437502272764128,702384092332115926,b73601cf219799df362d4d12888a26b7b712bf522ebb4ce12e9ec7c3eca46a4b,000db3b28f8e2fc331de0a8a2f5f40f195c58ece4dfc1b5271c0210e10fc4845,True,False,pass,2931,47.01096104294993,565,0.7385964159620926,2171,106.06481904105749,543,27.343651792034507,2579,0.05269545805640519,0.0043496249709278345,9.937502909451723e-05,181.21517275006045,False,False,False,True,0.0,1.5018701553344727,,0.0,3007,Reasoning bodies exclude closing-think; answer count includes terminal EOS. No pretence these bodies count inserted bridges.
leetcode/3461,H25,0,25,732,119c36656b2a648a0da41e48e70c9155924dcac48b91feefcf971ce7ea6c5dc0,7451437502272764128,1075591764358016242,202a502f3b04eb52104fe0cc408ba80bbc78ae139a3963583d337fa7b4916745,75f67306152873beac4705ea32f1275142455493a0b5c0f695d39e4027598c7a,True,False,pass,2931,115.63436029298464,1004,1.2322816249215975,2027,99.8352059168974,671,34.20247054193169,3063,0.049514916026964784,0.0036564579932019114,0.00013808300718665123,250.95762783376267,False,False,False,True,0.0,1.5205299854278564,,0.0,3430,Reasoning bodies exclude closing-think; answer count includes terminal EOS. No pretence these bodies count inserted bridges.
leetcode/3461,H25,1,25,732,119c36656b2a648a0da41e48e70c9155924dcac48b91feefcf971ce7ea6c5dc0,7451437502272764128,275278239045318756,fd11f2f126388fa7ade47294c3dff03860796ad041406b18ef8f2eddb94c798f,5c3ca51ee594546b15857528a1ebd1593e139a66203e3cca8b5981e3d6b198bf,True,False,pass,2931,115.63436029298464,1004,1.2322816249215975,2027,99.8352059168974,689,35.175156665965915,3293,0.05276979098562151,0.004623041953891516,0.00013808300718665123,251.93453541671624,False,False,False,True,0.0,1.5088188648223877,,0.0,3448,Reasoning bodies exclude closing-think; answer count includes terminal EOS. No pretence these bodies count inserted bridges.
leetcode/3461,H25,2,25,732,119c36656b2a648a0da41e48e70c9155924dcac48b91feefcf971ce7ea6c5dc0,7451437502272764128,702384092332115926,970e3e07af852d8eb7e9a76fa8c762c83b6dfce9d429be50528153c945b19255,a954cd11fbd5ecb6cdfdae0d804fd7f90e703be165c60e46b1c17272e30e06d0,True,False,pass,2931,115.63436029298464,1004,1.2322816249215975,2027,99.8352059168974,619,31.516128040966578,2950,0.053803583956323564,0.0038720410084351897,0.00013808300718665123,248.27578958374215,False,False,False,True,0.0,1.5238044261932373,,0.0,3378,Reasoning bodies exclude closing-think; answer count includes terminal EOS. No pretence these bodies count inserted bridges.
leetcode/3461,H50,0,50,1465,119c36656b2a648a0da41e48e70c9155924dcac48b91feefcf971ce7ea6c5dc0,7451437502272764128,1075591764358016242,58a9f9c973716d8484061f994be197578db39c2546a1a4b05057ed6fb2813843,66ce9c812415627ae332dd3bcbbb4bc98c66906a257a7c34c9fc87e2b27af383,True,False,pass,2931,231.87607283395482,1737,2.184074833057821,1752,87.86687949998304,670,34.51535120792687,3155,0.051188374985940754,0.003887832979671657,0.0001771249808371067,356.497631707869,False,False,False,True,0.0,1.5191676616668701,,0.0,3887,Reasoning bodies exclude closing-think; answer count includes terminal EOS. No pretence these bodies count inserted bridges.
leetcode/3461,H50,1,50,1465,119c36656b2a648a0da41e48e70c9155924dcac48b91feefcf971ce7ea6c5dc0,7451437502272764128,275278239045318756,201b2c456f63782de6796eddf38b46969709322e2c0658740c521e2b342d30a9,df9cd897f09ce4e2232687d3829f77ee1154cb485d3f8fb387a2357eb91d696b,True,False,pass,2931,231.87607283395482,1737,2.184074833057821,1752,87.86687949998304,623,32.10846183402464,2969,0.05351170909125358,0.0067393749486655,0.0001771249808371067,354.0959172100411,False,False,False,True,0.0,1.5440173149108887,,0.0,3840,Reasoning bodies exclude closing-think; answer count includes terminal EOS. No pretence these bodies count inserted bridges.
leetcode/3461,H50,2,50,1465,119c36656b2a648a0da41e48e70c9155924dcac48b91feefcf971ce7ea6c5dc0,7451437502272764128,702384092332115926,c3581b1e3d69d4ea2832147e3846e04674147561eebb22ea46bdd1f2cf8c992e,ef50a2520c2fce15637df54a1089305be8f5e2cd0d8cc61dba40bbeca38cd92d,True,False,pass,2931,231.87607283395482,1737,2.184074833057821,1752,87.86687949998304,658,33.900400499929674,3160,0.052974791964516044,0.01439100003335625,0.0001771249808371067,355.89497058390407,False,False,False,True,0.0,1.553013563156128,,0.0,3875,Reasoning bodies exclude closing-think; answer count includes terminal EOS. No pretence these bodies count inserted bridges.
leetcode/3461,H75,0,75,2198,119c36656b2a648a0da41e48e70c9155924dcac48b91feefcf971ce7ea6c5dc0,7451437502272764128,1075591764358016242,0863bd50252c400a10f297135d30c1c854e69355a0701ab6a1a5691d03cd8351,e251771790ca85d09334bb9916942682d8cce7bdf3a5064b234e475b5e37f642,True,False,pass,2931,349.5337044589687,2470,3.09695087489672,392,19.609349000034854,618,31.345767084043473,2863,0.049051124951802194,0.0035496660275384784,0.00022991595324128866,403.63860212487634,False,False,False,True,0.0,1.8510477542877197,,0.0,3208,Reasoning bodies exclude closing-think; answer count includes terminal EOS. No pretence these bodies count inserted bridges.
leetcode/3461,H75,1,75,2198,119c36656b2a648a0da41e48e70c9155924dcac48b91feefcf971ce7ea6c5dc0,7451437502272764128,275278239045318756,77673591a8ef2e2d004f76861c21af6b9ae0e46f973ef2ec00bd24c022081145,898ca5326360481ebaff71e4bafaebe3cfd3c8bab5c8a701057cefee76574848,True,False,pass,2931,349.5337044589687,2470,3.09695087489672,392,19.609349000034854,648,32.89919724990614,3025,0.053155082976445556,0.0040054169949144125,0.00022991595324128866,405.196591999731,False,False,False,True,0.0,1.8371965885162354,,0.0,3238,Reasoning bodies exclude closing-think; answer count includes terminal EOS. No pretence these bodies count inserted bridges.
leetcode/3461,H75,2,75,2198,119c36656b2a648a0da41e48e70c9155924dcac48b91feefcf971ce7ea6c5dc0,7451437502272764128,702384092332115926,64e2b0b87c837ad8b914594bb5ba6389a2afe6d92713d61600baf09c45d98eb1,8929eea0f02ffcf82853bc0df5899681ca3219742371826f57a14ffb8d1ede8d,True,False,pass,2931,349.5337044589687,2470,3.09695087489672,392,19.609349000034854,638,32.304161875043064,2971,0.05311158299446106,0.0033018329413607717,0.00022991595324128866,404.6008095408324,False,False,False,True,0.0,1.8483636379241943,,0.0,3228,Reasoning bodies exclude closing-think; answer count includes terminal EOS. No pretence these bodies count inserted bridges.
leetcode/3461,FULL_TEXT,0,100,2931,119c36656b2a648a0da41e48e70c9155924dcac48b91feefcf971ce7ea6c5dc0,,1075591764358016242,a458e134bc377017ff885fd750db0c838af969ddca10c661409c473ba1c942e0,754cb0cb4d1feea649d36d659dbe985c9a8e1a7dbbca7e83d6671e3a9f22e4ca,True,False,pass,2931,468.6688732089824,3203,4.1302199580240995,0,0.0,659,33.72342091612518,3072,0.051931208930909634,0.004051750060170889,0.00026841601356863976,506.57876545813633,False,False,False,True,0.0,1.8479137420654297,,0.0,3590,Reasoning bodies exclude closing-think; answer count includes terminal EOS. No pretence these bodies count inserted bridges.
leetcode/3461,FULL_TEXT,1,100,2931,119c36656b2a648a0da41e48e70c9155924dcac48b91feefcf971ce7ea6c5dc0,,275278239045318756,2c1410834e385c07832511184bafc204767658ad43f6a890ad5aa0ccf336d09b,aebe086927c12ff0bcf9aaa62ff912bbefe64b7e8dfc0bdf6e058a620c289da4,True,False,pass,2931,468.6688732089824,3203,4.1302199580240995,0,0.0,621,31.69566904194653,2908,0.052746042027138174,0.005012209061533213,0.00026841601356863976,504.5527888760553,False,False,False,True,0.0,1.847275733947754,,0.0,3552,Reasoning bodies exclude closing-think; answer count includes terminal EOS. No pretence these bodies count inserted bridges.
leetcode/3461,FULL_TEXT,2,100,2931,119c36656b2a648a0da41e48e70c9155924dcac48b91feefcf971ce7ea6c5dc0,,702384092332115926,2e5f7fd77b8fd9aba74424b4bf11d47524f43bb68571f02bfd9a979e0bac87ba,2252442fa3d5fa1d35271546f4305f08597d3985eb70bf86787cb3e286937a83,True,False,pass,2931,468.6688732089824,3203,4.1302199580240995,0,0.0,628,32.043961958028376,2925,0.054464499931782484,0.005022542085498571,0.00026841601356863976,504.90281058306573,False,False,False,True,0.0,1.8493890762329102,,0.0,3559,Reasoning bodies exclude closing-think; answer count includes terminal EOS. No pretence these bodies count inserted bridges.
leetcode/3461,LARGE_ONLY,0,,2931,119c36656b2a648a0da41e48e70c9155924dcac48b91feefcf971ce7ea6c5dc0,,962581318186013497,30f31820d3f37fea25bd672bfaa57524da4d6e1bfb1cfaf5ad4d049013ec9cdc,8f36ee169684f434d40162c3db25164a4b72ea2ae612cc2e2252d7e3f740e1c8,True,False,pass,2931,468.6688732089824,0,0,0,0,617,101.22839800000656,2904,0.1617267499677837,0.007907042047008872,0,570.0669050010038,False,False,False,True,0.0,1.8486082553863525,,0.0,3548,Reasoning bodies exclude closing-think; answer count includes terminal EOS. No pretence these bodies count inserted bridges.
leetcode/3461,LARGE_ONLY,1,,2931,119c36656b2a648a0da41e48e70c9155924dcac48b91feefcf971ce7ea6c5dc0,,1912014566463288453,45c7ee496c773c74a1de611e9de3680bd49f64aa7a91f60b2f5ce2cc15c23d1b,0b9f4fc829530de764745ab5c7a4bfbcd4b23312de1904ec48a0e976f666eb7c,True,False,pass,2931,468.6688732089824,0,0,0,0,588,96.23264445899986,2801,0.16543270798865706,0.020291041990276426,0,565.0872414179612,False,False,False,True,0.0,1.8488311767578125,,0.0,3519,Reasoning bodies exclude closing-think; answer count includes terminal EOS. No pretence these bodies count inserted bridges.
leetcode/3461,LARGE_ONLY,2,,2931,119c36656b2a648a0da41e48e70c9155924dcac48b91feefcf971ce7ea6c5dc0,,8620104829495140809,3d18738ea8974e5eedf1c60d448fe6381e7a116e642955a262eaacb19637f4c8,5ccf90c0dd45bece8c65aaa0e2bcd689ab3eb10994c0c19f425a5d2d976f1507,True,False,pass,2931,468.6688732089824,0,0,0,0,579,94.74759191798512,2729,0.1661854170379229,0.021130042034201324,0,563.6037805860396,False,False,False,True,0.0,1.841904640197754,,0.0,3510,Reasoning bodies exclude closing-think; answer count includes terminal EOS. No pretence these bodies count inserted bridges.
leetcode/3453,SMALL_ONLY,0,0,0,1a451e605b209ff681bca323f047b7b67cc72cfbfcb85d29a3f81cb7c6eb6bcd,1738625437014520150,2120254155496017597,a459f34126e077085797878af04aff1defd96d0ed83bdf2f5e2de90699fb989e,e8c7582d774462bf48ed3d922330e29f437ee8cd01f098162dc94038d35d1396,True,False,pass,5025,0.0,230,0.3099817920010537,5052,253.32177741697524,619,32.97893866698723,2897,0.05088204191997647,0.008590750047005713,9.762495756149292e-05,286.67026829288807,False,False,False,True,0.0,1.0486984252929688,,0.0,5671,Reasoning bodies exclude closing-think; answer count includes terminal EOS. No pretence these bodies count inserted bridges.
leetcode/3453,SMALL_ONLY,1,0,0,1a451e605b209ff681bca323f047b7b67cc72cfbfcb85d29a3f81cb7c6eb6bcd,1738625437014520150,6528199831404204051,c92f53360833229e7bcdc9ca3af70ebf2e7c90b2dfbbb78af7c90c47ba9472a3,a6988f3758af45d7408a17ee740e2eea1123b936988ed00aae29b6e8c4fbe259,True,False,pass,5025,0.0,230,0.3099817920010537,5052,253.32177741697524,570,30.46763429197017,2704,0.05592462501954287,0.04264050000347197,9.762495756149292e-05,284.19805625092704,False,False,False,True,0.0,1.0480067729949951,,0.0,5622,Reasoning bodies exclude closing-think; answer count includes terminal EOS. No pretence these bodies count inserted bridges.
leetcode/3453,SMALL_ONLY,2,0,0,1a451e605b209ff681bca323f047b7b67cc72cfbfcb85d29a3f81cb7c6eb6bcd,1738625437014520150,4408325168167835971,b5b74ac1d9397a36ef5b07f8fdeb2ca92ca5fa202283c6912eca5b7913d17acb,1cb4ec3257a47b9a88fa46fd7b903195a461c2e1c2534f33c02a808c7c78e3f7,True,False,pass,5025,0.0,230,0.3099817920010537,5052,253.32177741697524,599,31.87116358289495,2802,0.05607549997512251,0.040941250044852495,9.762495756149292e-05,285.6000371668488,False,False,False,True,0.0,1.0581543445587158,,0.0,5651,Reasoning bodies exclude closing-think; answer count includes terminal EOS. No pretence these bodies count inserted bridges.
leetcode/3453,H10,0,10,502,1a451e605b209ff681bca323f047b7b67cc72cfbfcb85d29a3f81cb7c6eb6bcd,1738625437014520150,2120254155496017597,96446b5fbd4a9c674bf38063d33a751e50b81b1f938617a0775b6e5fe116b62c,4a944b3629cdda7c3181a03171667d0f5efbd8f34bf357e62566ade88dcb69cc,True,False,pass,5025,79.20936245797202,732,0.9138459999812767,3051,151.45173079206143,614,31.715530999936163,2878,0.05136174999643117,0.005219666985794902,0.00014849996659904718,263.3472001668997,False,False,False,True,0.0,1.0580165386199951,,0.0,4167,Reasoning bodies exclude closing-think; answer count includes terminal EOS. No pretence these bodies count inserted bridges.
leetcode/3453,H10,1,10,502,1a451e605b209ff681bca323f047b7b67cc72cfbfcb85d29a3f81cb7c6eb6bcd,1738625437014520150,6528199831404204051,7bbfd524bf80beefca30fdd59990726e20283f001dc2aaecb5eb312538afbaae,6bc6354e4ddd5d34399bae0dc601e5f1e072b842023c06e8d22020648a8cf246,True,False,pass,5025,79.20936245797202,732,0.9138459999812767,3051,151.45173079206143,563,28.98668720794376,2686,0.053230333025567234,0.00797475001309067,0.00014849996659904718,260.62298004096374,False,False,False,True,0.0,1.0582668781280518,,0.0,4116,Reasoning bodies exclude closing-think; answer count includes terminal EOS. No pretence these bodies count inserted bridges.
leetcode/3453,H10,2,10,502,1a451e605b209ff681bca323f047b7b67cc72cfbfcb85d29a3f81cb7c6eb6bcd,1738625437014520150,4408325168167835971,553deca7e9147a0e4ff8dcd3f0b9c32097f4fc26bdb3a593ce4569f8b1c541b2,a230e8a101bec933d48e5a025ad0c3a9adcee9643ac3ed050eeb92ccfe32f6ca,True,False,pass,5025,79.20936245797202,732,0.9138459999812767,3051,151.45173079206143,581,30.007294624927454,2784,0.053894834010861814,0.007803082931786776,0.00014849996659904718,261.6440802918514,False,False,False,True,0.0,1.05995774269104,,0.0,4134,Reasoning bodies exclude closing-think; answer count includes terminal EOS. No pretence these bodies count inserted bridges.
leetcode/3453,H25,0,25,1256,1a451e605b209ff681bca323f047b7b67cc72cfbfcb85d29a3f81cb7c6eb6bcd,1738625437014520150,2120254155496017597,c1ef1f0b9a6ef25bde6b8fa3a5173e44b1f69815f6b7752df5d420b7a1788941,cee9a0a8881fe345b405881d40ffe93df261a94ce1a1eb2cdea677c1d38540da,True,False,pass,5025,198.08396108297165,1486,1.8479982080170885,3719,189.51992187497672,586,31.21172679204028,2652,0.052781624952331185,0.006606041919440031,0.00019975006580352783,420.7231953749433,False,False,False,True,0.0,1.060697317123413,,0.0,5561,Reasoning bodies exclude closing-think; answer count includes terminal EOS. No pretence these bodies count inserted bridges.
leetcode/3453,H25,1,25,1256,1a451e605b209ff681bca323f047b7b67cc72cfbfcb85d29a3f81cb7c6eb6bcd,1738625437014520150,6528199831404204051,6e02dfa1c5047c3007df67f37aff6cd6afe12a7909dc9abfdf99a25bc21e72bf,4a37d411a902dd28f25b57254f46319fc3168a4055f7383124ba3042005eb910,True,False,pass,5025,198.08396108297165,1486,1.8479982080170885,3719,189.51992187497672,583,30.91754279192537,2649,0.05627341603394598,0.03655287506990135,0.00019975006580352783,420.4624499990605,False,False,False,True,0.0,1.0455646514892578,,0.0,5558,Reasoning bodies exclude closing-think; answer count includes terminal EOS. No pretence these bodies count inserted bridges.
leetcode/3453,H25,2,25,1256,1a451e605b209ff681bca323f047b7b67cc72cfbfcb85d29a3f81cb7c6eb6bcd,1738625437014520150,4408325168167835971,eaa99167c3670a806b0f8982f225cc52ca6a59f54666f3e97744e7a345e91277,1b02ba1f67d637410d3effaa90755de2283a1dca5d6a06c14b8e32319e9f3a04,True,False,pass,5025,198.08396108297165,1486,1.8479982080170885,3719,189.51992187497672,500,26.57079495699145,2366,0.05431804095860571,0.03874104202259332,0.00019975006580352783,416.1159349560039,False,False,False,True,0.0,1.0448691844940186,,0.0,5475,Reasoning bodies exclude closing-think; answer count includes terminal EOS. No pretence these bodies count inserted bridges.
leetcode/3453,H50,0,50,2512,1a451e605b209ff681bca323f047b7b67cc72cfbfcb85d29a3f81cb7c6eb6bcd,1738625437014520150,2120254155496017597,2c992cce5f408061e1f7e9eb5570212d3ffa05754813136626d122129658f4b4,7c18a76cf8323c6fe718136a414db7038e414e09c5e723ed13f89b1f12c7ec0e,True,False,pass,5025,399.5284308329574,2742,3.472705875057727,2100,108.41149629210122,629,33.25613274995703,2762,0.05094975000247359,0.005507958005182445,0.00029491703025996685,544.7255183751113,False,False,False,True,0.0,1.0563287734985352,,0.0,5241,Reasoning bodies exclude closing-think; answer count includes terminal EOS. No pretence these bodies count inserted bridges.
leetcode/3453,H50,1,50,2512,1a451e605b209ff681bca323f047b7b67cc72cfbfcb85d29a3f81cb7c6eb6bcd,1738625437014520150,6528199831404204051,a33ef0959a910721f97567fe36a3e0a49707883d70af5f48bb0d92f0c578c3b8,3805defba668b5c2f33d5117705f4f3ff31c57d20aba8f2f85867a92f1fdae38,True,False,pass,5025,399.5284308329574,2742,3.472705875057727,2100,108.41149629210122,606,32.014189334004186,2863,0.05594262492377311,0.012760291923768818,0.00029491703025996685,543.4958201679983,False,False,False,True,0.0,1.0565145015716553,,0.0,5218,Reasoning bodies exclude closing-think; answer count includes terminal EOS. No pretence these bodies count inserted bridges.
leetcode/3453,H50,2,50,2512,1a451e605b209ff681bca323f047b7b67cc72cfbfcb85d29a3f81cb7c6eb6bcd,1738625437014520150,4408325168167835971,e467ea4e37a5a7aca5712afeabc30456d6b49c6dd5901240a6841507969a96ab,61e8d5ae11c5ae9e1768a23ec51a6a78b208dca4439ac96e60dca7d01e2cefce,True,False,pass,5025,399.5284308329574,2742,3.472705875057727,2100,108.41149629210122,606,31.90218362491578,2834,0.05547983292490244,0.011699915979988873,0.00029491703025996685,543.3822912909673,False,False,False,True,0.0,1.0580973625183105,,0.0,5218,Reasoning bodies exclude closing-think; answer count includes terminal EOS. No pretence these bodies count inserted bridges.
leetcode/3453,H75,0,75,3768,1a451e605b209ff681bca323f047b7b67cc72cfbfcb85d29a3f81cb7c6eb6bcd,1738625437014520150,2120254155496017597,c83c7fe186f51e010e250b518ba2d2b031979597e956c8a5c2ae1e9f23a6080b,f4bc7cab2925f50b4c13865d4feb60c3493137fd1650c0c5c3366558b4deed35,True,False,pass,5025,605.2154733749921,3998,5.169165708008222,1592,83.80728408298455,608,32.626439041108824,2790,0.05202724994160235,0.005047124926932156,0.0003522500628605485,726.8757888320251,False,False,False,True,0.0,1.0421578884124756,,0.0,5968,Reasoning bodies exclude closing-think; answer count includes terminal EOS. No pretence these bodies count inserted bridges.
leetcode/3453,H75,1,75,3768,1a451e605b209ff681bca323f047b7b67cc72cfbfcb85d29a3f81cb7c6eb6bcd,1738625437014520150,6528199831404204051,88ba62bd778c18362dfe804fbe4561d1d463543df80f1a9cf0f0345dab383c08,51278dbf16b2c1367c25dbfa2906352e31cf5b3e697390380ac90928bdb0d464,True,False,pass,5025,605.2154733749921,3998,5.169165708008222,1592,83.80728408298455,589,31.611927499063313,2717,0.05613766598980874,0.007611082983203232,0.0003522500628605485,725.8679516640841,False,False,False,True,0.0,1.043720006942749,,0.0,5949,Reasoning bodies exclude closing-think; answer count includes terminal EOS. No pretence these bodies count inserted bridges.
leetcode/3453,H75,2,75,3768,1a451e605b209ff681bca323f047b7b67cc72cfbfcb85d29a3f81cb7c6eb6bcd,1738625437014520150,4408325168167835971,fc636c5a2d45d2c8b60581aa00605c02b4b2896b1576a091d6cc7d77200a51ec,821f6a45a4a28e6122b0c206fa87bb5f321805bd600ad5a157fbdfae04cfab74,True,False,pass,5025,605.2154733749921,3998,5.169165708008222,1592,83.80728408298455,614,32.651453832979314,2810,0.05512650008313358,0.005841125035658479,0.0003522500628605485,726.9046968741459,False,False,False,True,0.0,1.0596323013305664,,0.0,5974,Reasoning bodies exclude closing-think; answer count includes terminal EOS. No pretence these bodies count inserted bridges.
leetcode/3453,FULL_TEXT,0,100,5025,1a451e605b209ff681bca323f047b7b67cc72cfbfcb85d29a3f81cb7c6eb6bcd,,2120254155496017597,5f8ae7bc2f7e722b7a249f6d1c9450d681b290e71d00525c2c915eed2523b2cc,be778ef275f3e6a0322dcdcb4a76934c900cda2ba768c163f5dab4d02336c632,True,False,pass,5025,814.7733017499559,5255,7.032936041010544,0,0.0,615,32.661380333127454,2771,0.05377883301116526,0.005606416962109506,0.00047008402179926634,854.5274734580889,False,False,False,True,0.0,1.0528457164764404,,0.0,5640,Reasoning bodies exclude closing-think; answer count includes terminal EOS. No pretence these bodies count inserted bridges.
leetcode/3453,FULL_TEXT,1,100,5025,1a451e605b209ff681bca323f047b7b67cc72cfbfcb85d29a3f81cb7c6eb6bcd,,6528199831404204051,3d0141956132e371172b2ef4f8c09c1845e696e29069365b51f8f1db8dc6581c,6d7bca2ec6ce14f0b6bdf9cde818ce83a1a137076aedf072f1ea429b7e7c6998,True,False,pass,5025,814.7733017499559,5255,7.032936041010544,0,0.0,577,30.730952415964566,2599,0.05653733410872519,0.03785970795433968,0.00047008402179926634,852.6320573330158,False,False,False,True,0.0,1.05259370803833,,0.0,5602,Reasoning bodies exclude closing-think; answer count includes terminal EOS. No pretence these bodies count inserted bridges.
leetcode/3453,FULL_TEXT,2,100,5025,1a451e605b209ff681bca323f047b7b67cc72cfbfcb85d29a3f81cb7c6eb6bcd,,4408325168167835971,1b045efdb55a654d3ec48e67d0713c11dc0009481b4500be66f14fc6b14f36bd,51f2964b84e32ce8165a74fe31de69f8d57675b99fb20d452792dd3d339e29f5,True,False,pass,5025,814.7733017499559,5255,7.032936041010544,0,0.0,564,29.99740529200062,2603,0.05603808304294944,0.03817874996457249,0.00047008402179926634,851.8983299999963,False,False,False,True,0.0,1.060929298400879,,0.0,5589,Reasoning bodies exclude closing-think; answer count includes terminal EOS. No pretence these bodies count inserted bridges.
leetcode/3453,LARGE_ONLY,0,,5025,1a451e605b209ff681bca323f047b7b67cc72cfbfcb85d29a3f81cb7c6eb6bcd,,4492761157350865821,0e6ebc2af0516aa46fa7ab55a871b993bf91fcdcf1654c761b11c42dc1322b9f,9b3ee7ace0ad4518bcb6a071418bd55501777df388a70116f3ba28d841b78acb,True,False,pass,5025,814.7733017499559,0,0,0,0,523,87.87999029195635,2411,0.16710941697238013,0.01306066696997732,0,902.8334621258546,False,False,False,True,0.0,1.0666325092315674,,0.0,5548,Reasoning bodies exclude closing-think; answer count includes terminal EOS. No pretence these bodies count inserted bridges.
leetcode/3453,LARGE_ONLY,1,,5025,1a451e605b209ff681bca323f047b7b67cc72cfbfcb85d29a3f81cb7c6eb6bcd,,944854737335486362,ac5501ba08067db7fb62f56533084f1484475d29ca32455221ba6793c739e0b9,8d46a25c25c57b39e72aa0f5956322c3db3c5323b47932033104b17e96578090,True,False,pass,5025,814.7733017499559,0,0,0,0,560,94.02361066703452,2631,0.16967745899455622,0.072774791973643,0,909.0393646679586,False,False,False,True,0.0,1.0570855140686035,,0.0,5585,Reasoning bodies exclude closing-think; answer count includes terminal EOS. No pretence these bodies count inserted bridges.
leetcode/3453,LARGE_ONLY,2,,5025,1a451e605b209ff681bca323f047b7b67cc72cfbfcb85d29a3f81cb7c6eb6bcd,,4206944081356533333,2f6681100086ad47313d727188215e4c41d641e082dd188902e72df5da730b0e,51b9810d23ae566227b0b44e15bbbe9f6b4f10814ab734135006bc56fcaae06f,True,False,pass,5025,814.7733017499559,0,0,0,0,534,89.62829516700003,2500,0.16718995803967118,0.06951687502441928,0,904.63830375002,False,False,False,True,0.0,1.055783987045288,,0.0,5559,Reasoning bodies exclude closing-think; answer count includes terminal EOS. No pretence these bodies count inserted bridges.
leetcode/3413,SMALL_ONLY,0,0,0,ce30dae9272e902cba1037cf3a2991daffed18abaf23e6644a2be74eea9ed476,2676688932155659115,2492812005854240499,4ca58d390aae9c0dfe406ebc38bcf293025b58ae54a33f0b892a1d73b43692b0,3d913838349858c6d8c7ae7ee09e04c3310cd04981ba43f0ab4eeebdfadb0d99,False,False,test_assertion,6741,0.0,677,0.8716707079438493,11687,636.3787700829562,562,34.5404245009413,2736,0.061026375042274594,0.015786041971296072,0.0001514999894425273,671.8678292088443,False,False,False,True,0.0,0.2898399829864502,,0.0,12249,Reasoning bodies exclude closing-think; answer count includes terminal EOS. No pretence these bodies count inserted bridges.
leetcode/3413,SMALL_ONLY,1,0,0,ce30dae9272e902cba1037cf3a2991daffed18abaf23e6644a2be74eea9ed476,2676688932155659115,2731818833645815312,32f721e421c9b00873966c597c35b71e793b44fa8c3c80bcb8b31ed7ef73a30e,7b17a248c5d6770242e951c7cf5c5cd3e2509a4e6039e24bcf8b93cd8f3ba0f9,False,False,test_assertion,6741,0.0,677,0.8716707079438493,11687,636.3787700829562,572,34.97949850000441,2813,0.06343087507411838,0.044490500004030764,0.0001514999894425273,672.338012165972,False,False,False,True,0.0,0.2884354591369629,,0.0,12259,Reasoning bodies exclude closing-think; answer count includes terminal EOS. No pretence these bodies count inserted bridges.
leetcode/3413,SMALL_ONLY,2,0,0,ce30dae9272e902cba1037cf3a2991daffed18abaf23e6644a2be74eea9ed476,2676688932155659115,5506100025570663159,97e65530000088770191793b4e774e6236aeca95a32d546b390c6505b9cbbabc,dd11a743e8197dff53cb7d9a34290b80a1be6f65ab69366ae9e1cf5546efb3bc,False,False,test_assertion,6741,0.0,677,0.8716707079438493,11687,636.3787700829562,569,34.80274608405307,2760,0.06329316599294543,0.041969874990172684,0.0001514999894425273,672.1586014159257,False,False,False,True,0.0,0.29326844215393066,,0.0,12256,Reasoning bodies exclude closing-think; answer count includes terminal EOS. No pretence these bodies count inserted bridges.
leetcode/3413,H10,0,10,674,ce30dae9272e902cba1037cf3a2991daffed18abaf23e6644a2be74eea9ed476,2676688932155659115,2492812005854240499,196eb59b464f9be77e2130a92af4bebe5bcd71de48bb9f854af5753b4cc087fc,599540cca7188f58086f23bb03720304327e6c227d27613b1220ec7e5db3af9c,True,False,pass,6741,109.20879154105205,1351,1.6902261669747531,6907,362.3781183330575,578,32.54391974909231,2811,0.05659687495790422,0.022819167003035545,0.00021841702982783318,505.9006902491674,False,False,False,True,0.0,1.216688632965088,,0.0,8159,Reasoning bodies exclude closing-think; answer count includes terminal EOS. No pretence these bodies count inserted bridges.
leetcode/3413,H10,1,10,674,ce30dae9272e902cba1037cf3a2991daffed18abaf23e6644a2be74eea9ed476,2676688932155659115,2731818833645815312,3e20310ac02b947e188b4267ad1e777bca3b03f4b6710ce87919c3e6aa0f1b4e,e6226c72f6564dd494fef2bcdd273b9d474da8ce32c7df5c7cafe0281567ddf4,True,False,pass,6741,109.20879154105205,1351,1.6902261669747531,6907,362.3781183330575,551,31.095793999149464,2636,0.058622708078473806,0.039831875008530915,0.00021841702982783318,504.4716030403506,False,False,False,True,0.0,1.2062561511993408,,0.0,8132,Reasoning bodies exclude closing-think; answer count includes terminal EOS. No pretence these bodies count inserted bridges.
leetcode/3413,H10,2,10,674,ce30dae9272e902cba1037cf3a2991daffed18abaf23e6644a2be74eea9ed476,2676688932155659115,5506100025570663159,f9b9b7122e7e916b260feb75172a2f89582c51589abfc90a4adce49deaf54a1a,85d09dad34c1eef16e420f9931d950a55cae0fb3195e2f8010d03d4b52eda347,True,False,pass,6741,109.20879154105205,1351,1.6902261669747531,6907,362.3781183330575,558,31.416364165954292,2711,0.058867541956715286,0.050971708027645946,0.00021841702982783318,504.8035578740528,False,False,False,True,0.0,1.1918056011199951,,0.0,8139,Reasoning bodies exclude closing-think; answer count includes terminal EOS. No pretence these bodies count inserted bridges.
leetcode/3413,H25,0,25,1685,ce30dae9272e902cba1037cf3a2991daffed18abaf23e6644a2be74eea9ed476,2676688932155659115,2492812005854240499,d8b89760ed584363e7d2ebeec47f9e42d41e6a8a027ab85b3b5f377de2fc8fba,1aecc8efab0c857b23d1a76033407684f5b2e8f7f3fa8d20c1c9c0286c4195fa,True,False,pass,6741,270.67831125005614,2362,2.960359583958052,14996,878.3925356250256,643,44.030194374965504,3111,0.06832399999257177,0.018220333964563906,0.00027062499430030584,1196.1482157929568,False,False,False,True,0.0,6.4150166511535645,,0.0,17324,Reasoning bodies exclude closing-think; answer count includes terminal EOS. No pretence these bodies count inserted bridges.
leetcode/3413,H25,1,25,1685,ce30dae9272e902cba1037cf3a2991daffed18abaf23e6644a2be74eea9ed476,2676688932155659115,2731818833645815312,295a20edeeb91bdcad265ae14d00e08b8de6d629a89441072cc9bcd9d0a2a5fd,1aa5a8f9286cd06de89e47225c8aa41a943823e9c6554bf19d1eff4e843dcd12,True,False,pass,6741,270.67831125005614,2362,2.960359583958052,14996,878.3925356250256,644,43.71160158305429,3086,0.0704965409822762,0.0555869999807328,0.00027062499430030584,1195.8691622080514,False,False,False,True,0.0,6.386444091796875,,0.0,17325,Reasoning bodies exclude closing-think; answer count includes terminal EOS. No pretence these bodies count inserted bridges.
leetcode/3413,H25,2,25,1685,ce30dae9272e902cba1037cf3a2991daffed18abaf23e6644a2be74eea9ed476,2676688932155659115,5506100025570663159,8f070d3c79f0ca159d64373b6de7c53613d82629138fa7ffff2cf67f98f24439,a7b32ca275fcb29a971a1b5d448963200b38c85230fa84b1b703d472b8a8d300,True,False,pass,6741,270.67831125005614,2362,2.960359583958052,14996,878.3925356250256,643,43.674600375117734,3129,0.06890491698868573,0.032269250019453466,0.00027062499430030584,1195.80725162616,False,False,False,True,0.0,6.484715700149536,,0.0,17324,Reasoning bodies exclude closing-think; answer count includes terminal EOS. No pretence these bodies count inserted bridges.
leetcode/3413,H50,0,50,3370,ce30dae9272e902cba1037cf3a2991daffed18abaf23e6644a2be74eea9ed476,2676688932155659115,2492812005854240499,68c16a8db5f862aca772c4778fd5a01fb1cb434e561661d8cfea22ef7f128a0b,1ea97482235fded2056c7c6348c994b594672d699a08921631485ed3d621e063,True,False,pass,6741,545.7337877080427,4047,5.244264375069179,5138,279.9943902089726,614,35.19324679195415,2899,0.056879332987591624,0.009080416988581419,0.0003749160096049309,866.2320237500244,False,False,False,True,0.0,1.218559741973877,,0.0,9122,Reasoning bodies exclude closing-think; answer count includes terminal EOS. No pretence these bodies count inserted bridges.
leetcode/3413,H50,1,50,3370,ce30dae9272e902cba1037cf3a2991daffed18abaf23e6644a2be74eea9ed476,2676688932155659115,2731818833645815312,f837febd96683a476ea80f00bedcff218eb7c2b3d3b4607337640e8cb3699203,c87a2ba7082f3417dda8838119770aaf7fa1f9e2fc623ce1a3d5151df1affd06,True,False,pass,6741,545.7337877080427,4047,5.244264375069179,5138,279.9943902089726,604,34.60822966590058,2864,0.06075941596645862,0.007992208935320377,0.0003749160096049309,865.6497984988964,False,False,False,True,0.0,1.2076404094696045,,0.0,9112,Reasoning bodies exclude closing-think; answer count includes terminal EOS. No pretence these bodies count inserted bridges.
leetcode/3413,H50,2,50,3370,ce30dae9272e902cba1037cf3a2991daffed18abaf23e6644a2be74eea9ed476,2676688932155659115,5506100025570663159,9ef2a6b2cc4caa26bfe36c1fdb9e20982cb9e3fca47268bcef6f8e35714ec7a1,280d2194f08d198bdcfeff585b7bc90c06c6dc9692ab4691d3e159a368475ecb,True,False,pass,6741,545.7337877080427,4047,5.244264375069179,5138,279.9943902089726,542,31.21759995794855,2589,0.06063675007317215,0.0075005830731242895,0.0003749160096049309,862.2585544991889,False,False,False,True,0.0,1.2048683166503906,,0.0,9050,Reasoning bodies exclude closing-think; answer count includes terminal EOS. No pretence these bodies count inserted bridges.
leetcode/3413,H75,0,75,5055,ce30dae9272e902cba1037cf3a2991daffed18abaf23e6644a2be74eea9ed476,2676688932155659115,2492812005854240499,c7a6df4c4e189e5f72208bd791842efd5c05df036440a010b01a5fd83e75d183,d26355c7c5a08a9aa3aea790c7ef672fae84e8608e100e198edeefff3b64d7d0,True,False,pass,6741,827.1996549580363,5732,7.753284625010565,1329,72.14659933408257,544,29.97739920800086,2631,0.055125500075519085,0.006095041986554861,0.0005165840266272426,937.138675251219,False,False,False,True,0.0,1.1965579986572266,,0.0,6928,Reasoning bodies exclude closing-think; answer count includes terminal EOS. No pretence these bodies count inserted bridges.
leetcode/3413,H75,1,75,5055,ce30dae9272e902cba1037cf3a2991daffed18abaf23e6644a2be74eea9ed476,2676688932155659115,2731818833645815312,7a23d5d0c9e097a7a6903783027226fc453ed63608a48a402619210009688366,3ec450f42e0ab2b2737fce6d6a1c4ee81259d60bcb1d1137e712e3f5fd2d6880,True,False,pass,6741,827.1996549580363,5732,7.753284625010565,1329,72.14659933408257,536,29.48153895814903,2553,0.05701874999795109,0.009980875067412853,0.0005165840266272426,936.6485940843704,False,False,False,True,0.0,1.2049078941345215,,0.0,6920,Reasoning bodies exclude closing-think; answer count includes terminal EOS. No pretence these bodies count inserted bridges.
leetcode/3413,H75,2,75,5055,ce30dae9272e902cba1037cf3a2991daffed18abaf23e6644a2be74eea9ed476,2676688932155659115,5506100025570663159,01bfa92c1571f4440876c356b56fdc9b78e29500ee845fa3173f38e1bf541383,80739f7bcd73ec0ff61c4b4d48df0ed538c1c77dbf88e8aba9906924804d2652,True,False,pass,6741,827.1996549580363,5732,7.753284625010565,1329,72.14659933408257,527,28.93463337398134,2546,0.05684837501030415,0.0093233329243958,0.0005165840266272426,936.1008605830721,False,False,False,True,0.0,1.1995782852172852,,0.0,6911,Reasoning bodies exclude closing-think; answer count includes terminal EOS. No pretence these bodies count inserted bridges.
leetcode/3413,FULL_TEXT,0,100,6741,ce30dae9272e902cba1037cf3a2991daffed18abaf23e6644a2be74eea9ed476,,2492812005854240499,6a56b6de74936da9692c6f3f1d581a0c365c723fd8547a3d6a358551a05a8135,7b2fd283b7fe51503ef8f44109341d9b8fc7a2159b27a5b70dfd3c1df085460b,True,False,pass,6741,1115.0134823750122,7418,10.346881291945465,0,0.0,533,29.640561374952085,2516,0.056035959045402706,0.006466708029620349,0.000612415955401957,1155.0640401249402,False,False,False,True,0.0,1.1898868083953857,,0.0,7274,Reasoning bodies exclude closing-think; answer count includes terminal EOS. No pretence these bodies count inserted bridges.
leetcode/3413,FULL_TEXT,1,100,6741,ce30dae9272e902cba1037cf3a2991daffed18abaf23e6644a2be74eea9ed476,,2731818833645815312,7ebde9817288087ca3ff958ed20fbe5f109ca6b7a5b3afa4107f29ad6453e717,1a0bee23349e75d0aada8afde2c3fee4afc00d9ec5c21c4a25cf9f6bdb35a3b0,True,False,pass,6741,1115.0134823750122,7418,10.346881291945465,0,0.0,559,31.0604528329568,2612,0.057627958012744784,0.009442542097531259,0.000612415955401957,1156.4884994159802,False,False,False,True,0.0,1.2020349502563477,,0.0,7300,Reasoning bodies exclude closing-think; answer count includes terminal EOS. No pretence these bodies count inserted bridges.
leetcode/3413,FULL_TEXT,2,100,6741,ce30dae9272e902cba1037cf3a2991daffed18abaf23e6644a2be74eea9ed476,,5506100025570663159,07496f6bff3321cc99e39e6ca4ef0c71b07da771fafa951d2d355a396b15f3c2,061f8efa4f8ff298b715d44524694ba7973440d338236c1c8ed150fc6b1152a3,True,False,pass,6741,1115.0134823750122,7418,10.346881291945465,0,0.0,541,30.02603095700033,2508,0.05696595902554691,0.009732250007800758,0.000612415955401957,1155.4537052489468,False,False,False,True,0.0,1.2140157222747803,,0.0,7282,Reasoning bodies exclude closing-think; answer count includes terminal EOS. No pretence these bodies count inserted bridges.
leetcode/3413,LARGE_ONLY,0,,6741,ce30dae9272e902cba1037cf3a2991daffed18abaf23e6644a2be74eea9ed476,,7242633771082755119,4c06655b5e7a0326debe1d1530b8a5e86b31f801cbacf503ce4990d5d7c91ca2,bd81e2daaa3e073b84ab142690705bec88970d7b5af622278800fe6e0a688dbc,True,False,pass,6741,1115.0134823750122,0,0,0,0,537,92.728040457936,2566,0.17163562501082197,0.019313250028062612,0,1207.9324717079871,False,False,False,True,0.0,1.1959240436553955,,0.0,7278,Reasoning bodies exclude closing-think; answer count includes terminal EOS. No pretence these bodies count inserted bridges.
leetcode/3413,LARGE_ONLY,1,,6741,ce30dae9272e902cba1037cf3a2991daffed18abaf23e6644a2be74eea9ed476,,7778396362561333826,d445655a859b9b8b66702f010cfacdc13489a3b00c1352f1bb1bba0db8582a7a,fcfa8c7f331a9ec720de9b3acf3943d810186ef708c7936a705689860eceae0d,True,False,pass,6741,1115.0134823750122,0,0,0,0,550,94.78553854103666,2631,0.1737123749917373,0.04483650001930073,0,1210.01756979106,False,False,False,True,0.0,1.2329769134521484,,0.0,7291,Reasoning bodies exclude closing-think; answer count includes terminal EOS. No pretence these bodies count inserted bridges.
leetcode/3413,LARGE_ONLY,2,,6741,ce30dae9272e902cba1037cf3a2991daffed18abaf23e6644a2be74eea9ed476,,8631246940319503039,08f3a737519cfbd424831114566b5d47ef93af992f046fd3a439d2aa26e93278,ec08cffe5fee38610415d3e03f5f4fa9f3ed341f72a4a8978a3455d3f090a592,True,False,pass,6741,1115.0134823750122,0,0,0,0,536,92.36284458293812,2620,0.17242054198868573,0.04696624999633059,0,1207.5957137499354,False,False,False,True,0.0,1.195580244064331,,0.0,7277,Reasoning bodies exclude closing-think; answer count includes terminal EOS. No pretence these bodies count inserted bridges.
atcoder/abc357_c,SMALL_ONLY,0,0,0,2db1a45e97beb7048034570fed81f6d23dd488eb091cef2869e33bf02e4aaa46,2740373668294614808,3333487752881629470,c725eabdd9bcf147332ca2b38c86204e6f0a866c2f0cdc4fa76a1a560c0e28fc,8bde821266feec788619b2f0f3568deb4025bf8ba4bb6490fa7305059a490740,True,False,pass,4135,0.0,430,0.5496243330417201,3321,164.18824666598812,578,29.89921125106048,2488,0.051449415972456336,0.004374625044874847,0.00011866702698171139,194.69302495813463,False,False,False,True,0.0,0.2152848243713379,,0.0,3899,Reasoning bodies exclude closing-think; answer count includes terminal EOS. No pretence these bodies count inserted bridges.
atcoder/abc357_c,SMALL_ONLY,1,0,0,2db1a45e97beb7048034570fed81f6d23dd488eb091cef2869e33bf02e4aaa46,2740373668294614808,3114846767188297751,4ecab02acf3245949a2ef9fbbe43955482ecaa62e17c8c2bfcf0581adc19fb13,fb653343be6fd44fecea5868bee922be1b4df924c1929d148845272b0e9f5c27,True,False,pass,4135,0.0,430,0.5496243330417201,3321,164.18824666598812,595,30.79538879194297,2573,0.05244066601153463,0.007842584047466516,0.00011866702698171139,195.5936617080588,False,False,False,True,0.0,0.2099461555480957,,0.0,3916,Reasoning bodies exclude closing-think; answer count includes terminal EOS. No pretence these bodies count inserted bridges.
atcoder/abc357_c,SMALL_ONLY,2,0,0,2db1a45e97beb7048034570fed81f6d23dd488eb091cef2869e33bf02e4aaa46,2740373668294614808,5268915749490295709,9a74990676ae0a0cfa59fa4d4a35b320f14606fc69f7e6b2a1180c1dd356aa66,874444769f1bb1c3ca51509777f84c0833f659de80956d469abb6e59823e5bde,True,False,pass,4135,0.0,430,0.5496243330417201,3321,164.18824666598812,592,30.569607708021067,2515,0.05277891701553017,0.00719137501437217,0.00011866702698171139,195.3675676661078,False,False,False,True,0.0,0.2125098705291748,,0.0,3913,Reasoning bodies exclude closing-think; answer count includes terminal EOS. No pretence these bodies count inserted bridges.
atcoder/abc357_c,H10,0,10,413,2db1a45e97beb7048034570fed81f6d23dd488eb091cef2869e33bf02e4aaa46,2740373668294614808,3333487752881629470,c4e6e63a9ecf8ef0fae30ab23fba6fb2d54dfef1e3fc6ffb56d4c6838c8903f9,5729ba55d263f46565a1c9d9628db6dab9e555a2368eff25ab574f6558b4595d,True,False,pass,4135,66.50573179102503,843,1.0616223749238998,4777,242.67502691596746,612,32.887370832962915,2741,0.05356750008650124,0.005085458047688007,0.00015537498984485865,343.18856024800334,False,False,False,True,0.0,0.2112717628479004,,0.0,5802,Reasoning bodies exclude closing-think; answer count includes terminal EOS. No pretence these bodies count inserted bridges.
atcoder/abc357_c,H10,1,10,413,2db1a45e97beb7048034570fed81f6d23dd488eb091cef2869e33bf02e4aaa46,2740373668294614808,3114846767188297751,cb704de621377884e0003e3742692bcbebf2268aa788ef311b81fe93d3365716,f3d36abeb6c05b9f6138637e1b0e855782ccafd0498250731ff11772376066fc,True,False,pass,4135,66.50573179102503,843,1.0616223749238998,4777,242.67502691596746,618,33.18375970888883,2601,0.055734834051690996,0.010015625040978193,0.00015537498984485865,343.49204662488773,False,False,False,True,0.0,0.210618257522583,,0.0,5808,Reasoning bodies exclude closing-think; answer count includes terminal EOS. No pretence these bodies count inserted bridges.
atcoder/abc357_c,H10,2,10,413,2db1a45e97beb7048034570fed81f6d23dd488eb091cef2869e33bf02e4aaa46,2740373668294614808,5268915749490295709,758f5c84233079a1c6afb98a084f8da4b682227df0de89d6871564272317018e,64e9bd43d98bab27752d1f256a80667a4d8a9036812d31e703de7463d16a501a,True,False,pass,4135,66.50573179102503,843,1.0616223749238998,4777,242.67502691596746,615,33.02846470789518,2711,0.05593083391431719,0.007452416932210326,0.00015537498984485865,343.33438441564795,False,False,False,True,0.0,0.21255779266357422,,0.0,5805,Reasoning bodies exclude closing-think; answer count includes terminal EOS. No pretence these bodies count inserted bridges.
atcoder/abc357_c,H25,0,25,1033,2db1a45e97beb7048034570fed81f6d23dd488eb091cef2869e33bf02e4aaa46,2740373668294614808,3333487752881629470,ee45cbbc98e87fd18bddf967d939e26a6d300554304cf93f1f64d7a79939efab,c9659dc66525c0c4d3a7a4ed0599c2a5f0988aca4dd6a1a7e9593191a14da108,True,False,pass,4135,164.33547429100145,1463,1.796137333032675,4976,252.99980087508447,583,31.06129133293871,2461,0.052349291974678636,0.005704541923478246,0.00019712490029633045,450.25095479085576,False,False,False,True,0.0,0.3836047649383545,,0.0,6592,Reasoning bodies exclude closing-think; answer count includes terminal EOS. No pretence these bodies count inserted bridges.
atcoder/abc357_c,H25,1,25,1033,2db1a45e97beb7048034570fed81f6d23dd488eb091cef2869e33bf02e4aaa46,2740373668294614808,3114846767188297751,07262c9b2d16bcba818eb5dd584ae1727f00de35f3ba6f383e71caf9b93a8c4a,26cb1cc1be5671353d8b1cf425aa772bf3669d44946d3f6166a9581f10da86e8,True,False,pass,4135,164.33547429100145,1463,1.796137333032675,4976,252.99980087508447,566,30.910160625935532,2252,0.05662575003225356,0.00899437500629574,0.00019712490029633045,450.107390374993,False,False,False,True,0.0,0.3773024082183838,,0.0,6575,Reasoning bodies exclude closing-think; answer count includes terminal EOS. No pretence these bodies count inserted bridges.
atcoder/abc357_c,H25,2,25,1033,2db1a45e97beb7048034570fed81f6d23dd488eb091cef2869e33bf02e4aaa46,2740373668294614808,5268915749490295709,249d7a3bfc1f97f454e068b86d2291deed28de7f7f2edb4fa5f0d8607e49830f,b8d63e669a734930ada3eb411dab67c9110ab02593029ebff29fc2812f34262c,True,False,pass,4135,164.33547429100145,1463,1.796137333032675,4976,252.99980087508447,547,29.88099445903208,2206,0.055910542025230825,0.009036333998665214,0.00019712490029633045,449.07755095907487,False,False,False,True,0.0,0.37914609909057617,,0.0,6556,Reasoning bodies exclude closing-think; answer count includes terminal EOS. No pretence these bodies count inserted bridges.
atcoder/abc357_c,H50,0,50,2067,2db1a45e97beb7048034570fed81f6d23dd488eb091cef2869e33bf02e4aaa46,2740373668294614808,3333487752881629470,b14d20c319a2fc3fa3ccfd4ca88a331362648417641ab73f5397d86ba5e12df7,192b780cc54c2f8659f1610ab127b017fadb3911d7540fbaec3c8b550dcc9ff3,True,False,pass,4135,329.8216467080056,2497,3.163082291954197,2972,153.84356645902153,569,30.29276145901531,2339,0.05269308399874717,0.004707374959252775,0.0002838750369846821,517.1787412519916,False,False,False,True,0.0,0.378481388092041,,0.0,5608,Reasoning bodies exclude closing-think; answer count includes terminal EOS. No pretence these bodies count inserted bridges.
atcoder/abc357_c,H50,1,50,2067,2db1a45e97beb7048034570fed81f6d23dd488eb091cef2869e33bf02e4aaa46,2740373668294614808,3114846767188297751,bc4e3f8a5420d772fca36d9262b90ab772f7056c2a863358e999ad99d6daf5d1,674aafbac66ad4a4b4b60ac69fe279925c15190bb0f3cc3269268ebd38414efd,True,False,pass,4135,329.8216467080056,2497,3.163082291954197,2972,153.84356645902153,581,31.010434750001878,2352,0.05556616699323058,0.008611958008259535,0.0002838750369846821,517.9031922090217,False,False,False,True,0.0,0.37067270278930664,,0.0,5620,Reasoning bodies exclude closing-think; answer count includes terminal EOS. No pretence these bodies count inserted bridges.
atcoder/abc357_c,H50,2,50,2067,2db1a45e97beb7048034570fed81f6d23dd488eb091cef2869e33bf02e4aaa46,2740373668294614808,5268915749490295709,6cc68fff59381938cfc96c2d960ff45ba88965859305f2fd8503790d04c95100,68df943d678a0e12ac18f5400967d4cdbaebbbe4a13de2aface46e69d0144f9b,True,False,pass,4135,329.8216467080056,2497,3.163082291954197,2972,153.84356645902153,562,29.219299125950783,2342,0.053756500012241304,0.008408874971792102,0.0002838750369846821,516.1100438349531,False,False,False,True,0.0,0.378772497177124,,0.0,5601,Reasoning bodies exclude closing-think; answer count includes terminal EOS. No pretence these bodies count inserted bridges.
atcoder/abc357_c,H75,0,75,3101,2db1a45e97beb7048034570fed81f6d23dd488eb091cef2869e33bf02e4aaa46,2740373668294614808,3333487752881629470,27b7712bdd7123317e7362b118119fce02afff5c7ad825443d00db58b75c50d1,acf4521c47fa9d82b9d86414238b9d0d37c11dd281994d1e69e168f03a5cbc86,True,False,pass,4135,498.15752337500453,3531,4.526296875090338,2897,149.66248529206496,561,30.491806249017827,2344,0.05397808295674622,0.005654709064401686,0.0003572499845176935,682.8981018331833,False,False,False,True,0.0,0.34963417053222656,,0.0,6559,Reasoning bodies exclude closing-think; answer count includes terminal EOS. No pretence these bodies count inserted bridges.
atcoder/abc357_c,H75,1,75,3101,2db1a45e97beb7048034570fed81f6d23dd488eb091cef2869e33bf02e4aaa46,2740373668294614808,3114846767188297751,4fddd8089c8618099c9beb090fa7c9b7bc91ae7fa8e867aff307cc7174bf5195,73f1592df80c60eb819d6ea0eed588beed7c5d876628cfb6d66f5a20ca46a051,True,False,pass,4135,498.15752337500453,3531,4.526296875090338,2897,149.66248529206496,590,32.11969716602471,2475,0.05655837501399219,0.010676958016119897,0.0003572499845176935,684.5335952911992,False,False,False,True,0.0,0.3484983444213867,,0.0,6588,Reasoning bodies exclude closing-think; answer count includes terminal EOS. No pretence these bodies count inserted bridges.
atcoder/abc357_c,H75,2,75,3101,2db1a45e97beb7048034570fed81f6d23dd488eb091cef2869e33bf02e4aaa46,2740373668294614808,5268915749490295709,c5ae7f61d57f5ef41ccf80a0e5ad85383c413b9ddc27c90ad91b233247e737ff,305092b83352db27948b006af306efbe238edb6e7bd0e269fb3c4f9bcd0ee8d7,True,False,pass,4135,498.15752337500453,3531,4.526296875090338,2897,149.66248529206496,574,31.320039875106886,2375,0.056361124967224896,0.010713208001106977,0.0003572499845176935,683.7337770002196,False,False,False,True,0.0,0.3473396301269531,,0.0,6572,Reasoning bodies exclude closing-think; answer count includes terminal EOS. No pretence these bodies count inserted bridges.
atcoder/abc357_c,FULL_TEXT,0,100,4135,2db1a45e97beb7048034570fed81f6d23dd488eb091cef2869e33bf02e4aaa46,,3333487752881629470,8bc437d1a3dfe48e56019a948aa425be4c7591b2df5bfb9e579356e32a0e772f,cdb24aef3b0860a260b0b6a98dbd0cb83287371fb684855d1db4d5f2b7a8a962,True,False,pass,4135,669.3040029160329,4565,5.968685416039079,0,0.0,521,27.44461137498729,2111,0.0539612079737708,0.0048454999923706055,0.0004615830257534981,702.7765679980512,False,False,False,True,0.0,0.39646220207214355,,0.0,4656,Reasoning bodies exclude closing-think; answer count includes terminal EOS. No pretence these bodies count inserted bridges.
atcoder/abc357_c,FULL_TEXT,1,100,4135,2db1a45e97beb7048034570fed81f6d23dd488eb091cef2869e33bf02e4aaa46,,3114846767188297751,f77196efbe05495890ce46b15d01c1342257a6932aba749c15cbde02c0609bc5,62d2a164121304b4e0eb995a3b4a0db5146edea715317349a56a161bd45fe7a0,True,False,pass,4135,669.3040029160329,4565,5.968685416039079,0,0.0,540,28.363795083016157,2263,0.054776416975073516,0.010855500004254282,0.0004615830257534981,703.7025769150932,False,False,False,True,0.0,0.3805689811706543,,0.0,4675,Reasoning bodies exclude closing-think; answer count includes terminal EOS. No pretence these bodies count inserted bridges.
atcoder/abc357_c,FULL_TEXT,2,100,4135,2db1a45e97beb7048034570fed81f6d23dd488eb091cef2869e33bf02e4aaa46,,5268915749490295709,042c6691c66eaec49a480b87f7472beb5846728fe01664e942a5e9255d3c4341,f5701b18cd8eca569b0424b02d62b252157319f1e8a6145621cece7f2b701bb4,True,False,pass,4135,669.3040029160329,4565,5.968685416039079,0,0.0,515,26.997963166912086,2199,0.054421709035523236,0.010124374995939434,0.0004615830257534981,702.3356591660413,False,False,False,True,0.0,0.3850243091583252,,0.0,4650,Reasoning bodies exclude closing-think; answer count includes terminal EOS. No pretence these bodies count inserted bridges.
atcoder/abc357_c,LARGE_ONLY,0,,4135,2db1a45e97beb7048034570fed81f6d23dd488eb091cef2869e33bf02e4aaa46,,9140067580339735959,1c73b306113796f8474ebe9c366a54a7c1a29b45aaac757d7803530e8b6db7d1,39b18e299e4d8341ca61f21ada2e0fe6f9391679e4282d330c6dcbbcd230dac5,True,False,pass,4135,669.3040029160329,0,0,0,0,144,23.797776332939975,445,0.1662218330311589,0.013661750010214746,0,693.2816628320143,False,False,False,True,0.0,0.38353753089904785,,0.0,4279,Reasoning bodies exclude closing-think; answer count includes terminal EOS. No pretence these bodies count inserted bridges.
atcoder/abc357_c,LARGE_ONLY,1,,4135,2db1a45e97beb7048034570fed81f6d23dd488eb091cef2869e33bf02e4aaa46,,2411003985370937673,2d60a6646465aeac7e3cdd1afd53d4a3eb3d67b321362ab3f3783e3828e34fe8,d1e6a9e532880e0098b5656500922c95626b2c3397a564f3c15d068f67dcbba8,True,False,pass,4135,669.3040029160329,0,0,0,0,523,86.98452483199071,2168,0.16818375000730157,0.030889499990735203,0,756.4876009980217,False,False,False,True,0.0,0.37577033042907715,,0.0,4658,Reasoning bodies exclude closing-think; answer count includes terminal EOS. No pretence these bodies count inserted bridges.
atcoder/abc357_c,LARGE_ONLY,2,,4135,2db1a45e97beb7048034570fed81f6d23dd488eb091cef2869e33bf02e4aaa46,,4644360403252236174,4ef73d00ef4a6dbd4c8daf369f61e5ae8373a50f22e616c129dcdc52d228a94a,353e7477f02ef565ee3ecf6d5dd1c21eb25e4d367c0eb713bf0b3901f8248cf7,True,False,pass,4135,669.3040029160329,0,0,0,0,144,23.79221091704676,445,0.16783195902826265,0.028836917015723884,0,693.2928827091237,False,False,False,True,0.0,0.3886096477508545,,0.0,4279,Reasoning bodies exclude closing-think; answer count includes terminal EOS. No pretence these bodies count inserted bridges.
leetcode/3462,SMALL_ONLY,0,0,0,683533f6fae9d638deb04f581e63337cde903746acabedf69f4fc66f7820b4bb,2131040745480848995,5055951511293468428,2befdb016417d18c92361de6c9ddd30bcdd5a99ec7c2368475307bd807d1f863,fef983555b6be718a33809b32bc1dd877246e53d50349f9eb97f90c5d15efa39,True,False,pass,8737,0.0,398,0.5081735838903114,9138,481.4706743329298,469,27.139396207989193,2136,0.057309041963890195,0.012703249929472804,0.0001391660189256072,509.18839558272157,False,False,False,True,0.0,1.1650464534759521,,0.0,9607,Reasoning bodies exclude closing-think; answer count includes terminal EOS. No pretence these bodies count inserted bridges.
leetcode/3462,SMALL_ONLY,1,0,0,683533f6fae9d638deb04f581e63337cde903746acabedf69f4fc66f7820b4bb,2131040745480848995,9055903461341743253,cd5c370d23653f962cccb07379ee14ea8a4bee4ae1554e6cff77f7e60177479e,46ded446c38e0c4b15dfc140273dbb93bf88cc8864e3a70f32820aec8997d024,True,False,pass,8737,0.0,398,0.5081735838903114,9138,481.4706743329298,459,26.443286917055957,2080,0.05974233301822096,0.04998533404432237,0.0001391660189256072,508.5320016669575,False,False,False,True,0.0,1.1543359756469727,,0.0,9597,Reasoning bodies exclude closing-think; answer count includes terminal EOS. No pretence these bodies count inserted bridges.
leetcode/3462,SMALL_ONLY,2,0,0,683533f6fae9d638deb04f581e63337cde903746acabedf69f4fc66f7820b4bb,2131040745480848995,7773929230562904675,d6af062718c12b4ae0f51dcfd777fddddab78f6ebc9f05967cc234b37f666d9b,22368fd862028dfd541742999cf7c4e675406e4f8d143516a064f7157e26a963,True,False,pass,8737,0.0,398,0.5081735838903114,9138,481.4706743329298,410,23.59015112509951,1770,0.059448375017382205,0.040539583074860275,0.0001391660189256072,505.66912616603076,False,False,False,True,0.0,1.1724824905395508,,0.0,9548,Reasoning bodies exclude closing-think; answer count includes terminal EOS. No pretence these bodies count inserted bridges.
leetcode/3462,H10,0,10,873,683533f6fae9d638deb04f581e63337cde903746acabedf69f4fc66f7820b4bb,2131040745480848995,5055951511293468428,a607f2c788f3e9d30d6f39129df5b22d620d45178ed766c8a4a55180474fd70c,238579e3c44197e04dc0eee82f1eb14a98d5244498c7368fcb042fef390258aa,True,False,pass,8737,138.7232151249773,1271,1.5803607079433277,9150,491.5391389169963,375,22.062692458042875,1698,0.05796162493061274,0.009146208059974015,0.00022737507242709398,653.9727424160228,False,False,False,True,0.0,1.1732838153839111,,0.0,10398,Reasoning bodies exclude closing-think; answer count includes terminal EOS. No pretence these bodies count inserted bridges.
leetcode/3462,H10,1,10,873,683533f6fae9d638deb04f581e63337cde903746acabedf69f4fc66f7820b4bb,2131040745480848995,9055903461341743253,79498e3759b6fbfeafea1230f5247b76c3b8f885332c79f101760c081fbf5d18,faf927524603a105ef1cf4172fe14304a7d0938f514e2cca775f467aa1df4654,True,False,pass,8737,138.7232151249773,1271,1.5803607079433277,9150,491.5391389169963,372,21.79394612601027,1710,0.059825084055773914,0.021540415938943624,0.00022737507242709398,653.7182537509943,False,False,False,True,0.0,1.1841981410980225,,0.0,10395,Reasoning bodies exclude closing-think; answer count includes terminal EOS. No pretence these bodies count inserted bridges.
leetcode/3462,H10,2,10,873,683533f6fae9d638deb04f581e63337cde903746acabedf69f4fc66f7820b4bb,2131040745480848995,7773929230562904675,ba2c9b17fe2c6248f35960dddb9fcafd0618f23697dbbd55aaf8519e91e06c91,668f2bc30b362ec6441abbcfc8c53c2cb86cde7cb1b491e3aafd166c7e07b989,True,False,pass,8737,138.7232151249773,1271,1.5803607079433277,9150,491.5391389169963,459,26.98242558306083,2109,0.06171008409000933,0.026925957994535565,0.00022737507242709398,658.9140037501347,False,False,False,True,0.0,1.1796698570251465,,0.0,10482,Reasoning bodies exclude closing-think; answer count includes terminal EOS. No pretence these bodies count inserted bridges.
leetcode/3462,H25,0,25,2184,683533f6fae9d638deb04f581e63337cde903746acabedf69f4fc66f7820b4bb,2131040745480848995,5055951511293468428,2b774570a3c8b2e9535a73304c88f8d50e3129bc6b0b5d266a5046b7019f85db,48266125945d79112901fe61e23edf0f1c922c24b2f5d7f05274f3d9d3bdcc49,True,False,pass,8737,348.3600801670109,2582,3.3041536250384524,5098,270.2583878340665,361,20.12760216696188,1609,0.06851933291181922,0.008049624972045422,0.0003230839502066374,642.1271158349118,False,False,False,True,0.0,1.1734721660614014,,0.0,7643,Reasoning bodies exclude closing-think; answer count includes terminal EOS. No pretence these bodies count inserted bridges.
leetcode/3462,H25,1,25,2184,683533f6fae9d638deb04f581e63337cde903746acabedf69f4fc66f7820b4bb,2131040745480848995,9055903461341743253,aa3a65bb8cd08010a643a186c12c6dc30849b3c72e003e1627b63001a9e3d97c,456f7f00a2017bb8f1cb88f10616d8632045a44c9da280ce7c8dd78c2b1651a1,True,False,pass,8737,348.3600801670109,2582,3.3041536250384524,5098,270.2583878340665,455,25.34662966709584,2013,0.0581382499076426,0.03881712490692735,0.0003230839502066374,647.3665297519765,False,False,False,True,0.0,1.1797022819519043,,0.0,7737,Reasoning bodies exclude closing-think; answer count includes terminal EOS. No pretence these bodies count inserted bridges.
leetcode/3462,H25,2,25,2184,683533f6fae9d638deb04f581e63337cde903746acabedf69f4fc66f7820b4bb,2131040745480848995,7773929230562904675,3a1b2cdc7a82793cd93fa94d92e76afad61dec5f6e9ea52e2cd8e69bddee5211,0358828bee5fa8bc66ad7a988d1d574e20c56ed531874d89a36c9cf099d23c5a,True,False,pass,8737,348.3600801670109,2582,3.3041536250384524,5098,270.2583878340665,359,19.951504624914378,1668,0.05763208295684308,0.039174458011984825,0.0003230839502066374,641.9712558759493,False,False,False,True,0.0,1.186652421951294,,0.0,7641,Reasoning bodies exclude closing-think; answer count includes terminal EOS. No pretence these bodies count inserted bridges.
leetcode/3462,H50,0,50,4368,683533f6fae9d638deb04f581e63337cde903746acabedf69f4fc66f7820b4bb,2131040745480848995,5055951511293468428,75ac02c7271ba0bdeea185a9db7c145ef881201fa26fb6308f67201cd36b29ac,999a5146de0492852857d3e2240557897d33288bcdbad589bbf7e94a4f49ec37,True,False,pass,8737,707.4338391249767,4766,6.311449958942831,2873,155.50463245797437,346,19.273447624989785,1565,0.055995958973653615,0.005939249997027218,0.0004225829616189003,888.5857269588159,False,False,False,True,0.0,1.1819729804992676,,0.0,7587,Reasoning bodies exclude closing-think; answer count includes terminal EOS. No pretence these bodies count inserted bridges.
leetcode/3462,H50,1,50,4368,683533f6fae9d638deb04f581e63337cde903746acabedf69f4fc66f7820b4bb,2131040745480848995,9055903461341743253,773728e356574e5f5607b55288df045605a32b2bf844ff2f8cb3f4f782cb5f9d,b13ba3683a8349749a8ae39295d1e0b68ebf369731851f0065192525aed72241,True,False,pass,8737,707.4338391249767,4766,6.311449958942831,2873,155.50463245797437,348,19.369757917011157,1543,0.057961540995165706,0.026420249952934682,0.0004225829616189003,888.7044838328147,False,False,False,True,0.0,1.183201789855957,,0.0,7589,Reasoning bodies exclude closing-think; answer count includes terminal EOS. No pretence these bodies count inserted bridges.
leetcode/3462,H50,2,50,4368,683533f6fae9d638deb04f581e63337cde903746acabedf69f4fc66f7820b4bb,2131040745480848995,7773929230562904675,a2d1be863e33b1f304ca18ab4f198354e8f915ef2ee17ffbc7ea8bcfaea985b4,01b12fd43c3ad16582417da301bc25a0c69d92a54d818173d23c0ec8a3dc014f,True,False,pass,8737,707.4338391249767,4766,6.311449958942831,2873,155.50463245797437,346,19.28510387497954,1620,0.058388125034980476,0.027427082997746766,0.0004225829616189003,888.6212632078677,False,False,False,True,0.0,1.1854796409606934,,0.0,7587,Reasoning bodies exclude closing-think; answer count includes terminal EOS. No pretence these bodies count inserted bridges.
leetcode/3462,H75,0,75,6552,683533f6fae9d638deb04f581e63337cde903746acabedf69f4fc66f7820b4bb,2131040745480848995,5055951511293468428,69ab7b61f3c186d4e6a9780f6cac586bfa70031df19ba6be7bb4c7ae5d71e4d5,73659bedfba56214094a50441bbb6af731bf6a2bd21c0bf474d2785863729dc6,True,False,pass,8737,1076.8121420840034,6950,9.599842166993767,2527,142.11194537498523,385,22.405570874921978,1838,0.05690941703505814,0.0074718339601531625,0.000629457994364202,1250.994511209894,False,False,False,True,0.0,1.1827154159545898,,0.0,9464,Reasoning bodies exclude closing-think; answer count includes terminal EOS. No pretence these bodies count inserted bridges.
leetcode/3462,H75,1,75,6552,683533f6fae9d638deb04f581e63337cde903746acabedf69f4fc66f7820b4bb,2131040745480848995,9055903461341743253,f836de048b97d82d34d53f4352e5d25a81fa2a6a6c1075a8461abee0f5fad999,74f50caa4c6822a3c871b76c9d3dec6fc2ef6a08c69c19c3542ff75277912162,True,False,pass,8737,1076.8121420840034,6950,9.599842166993767,2527,142.11194537498523,332,19.157356375013478,1543,0.06000866706017405,0.0319489169633016,0.000629457994364202,1247.7738730430137,False,False,False,True,0.0,1.1856262683868408,,0.0,9411,Reasoning bodies exclude closing-think; answer count includes terminal EOS. No pretence these bodies count inserted bridges.
leetcode/3462,H75,2,75,6552,683533f6fae9d638deb04f581e63337cde903746acabedf69f4fc66f7820b4bb,2131040745480848995,7773929230562904675,0ac995607c6278324de00c3fc693c1339bb5e0c6655089c63ceeac8c63a331db,319c608efc632cc46c0dbc571f424b362d169f6b83344994911c349fb90b87e8,True,False,pass,8737,1076.8121420840034,6950,9.599842166993767,2527,142.11194537498523,388,22.296405958011746,1793,0.05963050003629178,0.032817917061038315,0.000629457994364202,1250.9134134590859,False,False,False,True,0.0,1.1815192699432373,,0.0,9467,Reasoning bodies exclude closing-think; answer count includes terminal EOS. No pretence these bodies count inserted bridges.
leetcode/3462,FULL_TEXT,0,100,8737,683533f6fae9d638deb04f581e63337cde903746acabedf69f4fc66f7820b4bb,,5055951511293468428,2157bf150dc97217b8f9582b37534e054e3f0465de908d85e6e7aad7517a9e64,7b67a5cf0ec0f68ea27161c168cdc92b6004245ac7f6945a6834f22fef1a7c7b,True,False,pass,8737,1457.1551865839865,9135,13.169850625097752,0,0.0,381,21.71575800003484,1718,0.05790787504520267,0.007618625066243112,0.0007847909582778811,1492.1071065001888,False,False,False,True,0.0,1.1788420677185059,,0.0,9118,Reasoning bodies exclude closing-think; answer count includes terminal EOS. No pretence these bodies count inserted bridges.
leetcode/3462,FULL_TEXT,1,100,8737,683533f6fae9d638deb04f581e63337cde903746acabedf69f4fc66f7820b4bb,,9055903461341743253,52ce4b4a49681fe0428350e428f97979938918d4df7c0d4ccce9d286918c7e20,3f1be5f23e12e0133523c2a89ac54a689f77fb87296e4c3f0be95bbccaac9fc9,True,False,pass,8737,1457.1551865839865,9135,13.169850625097752,0,0.0,352,20.06804724992253,1582,0.05929104203823954,0.009513249970041215,0.0007847909582778811,1490.4626735419733,False,False,False,True,0.0,1.1644184589385986,,0.0,9089,Reasoning bodies exclude closing-think; answer count includes terminal EOS. No pretence these bodies count inserted bridges.
leetcode/3462,FULL_TEXT,2,100,8737,683533f6fae9d638deb04f581e63337cde903746acabedf69f4fc66f7820b4bb,,7773929230562904675,9a8f651d024aa1a1d61cd92f2317ffdb8e2d4da169a3caacc5259ffc14e1c36c,77d4560074d276c49ec60b1ea8ef9f30b6b35f833c00cc9110ae4a482451fbfb,True,False,pass,8737,1457.1551865839865,9135,13.169850625097752,0,0.0,452,25.798841833951883,2039,0.05857158300932497,0.009146958007477224,0.0007847909582778811,1496.1923823750112,False,False,False,True,0.0,1.1730105876922607,,0.0,9189,Reasoning bodies exclude closing-think; answer count includes terminal EOS. No pretence these bodies count inserted bridges.
leetcode/3462,LARGE_ONLY,0,,8737,683533f6fae9d638deb04f581e63337cde903746acabedf69f4fc66f7820b4bb,,5057938609401085631,c56b037057c69fe863de49660c5d322a8ff2fd7173228351e2a7537583298c8c,387667272b6e104f6286ce34e8ac77efb36dffb80148cd134b140402a871f7c6,True,False,pass,8737,1457.1551865839865,0,0,0,0,397,69.95619233301841,1804,0.17590795899741352,0.012354459031485021,0,1527.2996413350338,False,False,False,True,0.0,1.181624412536621,,0.0,9134,Reasoning bodies exclude closing-think; answer count includes terminal EOS. No pretence these bodies count inserted bridges.
leetcode/3462,LARGE_ONLY,1,,8737,683533f6fae9d638deb04f581e63337cde903746acabedf69f4fc66f7820b4bb,,6562436110450275103,532d3c19b09e2075016776d5177567b079eb178aec8dfd5e8686fdfd5dd6210f,8f9c0019381cb70a705b21909a38bee6b4aa630e561a5e4c4d27b582d6e56525,True,False,pass,8737,1457.1551865839865,0,0,0,0,418,73.50390008406248,1929,0.1788583340239711,0.04227512498619035,0,1530.8802201270591,False,False,False,True,0.0,1.173844814300537,,0.0,9155,Reasoning bodies exclude closing-think; answer count includes terminal EOS. No pretence these bodies count inserted bridges.
leetcode/3462,LARGE_ONLY,2,,8737,683533f6fae9d638deb04f581e63337cde903746acabedf69f4fc66f7820b4bb,,8234582306302654364,a707ba039dc2e17d3472de6405d8f536387a6b51653cf7f258f6c2088a6e8029,22c1404985dec07245c0705c34ef06598f11deac79b6e83492639632cfc01b90,True,False,pass,8737,1457.1551865839865,0,0,0,0,381,67.04063437500736,1728,0.17800800001714379,0.041249291971325874,0,1524.4150782509823,False,False,False,True,0.0,1.172086238861084,,0.0,9118,Reasoning bodies exclude closing-think; answer count includes terminal EOS. No pretence these bodies count inserted bridges.
atcoder/abc364_e,SMALL_ONLY,0,0,0,6cca149a989d1516993995125917a6cee29faa3b18a23fb9f4e34938ff082739,6382405943292247548,5251096694144653774,0c1326605d2c3cc346f59c1f7c4ec1e32212b9f761911a9a9e4cc96215b2b30b,c627c6f25dcdfd61dada4c5b67fecb71632b1b639478daa4a72fb8ba611b2a5d,False,False,test_assertion,19006,0.0,635,0.8175307080382481,24576,1543.5372379589826,869,69.89960916596465,3489,0.08049662504345179,0.031968291965313256,0.00029529095627367496,1614.3671380409505,False,True,False,True,0.0,0.022594213485717773,,0.0,25445,Reasoning bodies exclude closing-think; answer count includes terminal EOS. No pretence these bodies count inserted bridges.
atcoder/abc364_e,SMALL_ONLY,1,0,0,6cca149a989d1516993995125917a6cee29faa3b18a23fb9f4e34938ff082739,6382405943292247548,5368144137236299206,e2e08da6fddb05a6756d57011a47e4a4ee9a897ecee26d385e087c0308570393,18415e20538486bf151a32fdcbe6c7dd9e19778e1102ccf4c747c740d31d7808,False,False,test_assertion,19006,0.0,635,0.8175307080382481,24576,1543.5372379589826,1230,98.751243332983,5065,0.08151445793919265,0.1072000419953838,0.00029529095627367496,1643.2950217908947,False,True,False,True,0.0,0.021750926971435547,,0.0,25806,Reasoning bodies exclude closing-think; answer count includes terminal EOS. No pretence these bodies count inserted bridges.
atcoder/abc364_e,SMALL_ONLY,2,0,0,6cca149a989d1516993995125917a6cee29faa3b18a23fb9f4e34938ff082739,6382405943292247548,8983317496576316206,1ce9fbfc85fccb3d88d436521f1813f382dd13d1ec7a83304adc4af8f4c12995,88029c070711534358d008d6dd74b7b1634bda9d9e36b6efbb27ecc3ce68d833,False,False,test_assertion,19006,0.0,635,0.8175307080382481,24576,1543.5372379589826,854,68.2413294169819,3314,0.08155537501443177,0.062179457978345454,0.00029529095627367496,1612.7401282079518,False,True,False,True,0.0,0.021801233291625977,,0.0,25430,Reasoning bodies exclude closing-think; answer count includes terminal EOS. No pretence these bodies count inserted bridges.
atcoder/abc364_e,H10,0,10,1900,6cca149a989d1516993995125917a6cee29faa3b18a23fb9f4e34938ff082739,6382405943292247548,5251096694144653774,daf0d15aa73a22970a372b111bde7e17df2a126b24458369124dbc9db7488573,bc3af7b9804d8435a9cfd547929bcdd0c99ef856675a0f2d6bc49a3706bf240c,False,False,test_assertion,19006,305.04775420803344,2535,3.178723208955489,21953,1397.3131596249295,695,55.57635920797475,2928,0.07895041606388986,0.032055582967586815,0.00043162505608052015,1761.2274338739808,False,False,False,True,0.0,0.021972179412841797,,0.0,24548,Reasoning bodies exclude closing-think; answer count includes terminal EOS. No pretence these bodies count inserted bridges.
atcoder/abc364_e,H10,1,10,1900,6cca149a989d1516993995125917a6cee29faa3b18a23fb9f4e34938ff082739,6382405943292247548,5368144137236299206,8590df6f9254aabc20f22379bf5b5d7275f1ddf00e53abe62881f252b8bed7b5,d7c0d10cb85e4c385263aeef5f78e48a616e2417e91798e3e5b2e58213290215,False,False,test_assertion,19006,305.04775420803344,2535,3.178723208955489,21953,1397.3131596249295,681,53.80822983302642,2873,0.08103783393744379,0.0488625830039382,0.00043162505608052015,1759.4781989169423,False,False,False,True,0.0,0.021721839904785156,,0.0,24534,Reasoning bodies exclude closing-think; answer count includes terminal EOS. No pretence these bodies count inserted bridges.
atcoder/abc364_e,H10,2,10,1900,6cca149a989d1516993995125917a6cee29faa3b18a23fb9f4e34938ff082739,6382405943292247548,8983317496576316206,d61055aac500b3e073f09ec29e34a9857dfa062ee67a54006ba25aa191482d6e,057189a7c36e4361d259de7902e91da32569eac7d0ee08922ba27097d72c4a98,False,False,test_assertion,19006,305.04775420803344,2535,3.178723208955489,21953,1397.3131596249295,685,54.11118154111318,2910,0.08101000008173287,0.04907937499228865,0.00043162505608052015,1759.7813395831618,False,False,False,True,0.0,0.021587610244750977,,0.0,24538,Reasoning bodies exclude closing-think; answer count includes terminal EOS. No pretence these bodies count inserted bridges.
atcoder/abc364_e,H25,0,25,4751,6cca149a989d1516993995125917a6cee29faa3b18a23fb9f4e34938ff082739,6382405943292247548,5251096694144653774,f0d62f64790391705e9efd6361a773cfd9e9d14b5f827096582de168c5a3d511,669b4ea0fa1c01688a04cf471b061d59b6f30dab73c3bc70a05f2334189f992e,,True,infrastructure_failure,19006,774.9025202080375,5386,7.2712952920701355,13222,807.5964775830507,763,53.758894082857296,3232,0.0701328330906108,0.01926254201680422,0.0005857920041307807,1643.6191683331272,False,False,False,True,0.0,16.587132692337036,,0.0,18736,Reasoning bodies exclude closing-think; answer count includes terminal EOS. No pretence these bodies count inserted bridges.
atcoder/abc364_e,H25,1,25,4751,6cca149a989d1516993995125917a6cee29faa3b18a23fb9f4e34938ff082739,6382405943292247548,5368144137236299206,8dcefaf5d79ca1471aec7a875f331c5110b5d02d1a7e35a9c65adc648218ea2f,1ed9bb8515fb74d172dc90e601914b12832a1e5fc6d8d0a5b905e46f1ea796ed,False,False,memory_limit,19006,774.9025202080375,5386,7.2712952920701355,13222,807.5964775830507,729,50.975127958110534,2911,0.07241004100069404,0.0767879580380395,0.0005857920041307807,1640.8952048323117,False,False,False,True,0.0,22.140835523605347,,0.0,18702,Reasoning bodies exclude closing-think; answer count includes terminal EOS. No pretence these bodies count inserted bridges.
atcoder/abc364_e,H25,2,25,4751,6cca149a989d1516993995125917a6cee29faa3b18a23fb9f4e34938ff082739,6382405943292247548,8983317496576316206,85e00b5a1ce82a843f5fceef8277b6c4f0ebbdeb8c170e01cb77ebd58645d646,281d9bc6958ec07ea7504c5a9011be8daf35426f57a0d8b95e75e3cf7001596f,,True,infrastructure_failure,19006,774.9025202080375,5386,7.2712952920701355,13222,807.5964775830507,713,49.76858137501404,3099,0.07177600008435547,0.08935391705017537,0.0005857920041307807,1639.700590167311,False,False,False,True,0.0,18.403992891311646,,0.0,18686,Reasoning bodies exclude closing-think; answer count includes terminal EOS. No pretence these bodies count inserted bridges.
atcoder/abc364_e,H50,0,50,9503,6cca149a989d1516993995125917a6cee29faa3b18a23fb9f4e34938ff082739,6382405943292247548,5251096694144653774,2e481190f77dafde57a6e217b5a58ae8c2975074409d93b0d0f37c1f0c57620e,cb281e0b1907abb08bbeda3c3988cdaf9e9d0646a3cad030108c5afb57ab5738,,True,infrastructure_failure,19006,1598.7673796670279,10138,14.970289833960123,11705,775.6800901249517,922,69.42167099902872,3817,0.07398445799481124,0.015037250006571412,0.0009799579856917262,2458.9294322909554,False,False,False,True,0.0,9.211640357971191,,0.0,22130,Reasoning bodies exclude closing-think; answer count includes terminal EOS. No pretence these bodies count inserted bridges.
atcoder/abc364_e,H50,1,50,9503,6cca149a989d1516993995125917a6cee29faa3b18a23fb9f4e34938ff082739,6382405943292247548,5368144137236299206,975abcae588db83bd6d46de6bdcb2c80adefc5a4dbf0c83291970ae8af056838,705afbc2d07b4aef2439e8a86c42e147793870b028652f6f34849e4328148584,,True,infrastructure_failure,19006,1598.7673796670279,10138,14.970289833960123,11705,775.6800901249517,895,67.10608245804906,3649,0.07577895803842694,0.02479370904620737,0.0009799579856917262,2456.625394709059,False,False,False,True,0.0,11.002922534942627,,0.0,22103,Reasoning bodies exclude closing-think; answer count includes terminal EOS. No pretence these bodies count inserted bridges.
atcoder/abc364_e,H50,2,50,9503,6cca149a989d1516993995125917a6cee29faa3b18a23fb9f4e34938ff082739,6382405943292247548,8983317496576316206,b6e7ad3d54d29e309b7fe4e6194c0044d68b98aca2cc9ebcb79959f9aad254a2,9f59b9079f2cd008122f49a797e829ff68e8e43c32f56c0fbfa9d78d4c720056,,True,infrastructure_failure,19006,1598.7673796670279,10138,14.970289833960123,11705,775.6800901249517,943,70.74026554194279,3933,0.07729679206386209,0.015288416994735599,0.0009799579856917262,2460.2515903349267,False,False,False,True,0.0,11.071944952011108,,0.0,22151,Reasoning bodies exclude closing-think; answer count includes terminal EOS. No pretence these bodies count inserted bridges.
atcoder/abc364_e,H75,0,75,14254,6cca149a989d1516993995125917a6cee29faa3b18a23fb9f4e34938ff082739,6382405943292247548,5251096694144653774,de9c76e88d63b4b3dae7daeb768f7254712d65b2ec4ee3a6ea0cefb0030593dd,8b6134859986a52d72c5d80a03e4aa450941431872781cfad12628b025f75efe,,True,infrastructure_failure,19006,2478.404662833025,14889,24.325494833057746,6708,464.67956379207317,888,66.4009461250389,3660,0.07416508300229907,0.028932082932442427,0.0012327919248491526,3033.9149975410546,False,False,False,True,0.0,10.94752812385559,,0.0,21850,Reasoning bodies exclude closing-think; answer count includes terminal EOS. No pretence these bodies count inserted bridges.
atcoder/abc364_e,H75,1,75,14254,6cca149a989d1516993995125917a6cee29faa3b18a23fb9f4e34938ff082739,6382405943292247548,5368144137236299206,1e65be2509cb1381eecca4fde464410d5107b4c613e55fb051468c6f1a2153ca,01412641cc4f12cdcee0132c1654e74f6b8838bde099d78203b852ccde86832d,,True,infrastructure_failure,19006,2478.404662833025,14889,24.325494833057746,6708,464.67956379207317,889,66.13631570897996,3488,0.07562950009014457,0.09997141698841006,0.0012327919248491526,3033.7228708761395,False,False,False,True,0.0,11.011185884475708,,0.0,21851,Reasoning bodies exclude closing-think; answer count includes terminal EOS. No pretence these bodies count inserted bridges.
atcoder/abc364_e,H75,2,75,14254,6cca149a989d1516993995125917a6cee29faa3b18a23fb9f4e34938ff082739,6382405943292247548,8983317496576316206,24c88b117b146e6259432406fd724b77c9022deef2958bdce444ed087bb8fa54,a7d8fdecac19cb1ac9abb818c5e63db0ec7efd6b7f4629c61ac296b43e502831,,True,infrastructure_failure,19006,2478.404662833025,14889,24.325494833057746,6708,464.67956379207317,928,69.03125300002284,3877,0.07647412491496652,0.08230358397122473,0.0012327919248491526,3036.60098495899,False,False,False,True,0.0,10.963536500930786,,0.0,21890,Reasoning bodies exclude closing-think; answer count includes terminal EOS. No pretence these bodies count inserted bridges.
atcoder/abc364_e,FULL_TEXT,0,100,19006,6cca149a989d1516993995125917a6cee29faa3b18a23fb9f4e34938ff082739,,5251096694144653774,5781afd822ceee6e11aea4298f4d5933a290c67aef6eb054558e0c9e1fb1cef5,77ddccd186e269f07b52c708bcb6b3aa1b660e88acd9991a80888f04484057f2,,True,infrastructure_failure,19006,3418.2723200829932,19641,34.84895966690965,0,0.0,858,61.484444956993684,3667,0.07228720793500543,0.013485042029060423,0.0016501659993082285,3514.69314712286,False,False,False,True,0.0,10.804235696792603,,0.0,19864,Reasoning bodies exclude closing-think; answer count includes terminal EOS. No pretence these bodies count inserted bridges.
atcoder/abc364_e,FULL_TEXT,1,100,19006,6cca149a989d1516993995125917a6cee29faa3b18a23fb9f4e34938ff082739,,5368144137236299206,06157e06f58bd128676d536730924e4de5c400725d71456598f66ddd0cf1fe26,4e0d12f76d9b0a9859a12f20317176a9e2cfa51d4949b36174c2db171dd76e0d,,True,infrastructure_failure,19006,3418.2723200829932,19641,34.84895966690965,0,0.0,962,69.05830237502232,3937,0.07328733301255852,0.048465041909366846,0.0016501659993082285,3522.3029846658465,False,False,False,True,0.0,11.190218210220337,,0.0,19968,Reasoning bodies exclude closing-think; answer count includes terminal EOS. No pretence these bodies count inserted bridges.
atcoder/abc364_e,FULL_TEXT,2,100,19006,6cca149a989d1516993995125917a6cee29faa3b18a23fb9f4e34938ff082739,,8983317496576316206,f5e278081304708cffe0b1c06cd307f9a6bd8745719b597d98aec7c4647ee3c2,b691789c91e06fb7c49af2ddef7aa4bd39dbc64eabeabdb435391d7d1dfefcc6,,True,infrastructure_failure,19006,3418.2723200829932,19641,34.84895966690965,0,0.0,887,63.540825375006534,3721,0.07291645894292742,0.033614124986343086,0.0016501659993082285,3516.770285874838,False,False,False,True,0.0,11.246763944625854,,0.0,19893,Reasoning bodies exclude closing-think; answer count includes terminal EOS. No pretence these bodies count inserted bridges.
atcoder/abc364_e,LARGE_ONLY,0,,19006,6cca149a989d1516993995125917a6cee29faa3b18a23fb9f4e34938ff082739,,5301934498877236367,545e4c1ba10170eea3c64eed634e748d59ce14d1f8b4eabd464b25d30501b01a,fa16593ad6e36704dbcbbb09a08dd0f555dd24af6b0fd5863d73da32427e5ea5,,True,infrastructure_failure,19006,3418.2723200829932,0,0,0,0,878,180.18690770800458,3591,0.2038952079601586,0.030493332946207374,0,3598.693616331904,False,False,False,True,0.0,10.885768175125122,,0.0,19884,Reasoning bodies exclude closing-think; answer count includes terminal EOS. No pretence these bodies count inserted bridges.
atcoder/abc364_e,LARGE_ONLY,1,,19006,6cca149a989d1516993995125917a6cee29faa3b18a23fb9f4e34938ff082739,,5244964947421372393,1d921171e862b607c1adbc1446c47904afcdb684e32f6eab637e2b0bcbf75a08,b50b2c9d4bae05e93425cad32c3db0231191032f462f30b54ff18e947e1361a7,,True,infrastructure_failure,19006,3418.2723200829932,0,0,0,0,889,186.22156054200605,3668,0.2034257909981534,0.04612258297856897,0,3604.743428998976,False,False,False,True,0.0,10.877970218658447,,0.0,19895,Reasoning bodies exclude closing-think; answer count includes terminal EOS. No pretence these bodies count inserted bridges.
atcoder/abc364_e,LARGE_ONLY,2,,19006,6cca149a989d1516993995125917a6cee29faa3b18a23fb9f4e34938ff082739,,1474596921938659069,76545f23f89372edaee549b3f14e26747cd7f173701bbe1f022e77284684fd10,ae6fd88f7d6df51f62cff1ead0d9751958e9a83664e6a71592f4caa029d76f09,False,False,memory_limit,19006,3418.2723200829932,0,0,0,0,844,175.24781600001734,3597,0.21541999996406958,0.04874654102604836,0,3593.7843026240007,False,False,False,True,0.0,9.082180738449097,,0.0,19850,Reasoning bodies exclude closing-think; answer count includes terminal EOS. No pretence these bodies count inserted bridges.
atcoder/abc351_d,SMALL_ONLY,0,0,0,bd04ee04777fa729367d12bc1ec31b2a32ed0f13a1e70911a7d5175f6e1d44c8,8279613611331867798,687650927190657897,174e0f7f20107911ebd87cec6791b1e15c590a1ab3513907620be913e0b9d657,2086856d27682316b854702345810954db5385aa36ccd919c5588ffc11a45589,True,False,pass,24576,0.0,725,0.9393397910753265,14723,828.8947897909675,911,60.06040854100138,4018,0.06411920802202076,0.027233124943450093,0.0002982090227305889,889.9861886650324,True,False,False,True,0.0,13.395423173904419,,0.0,15634,Reasoning bodies exclude closing-think; answer count includes terminal EOS. No pretence these bodies count inserted bridges.
atcoder/abc351_d,SMALL_ONLY,1,0,0,bd04ee04777fa729367d12bc1ec31b2a32ed0f13a1e70911a7d5175f6e1d44c8,8279613611331867798,6653525524697830194,9e91e1fa376e1fbf848861b00e1ab30ff470ff9c392ed64b99d34b435c647f62,055e039245a8e3bffeea1729ca17751d5a9c0d65aacbc9bd6672825ef8820474,True,False,pass,24576,0.0,725,0.9393397910753265,14723,828.8947897909675,942,62.0277411659481,4116,0.06745341699570417,0.046106666093692183,0.0002982090227305889,891.975729040103,True,False,False,True,0.0,13.358553647994995,,0.0,15665,Reasoning bodies exclude closing-think; answer count includes terminal EOS. No pretence these bodies count inserted bridges.
atcoder/abc351_d,SMALL_ONLY,2,0,0,bd04ee04777fa729367d12bc1ec31b2a32ed0f13a1e70911a7d5175f6e1d44c8,8279613611331867798,8195414045990959938,1ce4022c2bd44e14bac419883c4a2dfb02aeaf82b5af77dce4efc13df2f9287b,1f526e6b329a56bf3a1764d12cdfc017e7d1fe69d66f1662fce2bec5345135f1,True,False,pass,24576,0.0,725,0.9393397910753265,14723,828.8947897909675,926,60.98239000001922,4129,0.06689754198305309,0.04790120804682374,0.0002982090227305889,890.9316165411146,True,False,False,True,0.0,13.345194816589355,,0.0,15649,Reasoning bodies exclude closing-think; answer count includes terminal EOS. No pretence these bodies count inserted bridges.
atcoder/abc351_d,H10,0,10,2457,bd04ee04777fa729367d12bc1ec31b2a32ed0f13a1e70911a7d5175f6e1d44c8,8279613611331867798,687650927190657897,28a8ba4ed95ca0e331beace487e9aaccb666ffc05f6cc8fcf2e9807de9ff9a78,5e6bc1b1370147f25a37eac4d551e74baedbc1851daff059c015ea7f5d631416,True,False,pass,24576,396.23264066595584,3182,4.090618166956119,12426,719.1962269579526,1000,66.24643795902375,4381,0.06501529202796519,0.018641665927134454,0.0004439579788595438,1185.8500246658223,True,False,False,True,0.0,22.18297791481018,,0.0,15883,Reasoning bodies exclude closing-think; answer count includes terminal EOS. No pretence these bodies count inserted bridges.
atcoder/abc351_d,H10,1,10,2457,bd04ee04777fa729367d12bc1ec31b2a32ed0f13a1e70911a7d5175f6e1d44c8,8279613611331867798,6653525524697830194,2cad6948a7f2ee0c76ecffff1ec92ea1dbaa0d700230e974d68a36cc7755d754,5a17828dfb488ba7362879547b33e67f7e48ba2d0ff0282349a2d8ccc703d26e,True,False,pass,24576,396.23264066595584,3182,4.090618166956119,12426,719.1962269579526,1004,66.03438062593341,4462,0.0677631669677794,0.056997874984517694,0.0004439579788595438,1185.6790714167291,True,False,False,True,0.0,22.20241093635559,,0.0,15887,Reasoning bodies exclude closing-think; answer count includes terminal EOS. No pretence these bodies count inserted bridges.
atcoder/abc351_d,H10,2,10,2457,bd04ee04777fa729367d12bc1ec31b2a32ed0f13a1e70911a7d5175f6e1d44c8,8279613611331867798,8195414045990959938,9259ec34607d0fb48644c12ea45270555b4970b69b98172cbc1453c470d5babf,b45316eff944e39946a95f97784556b69c1c36255869df07c5718c0967c43973,True,False,pass,24576,396.23264066595584,3182,4.090618166956119,12426,719.1962269579526,1018,67.0317208331544,4507,0.06803099997341633,0.05397545802406967,0.0004439579788595438,1186.6736570399953,True,False,False,True,0.0,21.843388319015503,,0.0,15901,Reasoning bodies exclude closing-think; answer count includes terminal EOS. No pretence these bodies count inserted bridges.
atcoder/abc351_d,H25,0,25,6144,bd04ee04777fa729367d12bc1ec31b2a32ed0f13a1e70911a7d5175f6e1d44c8,8279613611331867798,687650927190657897,648df4ca78f43538037ff115fc40517430ba55dbe4d819f84bd95b2129144389,ff780616f173b542cfd1915aefbadc2be08627693ee18d373b3e1146d2b47fda,True,False,pass,24576,1012.8505290409666,6869,9.498574250028469,6308,367.5887492909096,841,52.61204549996182,3758,0.061748209060169756,0.0096554170595482,0.0007322079036384821,1442.62203391589,True,False,False,True,0.0,10.280462503433228,,0.0,13293,Reasoning bodies exclude closing-think; answer count includes terminal EOS. No pretence these bodies count inserted bridges.
atcoder/abc351_d,H25,1,25,6144,bd04ee04777fa729367d12bc1ec31b2a32ed0f13a1e70911a7d5175f6e1d44c8,8279613611331867798,6653525524697830194,c388ed43937127cef7afe250a63d7210ccd4d798378228aa3a2e40620e944e7f,c99337e60aff5930d1fc53f766f58274ca098451696d810cb292be68693907db,True,False,pass,24576,1012.8505290409666,6869,9.498574250028469,6308,367.5887492909096,883,55.176757500041276,4066,0.0651103340787813,0.037062416900880635,0.0007322079036384821,1445.2175150408293,True,False,False,True,0.0,10.292762994766235,,0.0,13335,Reasoning bodies exclude closing-think; answer count includes terminal EOS. No pretence these bodies count inserted bridges.
atcoder/abc351_d,H25,2,25,6144,bd04ee04777fa729367d12bc1ec31b2a32ed0f13a1e70911a7d5175f6e1d44c8,8279613611331867798,8195414045990959938,bcb9897af3b2b7a51f47b1666a8d4a4a19e8fc274168c7318def0d10cc4f43d4,57e044b9b4bce94668b1848d0125fdd08fa1168667a671c93dd65bcf9d40bf6a,True,False,pass,24576,1012.8505290409666,6869,9.498574250028469,6308,367.5887492909096,823,51.40477529109921,3748,0.06488620804157108,0.030784667003899813,0.0007322079036384821,1441.439030955953,True,False,False,True,0.0,10.193004846572876,,0.0,13275,Reasoning bodies exclude closing-think; answer count includes terminal EOS. No pretence these bodies count inserted bridges.
atcoder/abc351_d,H50,0,50,12288,bd04ee04777fa729367d12bc1ec31b2a32ed0f13a1e70911a7d5175f6e1d44c8,8279613611331867798,687650927190657897,56d2faaeef4acf53cd2a4706c2bb7397eba414ebf88d21491e3bb5eccf717752,d4a4417898aa92ba01fc4051542b1d4c1a5a9505fd4a03c8a10be84f0d9ee271,True,False,pass,24576,2111.210722290969,13013,20.42453254200518,11525,808.369588333997,836,66.24771262495779,3905,0.07929091691039503,0.0321284169331193,0.001151665928773582,3006.365126791701,True,False,False,True,0.0,9.879589796066284,,0.0,24649,Reasoning bodies exclude closing-think; answer count includes terminal EOS. No pretence these bodies count inserted bridges.
atcoder/abc351_d,H50,1,50,12288,bd04ee04777fa729367d12bc1ec31b2a32ed0f13a1e70911a7d5175f6e1d44c8,8279613611331867798,6653525524697830194,eaed3b9a4981b0d0ccdab724ce3afce8aac29f6095aa5deff11aa10de3059f1f,78f25c257b3c888cd0ee11babcc135421289e33fc441e8533f8d867765ef5d6f,True,False,pass,24576,2111.210722290969,13013,20.42453254200518,11525,808.369588333997,949,74.86515908292495,4344,0.0804824170190841,0.0354583750013262,0.001151665928773582,3014.9870947078452,True,False,False,True,0.0,10.2311532497406,,0.0,24762,Reasoning bodies exclude closing-think; answer count includes terminal EOS. No pretence these bodies count inserted bridges.
atcoder/abc351_d,H50,2,50,12288,bd04ee04777fa729367d12bc1ec31b2a32ed0f13a1e70911a7d5175f6e1d44c8,8279613611331867798,8195414045990959938,037a64e86541b5109a2e65409193fdb45385580753f0079a7debfb281acc6ec4,d6bd3240b118aedb7390d95b13b68d5dd150dff71bbee0c3d1ab3c4f43344ef4,True,False,pass,24576,2111.210722290969,13013,20.42453254200518,11525,808.369588333997,902,71.09381120908074,4065,0.07970075006596744,0.03509116591885686,0.001151665928773582,3011.2145979579655,True,False,False,True,0.0,9.872387409210205,,0.0,24715,Reasoning bodies exclude closing-think; answer count includes terminal EOS. No pretence these bodies count inserted bridges.
atcoder/abc351_d,H75,0,75,18432,bd04ee04777fa729367d12bc1ec31b2a32ed0f13a1e70911a7d5175f6e1d44c8,8279613611331867798,687650927190657897,a9c3150628d9780e0f69ea94d5c4615d7e75a184af62cd83909f75d47de716fd,071f5150d640c616fd5e9eae06be5cb9faa8257dbabdc249c77502d3ed4dc6fd,True,False,pass,24576,3307.528712124971,19157,33.796518457937054,4720,349.3614127080655,913,71.43089408392552,4083,0.07716874999459833,0.03255883289966732,0.0015349159948527813,3762.2287998737884,True,False,False,True,0.0,9.880412340164185,,0.0,24065,Reasoning bodies exclude closing-think; answer count includes terminal EOS. No pretence these bodies count inserted bridges.
atcoder/abc351_d,H75,1,75,18432,bd04ee04777fa729367d12bc1ec31b2a32ed0f13a1e70911a7d5175f6e1d44c8,8279613611331867798,6653525524697830194,3e9c04c64daafb2148f230b6d82f0902196e3e8fe2bd65414987b7a4c9b3e6f1,bc5383950c9732810f674e1b486d63fc5e38815de1f736c8a90252bcb3af3e6d,True,False,pass,24576,3307.528712124971,19157,33.796518457937054,4720,349.3614127080655,862,67.10335004108492,3932,0.079744708025828,0.05275270889978856,0.0015349159948527813,3757.924025664979,True,False,False,True,0.0,9.829945802688599,,0.0,24014,Reasoning bodies exclude closing-think; answer count includes terminal EOS. No pretence these bodies count inserted bridges.
atcoder/abc351_d,H75,2,75,18432,bd04ee04777fa729367d12bc1ec31b2a32ed0f13a1e70911a7d5175f6e1d44c8,8279613611331867798,8195414045990959938,7b4a31a321ad5a28a13f81eeeefe3516c490cc54d43f629c1cb0363eeec2bf96,f681abf059211bfc5a8ed6ac96cd684f2290daf487d49209e3ef116cad2416e0,True,False,pass,24576,3307.528712124971,19157,33.796518457937054,4720,349.3614127080655,943,73.5248323760461,4252,0.0800430829403922,0.051676791976206005,0.0015349159948527813,3764.3447304579313,True,False,False,True,0.0,10.18665337562561,,0.0,24095,Reasoning bodies exclude closing-think; answer count includes terminal EOS. No pretence these bodies count inserted bridges.
atcoder/abc351_d,FULL_TEXT,0,100,24576,bd04ee04777fa729367d12bc1ec31b2a32ed0f13a1e70911a7d5175f6e1d44c8,,687650927190657897,f2f57ab4b8f82a491f85cc794a8973c1f2013facc8b935df1456f0a846c8d22e,7068fba323d59b7ce6a59d200f501f3d110d1765f84bd75dd799ac81614395d4,True,False,pass,24576,4610.976723832951,25301,49.5444270420121,0,0.0,935,75.05975658399984,4384,0.08068829192779958,0.016934916959144175,0.001985750044696033,4735.680516417895,True,False,False,True,0.0,10.216465950012207,,0.0,25511,Reasoning bodies exclude closing-think; answer count includes terminal EOS. No pretence these bodies count inserted bridges.
atcoder/abc351_d,FULL_TEXT,1,100,24576,bd04ee04777fa729367d12bc1ec31b2a32ed0f13a1e70911a7d5175f6e1d44c8,,6653525524697830194,fb4d34dc5c1094d4232982b5152cf8ea9554608e800ae16275bee2092d521e49,8e89da757dfd6f9db09618bfa205b7a9b1461c343c6ba01a06ffb482aa4e0406,True,False,pass,24576,4610.976723832951,25301,49.5444270420121,0,0.0,945,75.67032624909189,4490,0.08184512495063245,0.02601541706826538,0.001985750044696033,4736.301323416119,True,False,False,True,0.0,9.879465103149414,,0.0,25521,Reasoning bodies exclude closing-think; answer count includes terminal EOS. No pretence these bodies count inserted bridges.
atcoder/abc351_d,FULL_TEXT,2,100,24576,bd04ee04777fa729367d12bc1ec31b2a32ed0f13a1e70911a7d5175f6e1d44c8,,8195414045990959938,cbb140b115ba93745d8f766b13c4f7528909ba09729ab3c6d1a5c742b2c03604,b077852ea7f70b042641986cdb2240f72f2f602f2ee652ebf71e8791a5be20bc,True,False,pass,24576,4610.976723832951,25301,49.5444270420121,0,0.0,911,72.97846908296924,4272,0.08084233291447163,0.017652666079811752,0.001985750044696033,4733.600100706972,True,False,False,True,0.0,10.220126152038574,,0.0,25487,Reasoning bodies exclude closing-think; answer count includes terminal EOS. No pretence these bodies count inserted bridges.
atcoder/abc351_d,LARGE_ONLY,0,,24576,bd04ee04777fa729367d12bc1ec31b2a32ed0f13a1e70911a7d5175f6e1d44c8,,1302343044308827101,b72054d6d12c0292f5cbc021a847ad856814178836e1712e152ea56fa426e305,a084e8f77519240dd9f34239a77546831ca72c8dbf132a15371c400eb947b331,True,False,pass,24576,4610.976723832951,0,0,0,0,883,196.0035318339942,4115,0.22009025001898408,0.04546395898796618,0,4807.245809875953,True,False,False,True,0.0,9.866117238998413,,0.0,25459,Reasoning bodies exclude closing-think; answer count includes terminal EOS. No pretence these bodies count inserted bridges.
atcoder/abc351_d,LARGE_ONLY,1,,24576,bd04ee04777fa729367d12bc1ec31b2a32ed0f13a1e70911a7d5175f6e1d44c8,,314075792578562053,e396adff734ba2942df95a73e7ac73e1e764268b8e05a61e54b1d24f3e72b46e,b22fcc189885f7bd12b140619a4d4d1c270bca29f7f3c584f368d414a64937fe,True,False,pass,24576,4610.976723832951,0,0,0,0,898,199.3894130840199,3998,0.22369916702155024,0.11938541702693328,0,4810.70922150102,True,False,False,True,0.0,9.957574367523193,,0.0,25474,Reasoning bodies exclude closing-think; answer count includes terminal EOS. No pretence these bodies count inserted bridges.
atcoder/abc351_d,LARGE_ONLY,2,,24576,bd04ee04777fa729367d12bc1ec31b2a32ed0f13a1e70911a7d5175f6e1d44c8,,5888942653709152318,f0e2bed0c362a54c308a2876a0ba65281c6d90f8c98332972a017b2f51bb71de,7e463fa725ef7a65c7eff481c5d538f93bba3e6ec34e5806bbf68d6203607dd5,True,False,pass,24576,4610.976723832951,0,0,0,0,885,196.43206720793387,4046,0.2233978749718517,0.11211800004821271,0,4807.744306915905,True,False,False,True,0.0,9.939218759536743,,0.0,25461,Reasoning bodies exclude closing-think; answer count includes terminal EOS. No pretence these bodies count inserted bridges.
atcoder/abc352_e,SMALL_ONLY,0,0,0,04432c64d06dd2cc97c7cdd377a217d8cf46a5f8a625cd871e41f66cfb34006a,4052155425868583787,4904847940002017163,d76e3bf3945d33a617c1dd5dea90ee402b9c901e6ac4016c865230c30417f4f8,82b2c1d96cacf04d67471ef5df537b7d47a72756e89677aebd73a8a86a2ed0e4,True,False,pass,6845,0.0,778,1.0368983750231564,7975,418.0441076660063,873,49.76683662494179,3800,0.056448833900503814,0.012845334014855325,0.00019500008784234524,468.91733183397446,False,False,False,True,0.0,7.012779235839844,,0.0,8848,Reasoning bodies exclude closing-think; answer count includes terminal EOS. No pretence these bodies count inserted bridges.
atcoder/abc352_e,SMALL_ONLY,1,0,0,04432c64d06dd2cc97c7cdd377a217d8cf46a5f8a625cd871e41f66cfb34006a,4052155425868583787,3273293954184409105,2da2028b2b505e5a6c25d90c150122526c03ca18846eb9ec437976c16134c309,b43a697df5e6f4f926b05d35c5875d312a1de7f69495456e1f2ff7e40eec453f,True,False,pass,6845,0.0,778,1.0368983750231564,7975,418.0441076660063,925,52.771999166114256,4029,0.05878283304627985,0.04145925003103912,0.00019500008784234524,471.9534422903089,False,False,False,True,0.0,7.249327898025513,,0.0,8900,Reasoning bodies exclude closing-think; answer count includes terminal EOS. No pretence these bodies count inserted bridges.
atcoder/abc352_e,SMALL_ONLY,2,0,0,04432c64d06dd2cc97c7cdd377a217d8cf46a5f8a625cd871e41f66cfb34006a,4052155425868583787,7649037829344130349,f7d7a988280839309791ae6e99e0940ed984c56eb7774c75f1b7f4efcc222e7c,542a8eb9a029e829d6c4dd48b1c850075c1d5a5e6a0d8f6dd2a981a9997cd9d5,True,False,pass,6845,0.0,778,1.0368983750231564,7975,418.0441076660063,855,48.72161166602746,3677,0.05756491597276181,0.042872457997873425,0.00019500008784234524,467.9032500811154,False,False,False,True,0.0,7.246628522872925,,0.0,8830,Reasoning bodies exclude closing-think; answer count includes terminal EOS. No pretence these bodies count inserted bridges.
atcoder/abc352_e,H10,0,10,684,04432c64d06dd2cc97c7cdd377a217d8cf46a5f8a625cd871e41f66cfb34006a,4052155425868583787,4904847940002017163,0325264bccb17d79200dd68d3df6436c6c1c50f7fea10506529de0c633c0480e,5665409092828550d38a74bed13a4b2becda18fb1dbb98c2311de6fd3b012f33,True,False,pass,6845,111.85001112503232,1462,1.7949577500112355,6444,337.8724415419856,842,47.35084558301605,3519,0.05571154202334583,0.006593999918550253,0.00023308303207159042,498.9307946250192,False,False,False,True,0.0,6.9593117237091064,,0.0,7970,Reasoning bodies exclude closing-think; answer count includes terminal EOS. No pretence these bodies count inserted bridges.
atcoder/abc352_e,H10,1,10,684,04432c64d06dd2cc97c7cdd377a217d8cf46a5f8a625cd871e41f66cfb34006a,4052155425868583787,3273293954184409105,2ec1235ffece7edb21df086efe1a8ae76e10c61b35db23262b6bc3c292b26a82,0607131184216f77b3455da3f159e94a0b6c325bed025b87893ab32a68a924b0,True,False,pass,6845,111.85001112503232,1462,1.7949577500112355,6444,337.8724415419856,839,47.06009712489322,3590,0.057383458013646305,0.04188262496609241,0.00023308303207159042,498.6770067079342,False,False,False,True,0.0,6.893699645996094,,0.0,7967,Reasoning bodies exclude closing-think; answer count includes terminal EOS. No pretence these bodies count inserted bridges.
atcoder/abc352_e,H10,2,10,684,04432c64d06dd2cc97c7cdd377a217d8cf46a5f8a625cd871e41f66cfb34006a,4052155425868583787,7649037829344130349,5362f0f2f34b1155d5089a8a4f46fd975374a5b0d804cb062f4ea1acd6a369f7,5003e6d429362a2bf9d5d0dfca7de51da07a33b899cea0e567059ef076a01f80,True,False,pass,6845,111.85001112503232,1462,1.7949577500112355,6444,337.8724415419856,849,47.62893516605254,3585,0.07318491698242724,0.01153541705571115,0.00023308303207159042,499.2312990001519,False,False,False,True,0.0,6.95448112487793,,0.0,7977,Reasoning bodies exclude closing-think; answer count includes terminal EOS. No pretence these bodies count inserted bridges.
atcoder/abc352_e,H25,0,25,1711,04432c64d06dd2cc97c7cdd377a217d8cf46a5f8a625cd871e41f66cfb34006a,4052155425868583787,4904847940002017163,8c151ef547427287f09366458598fc73b060e590fce67c312649c0f9102b3c12,5135a406b9530c31049359fc106faa73fad4eb8d2c5c94eaa490a3b91098101b,True,False,pass,6845,275.990103750024,2489,3.1166945419972762,5669,301.54617020790465,879,49.71757041697856,3829,0.056145875016227365,0.007049792096950114,0.00027345900889486074,630.4340080430266,False,False,False,True,0.0,6.741548299789429,,0.0,8259,Reasoning bodies exclude closing-think; answer count includes terminal EOS. No pretence these bodies count inserted bridges.
atcoder/abc352_e,H25,1,25,1711,04432c64d06dd2cc97c7cdd377a217d8cf46a5f8a625cd871e41f66cfb34006a,4052155425868583787,3273293954184409105,25645efa50627d95dab443db303bfd8cec8a797c4e7452ac1be954bc1290bc67,c199394cc43d20cc5e27d03f506d8c2708de692b02947d4aa0bfb2411ff0d5e9,True,False,pass,6845,275.990103750024,2489,3.1166945419972762,5669,301.54617020790465,887,50.109290373977274,3835,0.058402208029292524,0.04025770793668926,0.00027345900889486074,630.8611922488781,False,False,False,True,0.0,6.7450478076934814,,0.0,8267,Reasoning bodies exclude closing-think; answer count includes terminal EOS. No pretence these bodies count inserted bridges.
atcoder/abc352_e,H25,2,25,1711,04432c64d06dd2cc97c7cdd377a217d8cf46a5f8a625cd871e41f66cfb34006a,4052155425868583787,7649037829344130349,c5d369fe98614a447ab4ada33080139321f5de2af9cd59fb85dfeed01da36bec,c2a541626e974dded7e8ad55dbbe7115e131e7e04b394d9e64fd990b975eae45,True,False,pass,6845,275.990103750024,2489,3.1166945419972762,5669,301.54617020790465,862,48.723250458948314,3653,0.05870408401824534,0.040490541025064886,0.00027345900889486074,629.4756870429264,False,False,False,True,0.0,6.796880722045898,,0.0,8242,Reasoning bodies exclude closing-think; answer count includes terminal EOS. No pretence these bodies count inserted bridges.
atcoder/abc352_e,H50,0,50,3422,04432c64d06dd2cc97c7cdd377a217d8cf46a5f8a625cd871e41f66cfb34006a,4052155425868583787,4904847940002017163,d9f20285dfd89b6e156eaa630e16a0192d31224b5f22ad0b7fc0aca10fa8c7d2,c948fc6bfde54b10a7671b93b66dc0e5803791035d135341a626aa9167e5fe9a,True,False,pass,6845,555.4649400830385,4200,5.502522416994907,2977,159.6055357499281,851,47.342378917033784,3643,0.055456249974668026,0.006131791044026613,0.0003897090209648013,767.977354917035,False,False,False,True,0.0,7.099513292312622,,0.0,7250,Reasoning bodies exclude closing-think; answer count includes terminal EOS. No pretence these bodies count inserted bridges.
atcoder/abc352_e,H50,1,50,3422,04432c64d06dd2cc97c7cdd377a217d8cf46a5f8a625cd871e41f66cfb34006a,4052155425868583787,3273293954184409105,da259c1605b3815680613a8b5eaafe2633cccc32c2dfe583e132549531f8694e,fcb9ee6bddaced4fe1ca576152ce2dd487ef3516a442004bb5ae8e8f52a052c7,True,False,pass,6845,555.4649400830385,4200,5.502522416994907,2977,159.6055357499281,877,48.748746250988916,3769,0.05690095806494355,0.01129291602410376,0.0003897090209648013,769.3903280840605,False,False,False,True,0.0,7.101568222045898,,0.0,7276,Reasoning bodies exclude closing-think; answer count includes terminal EOS. No pretence these bodies count inserted bridges.
atcoder/abc352_e,H50,2,50,3422,04432c64d06dd2cc97c7cdd377a217d8cf46a5f8a625cd871e41f66cfb34006a,4052155425868583787,7649037829344130349,bfe4634d07667a2038aef976d4556ea991c9e4edc229f92f4f5b93cd54580ff8,f05d6f1ed483c1068e14645b9724f5ae97b79861f13a002d00d067f7612fc000,True,False,pass,6845,555.4649400830385,4200,5.502522416994907,2977,159.6055357499281,831,46.0976049589226,3456,0.05642825004179031,0.01073612505570054,0.0003897090209648013,766.7381572930026,False,False,False,True,0.0,6.961128234863281,,0.0,7230,Reasoning bodies exclude closing-think; answer count includes terminal EOS. No pretence these bodies count inserted bridges.
atcoder/abc352_e,H75,0,75,5133,04432c64d06dd2cc97c7cdd377a217d8cf46a5f8a625cd871e41f66cfb34006a,4052155425868583787,4904847940002017163,1bbe486088016a1c23dd37a672167049db06a701ce426638e51e9f5b7fb15af0,dd0bd1e479861d892b31140c0ed0315d0203c00cceb3a16e00a764c7bf2d2f30,True,False,pass,6845,841.7221147500095,5911,7.998707207967527,1419,77.47609366592951,899,50.088714126031846,4007,0.05546379100997001,0.005983209004625678,0.0005499169928953052,977.3476266669459,False,False,False,True,0.0,6.7532243728637695,,0.0,7451,Reasoning bodies exclude closing-think; answer count includes terminal EOS. No pretence these bodies count inserted bridges.
atcoder/abc352_e,H75,1,75,5133,04432c64d06dd2cc97c7cdd377a217d8cf46a5f8a625cd871e41f66cfb34006a,4052155425868583787,3273293954184409105,687da90945c0c0536f1bfc568b007305527c3c1b40026c9e41c20bac30d4b22c,402c4f16f9680fc34c15830665ac5e1778814de39cbb8a8ba7eeebbd986e46a1,True,False,pass,6845,841.7221147500095,5911,7.998707207967527,1419,77.47609366592951,834,46.41334208403714,3548,0.05675604194402695,0.01125995791517198,0.0005499169928953052,973.6788236247958,False,False,False,True,0.0,6.848025560379028,,0.0,7386,Reasoning bodies exclude closing-think; answer count includes terminal EOS. No pretence these bodies count inserted bridges.
atcoder/abc352_e,H75,2,75,5133,04432c64d06dd2cc97c7cdd377a217d8cf46a5f8a625cd871e41f66cfb34006a,4052155425868583787,7649037829344130349,87241af1b972b6e5ba762e08df4465cb6bb4a313d26e58ff9ddd628a84424e16,fd6f51ce0abb3728edbe326f7b354fa89b360054140faa61b93af63a78261416,True,False,pass,6845,841.7221147500095,5911,7.998707207967527,1419,77.47609366592951,845,47.07277633389458,3682,0.056806540931575,0.010993209085427225,0.0005499169928953052,974.338041624811,False,False,False,True,0.0,6.784839868545532,,0.0,7397,Reasoning bodies exclude closing-think; answer count includes terminal EOS. No pretence these bodies count inserted bridges.
atcoder/abc352_e,FULL_TEXT,0,100,6845,04432c64d06dd2cc97c7cdd377a217d8cf46a5f8a625cd871e41f66cfb34006a,,4904847940002017163,9b6d6854fae7d6ec7ee292f26e4e37d81734090eae7a370dc1063237f2ff4fcf,825035d02617a7120f3aab9172e94787903bd9c89b8d1727b9c530aac9246937,True,False,pass,6845,1134.8847569170175,7623,10.678604791057296,0,0.0,840,47.04863758303691,3495,0.05746783292852342,0.0066100419498980045,0.0006225829711183906,1192.6766997489613,False,False,False,True,0.0,6.270317316055298,,0.0,7685,Reasoning bodies exclude closing-think; answer count includes terminal EOS. No pretence these bodies count inserted bridges.
atcoder/abc352_e,FULL_TEXT,1,100,6845,04432c64d06dd2cc97c7cdd377a217d8cf46a5f8a625cd871e41f66cfb34006a,,3273293954184409105,a35f3b1cbc95c3b1576056f0cee01fd7e16eb72fffe64dfa130455291082bc59,d1c700c9bb55ea3a815ba16b667141fd41aa4144fdf7c9d41ad9c6a423f34908,True,False,pass,6845,1134.8847569170175,7623,10.678604791057296,0,0.0,892,49.871177625027485,3777,0.058300624950788915,0.03918087505735457,0.0006225829711183906,1195.5326434160816,False,False,False,True,0.0,6.32191276550293,,0.0,7737,Reasoning bodies exclude closing-think; answer count includes terminal EOS. No pretence these bodies count inserted bridges.
atcoder/abc352_e,FULL_TEXT,2,100,6845,04432c64d06dd2cc97c7cdd377a217d8cf46a5f8a625cd871e41f66cfb34006a,,7649037829344130349,a20eadedf2b35ee432a02491557121e750de3691bdc22704073513cbc61fb9f7,6c8efb6632c86b7759516840162c7976d61f1a5410730e850c7fd0c18092f9da,True,False,pass,6845,1134.8847569170175,7623,10.678604791057296,0,0.0,855,47.67136729089543,3505,0.05751479195896536,0.03971016698051244,0.0006225829711183906,1193.3325765408808,False,False,False,True,0.0,6.3199849128723145,,0.0,7700,Reasoning bodies exclude closing-think; answer count includes terminal EOS. No pretence these bodies count inserted bridges.
atcoder/abc352_e,LARGE_ONLY,0,,6845,04432c64d06dd2cc97c7cdd377a217d8cf46a5f8a625cd871e41f66cfb34006a,,2982559393546550632,66e0eddfdde622589b44de455fe06cf04d66280cef9d48d4043232c41ecf9e5a,0dd00ba50a2c8340e041fd0dbb8438de4bc7f64927cab871d34c52b07a6a60a9,True,False,pass,6845,1134.8847569170175,0,0,0,0,880,153.0716087919427,3770,0.17276158300228417,0.01859779201913625,0,1288.1477250839816,False,False,False,True,0.0,6.312118291854858,,0.0,7725,Reasoning bodies exclude closing-think; answer count includes terminal EOS. No pretence these bodies count inserted bridges.
atcoder/abc352_e,LARGE_ONLY,1,,6845,04432c64d06dd2cc97c7cdd377a217d8cf46a5f8a625cd871e41f66cfb34006a,,5739520046370610402,1b5a13ad10ca8908c05257031e13efd537aca2137a0706f1a2d024fc28fdf3a3,8900a7daee56452be962a11ab502368792c4223be68a91469582409ff96668df,True,False,pass,6845,1134.8847569170175,0,0,0,0,872,151.41669675090816,3651,0.17515162500785664,0.03827470901887864,0,1286.5148800019524,False,False,False,True,0.0,6.249830007553101,,0.0,7717,Reasoning bodies exclude closing-think; answer count includes terminal EOS. No pretence these bodies count inserted bridges.
atcoder/abc352_e,LARGE_ONLY,2,,6845,04432c64d06dd2cc97c7cdd377a217d8cf46a5f8a625cd871e41f66cfb34006a,,4657677048692306643,3d32c8d78f7db2499a1de081b21c0dcc15859097c01c04a1e3436622deb31b25,642368e974682f55f17121604fcc20c247b767472dca05e9c9e2e8215e2e15d8,True,False,pass,6845,1134.8847569170175,0,0,0,0,901,156.42579204199137,3768,0.17474837502231821,0.046851957973558456,0,1291.5321492920048,False,False,False,True,0.0,6.144622802734375,,0.0,7746,Reasoning bodies exclude closing-think; answer count includes terminal EOS. No pretence these bodies count inserted bridges.
atcoder/abc359_e,SMALL_ONLY,0,0,0,b2e19a8d4b97ad31eca11129008339c88f983460190aeb742b19d6626886f357,1482137134054058633,2904062954810092020,2d8006de3fd08743a3263125e89ba8daf36e45cb5490d097e795da2429840685,5067180a9c13ac42e1080d34a05aae9d77eed45614485554e0a569ef51e104b6,False,False,syntax,24576,0.0,839,1.0562792089767754,24576,1549.0969052499859,4096,340.8610374580603,11789,0.07978604093659669,0.030172582948580384,0.00032829202245920897,1891.1245088329306,True,True,True,False,0.0,0.0009264945983886719,,0.0,28672,Reasoning bodies exclude closing-think; answer count includes terminal EOS. No pretence these bodies count inserted bridges.
atcoder/abc359_e,SMALL_ONLY,1,0,0,b2e19a8d4b97ad31eca11129008339c88f983460190aeb742b19d6626886f357,1482137134054058633,6889269549784932056,2444692ee1fd428044980dc82535fd51a5f3add9575fc9de5100db9abed61b98,6a4f639bbba504527de74f9e4b616191053d6abcc1ae0c3752f7e8a317362b9c,False,False,test_assertion,24576,0.0,839,1.0562792089767754,24576,1549.0969052499859,1923,155.83679733308963,6142,0.081901750061661,0.09100262494757771,0.00032829202245920897,1706.163214459084,True,True,False,True,0.0,0.022342681884765625,,0.0,26499,Reasoning bodies exclude closing-think; answer count includes terminal EOS. No pretence these bodies count inserted bridges.
atcoder/abc359_e,SMALL_ONLY,2,0,0,b2e19a8d4b97ad31eca11129008339c88f983460190aeb742b19d6626886f357,1482137134054058633,629639068090042773,c59edf85bafe356ebe55e4e46a9f555c7cb23c03a8ccdbd8b75a361bdcc29a51,4c357f1754bf699c2c95cffbb647259115e2acb2f6dd53b522c24a16975dbb02,False,False,test_assertion,24576,0.0,839,1.0562792089767754,24576,1549.0969052499859,711,56.8894348340109,2794,0.0817188749788329,0.07515154092106968,0.00032829202245920897,1607.199818000896,True,True,False,True,0.0,0.02206277847290039,,0.0,25287,Reasoning bodies exclude closing-think; answer count includes terminal EOS. No pretence these bodies count inserted bridges.
atcoder/abc359_e,H10,0,10,2457,b2e19a8d4b97ad31eca11129008339c88f983460190aeb742b19d6626886f357,1482137134054058633,2904062954810092020,ef2b1c0bc8f864dc23247aab3d702f11736d9b8c9689c8290552832dcf6153fb,e9257142de1d5bfb4c4ffa145ce8834a30c35d31f44a08060ba5a74e466e2041,False,False,test_assertion,24576,398.1252660829341,3296,4.218261250061914,22119,1427.8303580411011,564,45.37222533300519,2491,0.08085616689641029,0.029695917037315667,0.0005321670323610306,1875.6571949580684,True,True,False,True,0.0,0.021497011184692383,,0.0,25140,Reasoning bodies exclude closing-think; answer count includes terminal EOS. No pretence these bodies count inserted bridges.
atcoder/abc359_e,H10,1,10,2457,b2e19a8d4b97ad31eca11129008339c88f983460190aeb742b19d6626886f357,1482137134054058633,6889269549784932056,f69c5dcb9a12973ce2cf4e2babb52464e101111972fa320c6fda622e01ee06c3,1498ebd4748ba5374358501a82ed4e3fe418c16810a45e16cea0f97c72fc0e2b,False,False,test_assertion,24576,398.1252660829341,3296,4.218261250061914,22119,1427.8303580411011,474,37.83085395896342,2112,0.08194637496490031,0.10162825009319931,0.0005321670323610306,1868.188846125151,True,True,False,True,0.0,0.021805524826049805,,0.0,25050,Reasoning bodies exclude closing-think; answer count includes terminal EOS. No pretence these bodies count inserted bridges.
atcoder/abc359_e,H10,2,10,2457,b2e19a8d4b97ad31eca11129008339c88f983460190aeb742b19d6626886f357,1482137134054058633,629639068090042773,a4bd2e3f97dbbd8cef50d61f417655f86f4195b7e89a8132ed66e175bb2911fd,fc9048766c187f61ce010c1c655bd1bb8c122b3c47db8bc24bdb4870e57c2fee,False,False,test_assertion,24576,398.1252660829341,3296,4.218261250061914,22119,1427.8303580411011,542,43.29335525003262,2289,0.0819302499294281,0.11902612494304776,0.0005321670323610306,1873.6687291660346,True,True,False,True,0.0,0.021892309188842773,,0.0,25118,Reasoning bodies exclude closing-think; answer count includes terminal EOS. No pretence these bodies count inserted bridges.
atcoder/abc359_e,H25,0,25,6144,b2e19a8d4b97ad31eca11129008339c88f983460190aeb742b19d6626886f357,1482137134054058633,2904062954810092020,e2bc80c3638ddfe2e158119b1c1a48ee37a04ab13bccfec6a679226d8d23e9e1,ae4f5c13ebcaa2a6919edd943a0aac53f0360d5eba26d2f953a4651a4588a389,False,False,test_assertion,24576,1015.6928772499668,6983,9.657665916951373,18432,1230.8972220419673,512,41.01646537496708,2337,0.08008504204917699,0.02998887503053993,0.00079008296597749,2297.3750945838983,True,True,False,True,0.0,0.02201223373413086,,0.0,25088,Reasoning bodies exclude closing-think; answer count includes terminal EOS. No pretence these bodies count inserted bridges.
atcoder/abc359_e,H25,1,25,6144,b2e19a8d4b97ad31eca11129008339c88f983460190aeb742b19d6626886f357,1482137134054058633,6889269549784932056,816d058536b40a30b5eb693e51cabec7d68622b3723ccae27c31125045cb2232,7338056f40d7c375fd6e57529aff9eaa094637ae29b4431bc2ac7b0f823a5ad4,False,False,test_assertion,24576,1015.6928772499668,6983,9.657665916951373,18432,1230.8972220419673,499,39.86152908403892,2179,0.08199374994728714,0.10779533407185227,0.00079008296597749,2296.2998734599096,True,True,False,True,0.0,0.021704673767089844,,0.0,25075,Reasoning bodies exclude closing-think; answer count includes terminal EOS. No pretence these bodies count inserted bridges.
atcoder/abc359_e,H25,2,25,6144,b2e19a8d4b97ad31eca11129008339c88f983460190aeb742b19d6626886f357,1482137134054058633,629639068090042773,aaca01a4a0dd03020c5ae7589cdada9eddfad79c836c28677aa22e06a1f4e79b,6c202edfbf94939974ca6a2e515388263e05f2a1d1722e6f6f3b852656d26514,False,False,test_assertion,24576,1015.6928772499668,6983,9.657665916951373,18432,1230.8972220419673,520,41.50702029198874,2263,0.08086224994622171,0.11841516604181379,0.00079008296597749,2297.9548529998283,True,True,False,True,0.0,0.021776676177978516,,0.0,25096,Reasoning bodies exclude closing-think; answer count includes terminal EOS. No pretence these bodies count inserted bridges.
atcoder/abc359_e,H50,0,50,12288,b2e19a8d4b97ad31eca11129008339c88f983460190aeb742b19d6626886f357,1482137134054058633,2904062954810092020,8b776dff979d346338c1de0158645d15e5bbf0d8d40cf6d6fb089deb52949544,cee79a784ae2e978e71d0bff4a64f76b37806e6f42bb22f1cfd5b1a2dec37d0d,False,False,test_assertion,24576,2115.0250147919287,13127,20.614182875026017,12288,871.0904463749612,474,38.00653999997303,2157,0.07930662506259978,0.017207916942425072,0.0012697080383077264,3044.8339682919323,True,True,False,True,0.0,0.021462678909301758,,0.0,25050,Reasoning bodies exclude closing-think; answer count includes terminal EOS. No pretence these bodies count inserted bridges.
atcoder/abc359_e,H50,1,50,12288,b2e19a8d4b97ad31eca11129008339c88f983460190aeb742b19d6626886f357,1482137134054058633,6889269549784932056,04759ceb45730938efd15f3162b64d552b444c7fb621ef769d5c29864df1fd18,4b720088f7ca845eab31201f328591bf4121b9e38b169be2e0c3519fc8caca4c,False,False,test_assertion,24576,2115.0250147919287,13127,20.614182875026017,12288,871.0904463749612,581,46.466160624986514,2610,0.0814543329179287,0.08289941702969372,0.0012697080383077264,3053.3614281248883,True,True,False,True,0.0,0.021719932556152344,,0.0,25157,Reasoning bodies exclude closing-think; answer count includes terminal EOS. No pretence these bodies count inserted bridges.
atcoder/abc359_e,H50,2,50,12288,b2e19a8d4b97ad31eca11129008339c88f983460190aeb742b19d6626886f357,1482137134054058633,629639068090042773,7eae0d2fc1eac61cf780653a6f7cdf1ddea39fce357bb5aa67649995c3763b7b,c5fa5b9ef4e5242265cb05342068c24484c9ccd33fc165a68d60c75c5f9c1e78,False,False,test_assertion,24576,2115.0250147919287,13127,20.614182875026017,12288,871.0904463749612,570,45.57602079201024,2636,0.08129795803688467,0.08095291606150568,0.0012697080383077264,3052.469185416063,True,True,False,True,0.0,0.021696090698242188,,0.0,25146,Reasoning bodies exclude closing-think; answer count includes terminal EOS. No pretence these bodies count inserted bridges.
atcoder/abc359_e,H75,0,75,18432,b2e19a8d4b97ad31eca11129008339c88f983460190aeb742b19d6626886f357,1482137134054058633,2904062954810092020,359e1021e7dce1ab1dc9a3619b62558a7695688147a29ab98ad052f04a48ae49,8699ccb063bf799bf5a7f122f8511f9bcc13ca7086a69726b7088aff8deb90dd,False,False,test_assertion,24576,3311.779122374952,19271,33.99504662503023,6144,462.9426811670419,572,45.885115750017576,2588,0.08027525001671165,0.022933124913834035,0.0016270000487565994,3854.706801292021,True,True,False,True,0.0,0.021908283233642578,,0.0,25148,Reasoning bodies exclude closing-think; answer count includes terminal EOS. No pretence these bodies count inserted bridges.
atcoder/abc359_e,H75,1,75,18432,b2e19a8d4b97ad31eca11129008339c88f983460190aeb742b19d6626886f357,1482137134054058633,6889269549784932056,dff619284bcf8eb7611df425ee240f8af90da1c06728f93d785fa5b0cd0526ac,276f6d89b511ae7f3c2f347aba9a714ab29f1055eb9eed01c4aa8f88b9b47753,False,False,test_assertion,24576,3311.779122374952,19271,33.99504662503023,6144,462.9426811670419,574,45.854402708937414,2698,0.08007620798889548,0.1082532909931615,0.0016270000487565994,3854.761209374992,True,True,False,True,0.0,0.022109270095825195,,0.0,25150,Reasoning bodies exclude closing-think; answer count includes terminal EOS. No pretence these bodies count inserted bridges.
atcoder/abc359_e,H75,2,75,18432,b2e19a8d4b97ad31eca11129008339c88f983460190aeb742b19d6626886f357,1482137134054058633,629639068090042773,605f087cacfed143657264adf704ae4d0afebb143bb0f44f66f4b079786d0159,15fe5376c6df39eb0414381a908230b11aa380e8d3d9b74ec08544bc3c1a7dde,False,False,test_assertion,24576,3311.779122374952,19271,33.99504662503023,6144,462.9426811670419,527,42.11540483299177,2505,0.08193845790810883,0.1060560829937458,0.0016270000487565994,3851.0218765409663,True,True,False,True,0.0,0.02184438705444336,,0.0,25103,Reasoning bodies exclude closing-think; answer count includes terminal EOS. No pretence these bodies count inserted bridges.
atcoder/abc359_e,FULL_TEXT,0,100,24576,b2e19a8d4b97ad31eca11129008339c88f983460190aeb742b19d6626886f357,,2904062954810092020,bd7b1d63235bc3df9b20f59dfe7d8589dcdc4ad000927f90d1e656c2026b0c04,8895a8fa989b03a58b0b746c44b9ef617c9396966efc4fa17a1b7c1bc86b475d,False,False,test_assertion,24576,4616.497539541917,25415,49.72231604100671,0,0.0,571,45.771091416012496,2718,0.08172837505117059,0.01705054205376655,0.0021238329354673624,4712.0918497489765,True,False,False,True,0.0,0.021872758865356445,,0.0,25147,Reasoning bodies exclude closing-think; answer count includes terminal EOS. No pretence these bodies count inserted bridges.
atcoder/abc359_e,FULL_TEXT,1,100,24576,b2e19a8d4b97ad31eca11129008339c88f983460190aeb742b19d6626886f357,,6889269549784932056,f799edc8e36c41492eb8f0cf3f0feac5bfac2470315188dfa3d12faf917b91d8,5cf6dc8b5fdaf273ae5b71652f7acd933e55889dea85942304bf252f05b2188c,False,False,test_assertion,24576,4616.497539541917,25415,49.72231604100671,0,0.0,590,47.17435983393807,2614,0.08215616596862674,0.08773616596590728,0.0021238329354673624,4713.566231581732,True,False,False,True,0.0,0.02165985107421875,,0.0,25166,Reasoning bodies exclude closing-think; answer count includes terminal EOS. No pretence these bodies count inserted bridges.
atcoder/abc359_e,FULL_TEXT,2,100,24576,b2e19a8d4b97ad31eca11129008339c88f983460190aeb742b19d6626886f357,,629639068090042773,49a249d987de49010e845954f51a363493d0fc0dbb54e3d522625fa43836555b,1f4c054c74818b5c9bc3dfa0fe66370a93b525fd0b032c87261bb7aef881a726,False,False,test_assertion,24576,4616.497539541917,25415,49.72231604100671,0,0.0,550,43.964799124980345,2616,0.0819060830399394,0.08125470799859613,0.0021238329354673624,4710.349939331878,True,False,False,True,0.0,0.021731138229370117,,0.0,25126,Reasoning bodies exclude closing-think; answer count includes terminal EOS. No pretence these bodies count inserted bridges.
atcoder/abc359_e,LARGE_ONLY,0,,24576,b2e19a8d4b97ad31eca11129008339c88f983460190aeb742b19d6626886f357,,413442830346819831,63c14608e4695c630e0484d1c9bf97cac8c0d1a06cce3a07cd2a751ad74de37c,d6bc998d77ef44ca20af714ff283667570e1323b89274836c0611271408544af,False,False,test_assertion,24576,4616.497539541917,0,0,0,0,556,123.16734562499914,2629,0.21981404203688726,0.05372324999189004,0,4739.938422458945,True,False,False,True,0.0,0.022702455520629883,,0.0,25132,Reasoning bodies exclude closing-think; answer count includes terminal EOS. No pretence these bodies count inserted bridges.
atcoder/abc359_e,LARGE_ONLY,1,,24576,b2e19a8d4b97ad31eca11129008339c88f983460190aeb742b19d6626886f357,,1031001246422974156,0465ff796b43c308d0033b0f3e7ac35e6f46254b7acd354d9fef637c2e2e19c2,816872dcc055369c16612cca09657e855ace804c78665eaa6f14edd9d38fb336,False,False,test_assertion,24576,4616.497539541917,0,0,0,0,547,121.0773615820217,2561,0.2222171250032261,0.18279524997342378,0,4737.979913498915,True,False,False,True,0.0,0.021874189376831055,,0.0,25123,Reasoning bodies exclude closing-think; answer count includes terminal EOS. No pretence these bodies count inserted bridges.
atcoder/abc359_e,LARGE_ONLY,2,,24576,b2e19a8d4b97ad31eca11129008339c88f983460190aeb742b19d6626886f357,,7362939551483965156,b14f6a4ef80dec28cdbb14d27d49dad5e023871a4e756793f2faace73c6d2170,e8432655881e9bfa5824e5bc4d68444a890269e2e350a23f4c48fcc9a95e507c,False,False,test_assertion,24576,4616.497539541917,0,0,0,0,490,108.38520283403341,2292,0.22166437498526648,0.19121033302508295,0,4725.295617083961,True,False,False,True,0.0,0.021822690963745117,,0.0,25066,Reasoning bodies exclude closing-think; answer count includes terminal EOS. No pretence these bodies count inserted bridges.
atcoder/abc362_e,SMALL_ONLY,0,0,0,4e01df37c292d04df395157b2d2232145fa5f56e1043f7fe64090247a4db05c9,6999858687091888657,4728862451314746940,b52939ef6c950e8a4fdfc35a44ed4d190351865fb20d35f6caeac3fc8cdd885e,eea8a9aea9864bb04a5eeca3549957db64dce9141261107a5c911c87fed41ed1,True,False,pass,14940,0.0,467,0.5979855000041425,12195,664.2398927500471,804,49.87489383399952,3258,0.06196358392480761,0.009238291066139936,0.00029979203827679157,714.78427375108,False,False,False,True,0.0,0.7230911254882812,,0.0,12999,Reasoning bodies exclude closing-think; answer count includes terminal EOS. No pretence these bodies count inserted bridges.
atcoder/abc362_e,SMALL_ONLY,1,0,0,4e01df37c292d04df395157b2d2232145fa5f56e1043f7fe64090247a4db05c9,6999858687091888657,2444117179424048404,ad16e1f1e84e95d17b75f41b8660e99889cd8056428d7fde631cb211d8e38ff9,d843de7bea79ae72d205efcdfdc9ed2c8ae94ef5c259d0c5ad558e0c3c072104,True,False,pass,14940,0.0,467,0.5979855000041425,12195,664.2398927500471,735,45.42838858393952,3227,0.06361987499985844,0.03668424999341369,0.00029979203827679157,710.3668707510224,False,False,False,True,0.0,0.7396910190582275,,0.0,12930,Reasoning bodies exclude closing-think; answer count includes terminal EOS. No pretence these bodies count inserted bridges.
atcoder/abc362_e,SMALL_ONLY,2,0,0,4e01df37c292d04df395157b2d2232145fa5f56e1043f7fe64090247a4db05c9,6999858687091888657,3270970700965940984,f8ed55fde8f2f1d6792e1aa8dcf6db54d0ef483b5d64ea0d61e1a976fdbb732b,09c898f80eb272ef3cd24da1211957a556da629d005718466859a79c70a3fa60,True,False,pass,14940,0.0,467,0.5979855000041425,12195,664.2398927500471,781,48.3161404998973,3191,0.06355291593354195,0.02990887500345707,0.00029979203827679157,713.2477803329239,False,False,False,True,0.0,0.7165529727935791,,0.0,12976,Reasoning bodies exclude closing-think; answer count includes terminal EOS. No pretence these bodies count inserted bridges.
atcoder/abc362_e,H10,0,10,1494,4e01df37c292d04df395157b2d2232145fa5f56e1043f7fe64090247a4db05c9,6999858687091888657,4728862451314746940,e2c733ae43c26aad898e94b911c3f7b51dac4eb38ab381d7757c8537c6b8dcd6,f17b9dd0b6db568a50fbfa186b08f3a2d3e8eacd7962e64ea432a0134f5c1ea1,True,False,pass,14940,238.11503487604205,1961,2.4332018749555573,15605,912.0024244579254,800,55.12254683300853,3319,0.06918987503740937,0.028874624986201525,0.00034633290488272905,1207.77161887486,False,False,False,True,0.0,0.9486453533172607,,0.0,17899,Reasoning bodies exclude closing-think; answer count includes terminal EOS. No pretence these bodies count inserted bridges.
atcoder/abc362_e,H10,1,10,1494,4e01df37c292d04df395157b2d2232145fa5f56e1043f7fe64090247a4db05c9,6999858687091888657,2444117179424048404,6a270066a01b597232db4f6e74aab8809f93f0252d2e571644d38fc6d2b19d5e,cf5119b4cf23ea346344a201b018fd5c9f311614812b7308ca6fe7a17e914e07,True,False,pass,14940,238.11503487604205,1961,2.4332018749555573,15605,912.0024244579254,777,53.161240248940885,3210,0.07057024992536753,0.07324054196942598,0.00034633290488272905,1205.8560585826635,False,False,False,True,0.0,0.9428842067718506,,0.0,17876,Reasoning bodies exclude closing-think; answer count includes terminal EOS. No pretence these bodies count inserted bridges.
atcoder/abc362_e,H10,2,10,1494,4e01df37c292d04df395157b2d2232145fa5f56e1043f7fe64090247a4db05c9,6999858687091888657,3270970700965940984,bcc01e18747389196c9bebaa8a1a244a946b19138f3dbe37d6dc83b15e18a4e2,4b63bb0ac0f2d3ac4a1643c3a90968f0d620cba4f2c9f7fd3517dde112d68a57,True,False,pass,14940,238.11503487604205,1961,2.4332018749555573,15605,912.0024244579254,748,51.139392749988474,3087,0.0703806250821799,0.07935558306053281,0.00034633290488272905,1203.840136499959,False,False,False,True,0.0,0.9265377521514893,,0.0,17847,Reasoning bodies exclude closing-think; answer count includes terminal EOS. No pretence these bodies count inserted bridges.
atcoder/abc362_e,H25,0,25,3735,4e01df37c292d04df395157b2d2232145fa5f56e1043f7fe64090247a4db05c9,6999858687091888657,4728862451314746940,e16e1a94eb0d0ae4b09696e60a297e83ee7a31d85eeaa3bffebdc0d9272a1ed5,e2ca63b260d985f3975f175e21900dbbbdeff87f7e6fe3d4040c8ae274520b60,True,False,pass,14940,602.8234052090556,4202,5.492994041997008,13934,837.4687295419862,835,58.267123706871644,3447,0.06932162493467331,0.018570875050500035,0.0005225000204518437,1504.1406674999162,False,False,False,True,0.0,0.5135443210601807,,0.0,18504,Reasoning bodies exclude closing-think; answer count includes terminal EOS. No pretence these bodies count inserted bridges.
atcoder/abc362_e,H25,1,25,3735,4e01df37c292d04df395157b2d2232145fa5f56e1043f7fe64090247a4db05c9,6999858687091888657,2444117179424048404,cf308a07cb3aab6788239ae4f56248d3698ef00612379ae3e03d7471b98a7b4a,e06747fd5cd83fa427045f90a56db28b972275ee1dadeed207474a54dca02392,True,False,pass,14940,602.8234052090556,4202,5.492994041997008,13934,837.4687295419862,816,56.59052179090213,3368,0.07096808403730392,0.04556833300739527,0.0005225000204518437,1502.4927095010062,False,False,False,True,0.0,0.5107412338256836,,0.0,18485,Reasoning bodies exclude closing-think; answer count includes terminal EOS. No pretence these bodies count inserted bridges.
atcoder/abc362_e,H25,2,25,3735,4e01df37c292d04df395157b2d2232145fa5f56e1043f7fe64090247a4db05c9,6999858687091888657,3270970700965940984,91aa1607c2b0abc53cbd0210a0c59939a9b8c0fcd3f01f416b2489bafea21807,c57f040bf03d489de30316b04353db9fc3067a0ac13763322d50cd036e94c9c7,True,False,pass,14940,602.8234052090556,4202,5.492994041997008,13934,837.4687295419862,864,59.93582079198677,3612,0.07114649994764477,0.043092666077427566,0.0005225000204518437,1505.8357112510712,False,False,False,True,0.0,0.5103490352630615,,0.0,18533,Reasoning bodies exclude closing-think; answer count includes terminal EOS. No pretence these bodies count inserted bridges.
atcoder/abc362_e,H50,0,50,7470,4e01df37c292d04df395157b2d2232145fa5f56e1043f7fe64090247a4db05c9,6999858687091888657,4728862451314746940,bd127926e1086c83cc347fa99edbae448d3ef736a7905f3d0946c37ad553d827,186dd9271d014611a9a07a272c4533c491fcd33076f7f4ad163f0ae0623b8e2e,True,False,pass,14940,1236.3248127920087,7937,11.262469084002078,7787,471.74742620799225,829,54.91833733289968,3331,0.06578224990516901,0.011231499956920743,0.0008012499893084168,1774.3308604167541,False,False,False,True,0.0,0.5645713806152344,,0.0,16086,Reasoning bodies exclude closing-think; answer count includes terminal EOS. No pretence these bodies count inserted bridges.
atcoder/abc362_e,H50,1,50,7470,4e01df37c292d04df395157b2d2232145fa5f56e1043f7fe64090247a4db05c9,6999858687091888657,2444117179424048404,cc541b9976c7e5b10175c1ad8761286c84a38370ad3617c79dba2eed5c29ea5d,98cfb17511d858f7e10463bcc45eabecc1ce65e3586200d79850d325009f05e9,True,False,pass,14940,1236.3248127920087,7937,11.262469084002078,7787,471.74742620799225,841,55.52791204198729,3471,0.0679145420435816,0.0391302079660818,0.0008012499893084168,1774.9704661259893,False,False,False,True,0.0,0.5673835277557373,,0.0,16098,Reasoning bodies exclude closing-think; answer count includes terminal EOS. No pretence these bodies count inserted bridges.
atcoder/abc362_e,H50,2,50,7470,4e01df37c292d04df395157b2d2232145fa5f56e1043f7fe64090247a4db05c9,6999858687091888657,3270970700965940984,81d28b0f78a7180e9d6ac0b0eff9ffd7959c356e8912ca7fd2cc453de423ecf8,7833eaf674d6f9650b1cd9f74f24c7936449a37fbc8679ca6c48229453821756,True,False,pass,14940,1236.3248127920087,7937,11.262469084002078,7787,471.74742620799225,873,57.70816458307672,3575,0.06824945902917534,0.043834667070768774,0.0008012499893084168,1777.155758043169,False,False,False,True,0.0,0.5740604400634766,,0.0,16130,Reasoning bodies exclude closing-think; answer count includes terminal EOS. No pretence these bodies count inserted bridges.
atcoder/abc362_e,H75,0,75,11205,4e01df37c292d04df395157b2d2232145fa5f56e1043f7fe64090247a4db05c9,6999858687091888657,4728862451314746940,52c4b5acbfc82ce96b8431e8ea9affeadd6539c32e02040bc3737e067edc70af,eb87a4c73f57fc9201945b9fe4d443f58c128ccd3b6ee97a28762006144bb90a,True,False,pass,14940,1906.3539935010485,11672,17.785844916012138,2635,162.80255433393177,785,50.32939408195671,3274,0.06407262501306832,0.010577750043012202,0.00099529093131423,2137.3474324989365,False,False,False,True,0.0,0.7012777328491211,,0.0,14625,Reasoning bodies exclude closing-think; answer count includes terminal EOS. No pretence these bodies count inserted bridges.
atcoder/abc362_e,H75,1,75,11205,4e01df37c292d04df395157b2d2232145fa5f56e1043f7fe64090247a4db05c9,6999858687091888657,2444117179424048404,c6ceea027ef838cb90ce37f29e96f64f1f29f8d01fbff47dfbd6711d8c938d4e,a49d8886a57903f99ed639390da588dbad759fecdf7fe58955b225b1057fc90d,True,False,pass,14940,1906.3539935010485,11672,17.785844916012138,2635,162.80255433393177,828,52.98539545806125,3476,0.06538112496491522,0.04237308294977993,0.00099529093131423,2140.0365377078997,False,False,False,True,0.0,0.6962285041809082,,0.0,14668,Reasoning bodies exclude closing-think; answer count includes terminal EOS. No pretence these bodies count inserted bridges.
atcoder/abc362_e,H75,2,75,11205,4e01df37c292d04df395157b2d2232145fa5f56e1043f7fe64090247a4db05c9,6999858687091888657,3270970700965940984,5d9c7221f2ac9096e8c4a020ec915fa11b0304cd416c8f8ada01471147f249e8,4ec9b8bd640d1e2bd74690b5eded9baabed919dd01720a6ebbda6c12c0ead711,True,False,pass,14940,1906.3539935010485,11672,17.785844916012138,2635,162.80255433393177,760,48.59252950001974,3138,0.06456870795227587,0.017869416973553598,0.00099529093131423,2135.6183556668693,False,False,False,True,0.0,0.7008039951324463,,0.0,14600,Reasoning bodies exclude closing-think; answer count includes terminal EOS. No pretence these bodies count inserted bridges.
atcoder/abc362_e,FULL_TEXT,0,100,14940,4e01df37c292d04df395157b2d2232145fa5f56e1043f7fe64090247a4db05c9,,4728862451314746940,6e541051d22582e02e6cd8a671fca15e559a146f0e1d93a9307e911eccdb68ef,7bf5548557f9f8876f602c6dd05707d156585855e93c693c563a5aa459b91a1b,True,False,pass,14940,2610.999936709006,15407,25.412643332965672,0,0.0,793,52.189132084022276,3305,0.06565212504938245,0.011213374906219542,0.0012625000672414899,2688.6798401260166,False,False,False,True,0.0,0.6659634113311768,,0.0,15733,Reasoning bodies exclude closing-think; answer count includes terminal EOS. No pretence these bodies count inserted bridges.
atcoder/abc362_e,FULL_TEXT,1,100,14940,4e01df37c292d04df395157b2d2232145fa5f56e1043f7fe64090247a4db05c9,,2444117179424048404,077ed7fe80147efa44cae54fcfab7d765160d4cc5874ba48ca94cf0b86b98fc1,7929962a352ed8483cbe27b8d4cba2c9d7ffbe6406c962fc9affe84dbd4d490d,True,False,pass,14940,2610.999936709006,15407,25.412643332965672,0,0.0,814,53.43082912499085,3449,0.06724745803512633,0.044780916068702936,0.0012625000672414899,2689.9567000411334,False,False,False,True,0.0,0.6997759342193604,,0.0,15754,Reasoning bodies exclude closing-think; answer count includes terminal EOS. No pretence these bodies count inserted bridges.
atcoder/abc362_e,FULL_TEXT,2,100,14940,4e01df37c292d04df395157b2d2232145fa5f56e1043f7fe64090247a4db05c9,,3270970700965940984,59f1fc79afabb7bd572f1df6a20a9a7f1451e50959143eef3f09d3f317af4060,1be6c7428f16f6e951f49974d6d3e8cae2d89240efb4806159f2a2b19768b249,True,False,pass,14940,2610.999936709006,15407,25.412643332965672,0,0.0,739,48.41100354096852,3136,0.06773362495005131,0.037679667002521455,0.0012625000672414899,2684.93025937496,False,False,False,True,0.0,0.6827051639556885,,0.0,15679,Reasoning bodies exclude closing-think; answer count includes terminal EOS. No pretence these bodies count inserted bridges.
atcoder/abc362_e,LARGE_ONLY,0,,14940,4e01df37c292d04df395157b2d2232145fa5f56e1043f7fe64090247a4db05c9,,8031527339610212460,15befce97cc921b8933f9bb217bab025ae4b02d9ca8662d0f25c768ff6559f1d,34e40f89b3a10d6e9d6bec3ae6c1e8414c942791313f99e17a3147574cadcf28,True,False,pass,14940,2610.999936709006,0,0,0,0,794,154.44325454201316,3295,0.1935262919869274,0.0263716250192374,0,2765.663089168025,False,False,False,True,0.0,0.7019333839416504,,0.0,15734,Reasoning bodies exclude closing-think; answer count includes terminal EOS. No pretence these bodies count inserted bridges.
atcoder/abc362_e,LARGE_ONLY,1,,14940,4e01df37c292d04df395157b2d2232145fa5f56e1043f7fe64090247a4db05c9,,5738935386079039516,ff3d1c31f1785578b70675c3a2216ba86d5d35e79cc561b6b173af9576d182a6,f15346b7685d02ca06f37a87a903c27bc9d658461de68eeff4de0fd37215d0dd,True,False,pass,14940,2610.999936709006,0,0,0,0,816,157.94864995899843,3416,0.19260162499267608,0.08442179101984948,0,2769.225610084017,False,False,False,True,0.0,0.6854724884033203,,0.0,15756,Reasoning bodies exclude closing-think; answer count includes terminal EOS. No pretence these bodies count inserted bridges.
atcoder/abc362_e,LARGE_ONLY,2,,14940,4e01df37c292d04df395157b2d2232145fa5f56e1043f7fe64090247a4db05c9,,14332431029206786,bc2f8d698b4434b488201ffc00eb33323522d7cc13cf05a2258d24428dbce436,4359d198cba9c6221bd738aadac8c9e133e053b8c6e3092fd9b082dbb678e7c2,True,False,pass,14940,2610.999936709006,0,0,0,0,804,155.5591217079782,3410,0.19461987499380484,0.07860341697232798,0,2766.83228170895,False,False,False,True,0.0,0.681309700012207,,0.0,15744,Reasoning bodies exclude closing-think; answer count includes terminal EOS. No pretence these bodies count inserted bridges.
atcoder/abc364_d,SMALL_ONLY,0,0,0,d3a324710e5386c1cfd4f4f6c6895b5452592df0036a45988d32afe194d69d0d,8527680017046040377,8988389340882003481,83f4fa4d9b2501d85c153f0927f3cfcc004e198dd4efad0ce62a8e4b78e10933,6917be8812fd5fe7d362901c7876f47e6b40fc5a0ead9dc9077490b7675bb784,True,False,pass,7222,0.0,610,0.8025466250255704,9287,492.2473994579632,631,36.75152075011283,2678,0.05576820799615234,0.007896583992987871,0.00019116699695587158,529.8653227920877,False,False,False,True,0.0,11.042035102844238,,0.0,9918,Reasoning bodies exclude closing-think; answer count includes terminal EOS. No pretence these bodies count inserted bridges.
atcoder/abc364_d,SMALL_ONLY,1,0,0,d3a324710e5386c1cfd4f4f6c6895b5452592df0036a45988d32afe194d69d0d,8527680017046040377,2320738466724382588,cc58f6c0829ed025f91ae7d4862712d26e123f1b2bf14fcb4e8686a74d220e10,184f2d6938620f372834fed59e907942909473ca9acada29c86e1b9c7ae9f369,True,False,pass,7222,0.0,610,0.8025466250255704,9287,492.2473994579632,707,41.19419191800989,3039,0.05944287497550249,0.031786874984391034,0.00019116699695587158,534.3355589179555,False,False,False,True,0.0,11.15969467163086,,0.0,9994,Reasoning bodies exclude closing-think; answer count includes terminal EOS. No pretence these bodies count inserted bridges.
atcoder/abc364_d,SMALL_ONLY,2,0,0,d3a324710e5386c1cfd4f4f6c6895b5452592df0036a45988d32afe194d69d0d,8527680017046040377,9112296285354927878,393db4d903c327f34b23d52b88659eba28f8a01d0e783b58218826173031d4d4,0e4d37fee95249553c825ea9d58e1fdf2f919c533600964374ad7e3c580bf99a,True,False,pass,7222,0.0,610,0.8025466250255704,9287,492.2473994579632,628,36.48832108301576,2512,0.06008275004569441,0.030492041958495975,0.00019116699695587158,529.6290331250057,False,False,False,True,0.0,10.988156080245972,,0.0,9915,Reasoning bodies exclude closing-think; answer count includes terminal EOS. No pretence these bodies count inserted bridges.
atcoder/abc364_d,H10,0,10,722,d3a324710e5386c1cfd4f4f6c6895b5452592df0036a45988d32afe194d69d0d,8527680017046040377,8988389340882003481,a7bcd3c41a7117747a074ec9d34172ca428b85fd1c207d856b266ac7696186ac,e7136661f230505195cae43fad4587092aa0a9d3c3d988cbd090da02e42639a4,True,False,pass,7222,116.25600604101783,1332,1.6604067500447854,10929,598.637268749997,669,41.07299849996343,2933,0.061814833083190024,0.01605662505608052,0.00020275008864700794,757.704754249251,False,False,False,True,0.0,11.006946325302124,,0.0,12320,Reasoning bodies exclude closing-think; answer count includes terminal EOS. No pretence these bodies count inserted bridges.
atcoder/abc364_d,H10,1,10,722,d3a324710e5386c1cfd4f4f6c6895b5452592df0036a45988d32afe194d69d0d,8527680017046040377,2320738466724382588,b734d6fa7e68ea2f76d3a28bbc9bbb07f4767d36891ed639bab93d528139b49b,738e15cf901d6d93e904719e2c88867d4e5b0e2d49cee9d4f84c20d8ad7709f7,True,False,pass,7222,116.25600604101783,1332,1.6604067500447854,10929,598.637268749997,682,41.62892262497917,2830,0.06362666701897979,0.035846541984938085,0.00020275008864700794,758.2822801251314,False,False,False,True,0.0,11.247397661209106,,0.0,12333,Reasoning bodies exclude closing-think; answer count includes terminal EOS. No pretence these bodies count inserted bridges.
atcoder/abc364_d,H10,2,10,722,d3a324710e5386c1cfd4f4f6c6895b5452592df0036a45988d32afe194d69d0d,8527680017046040377,9112296285354927878,303193f5c415c6ae9c31a43efe0939e8b660a6c8ffed8e2a66f381215b9498ad,bf1411092fd3b0445780a0fe6a647a56814149088a8d6963386241bbeb7a2a96,True,False,pass,7222,116.25600604101783,1332,1.6604067500447854,10929,598.637268749997,627,38.284593207994476,2573,0.06332816602662206,0.04241391597315669,0.00020275008864700794,754.9442195811425,False,False,False,True,0.0,11.208445072174072,,0.0,12278,Reasoning bodies exclude closing-think; answer count includes terminal EOS. No pretence these bodies count inserted bridges.
atcoder/abc364_d,H25,0,25,1805,d3a324710e5386c1cfd4f4f6c6895b5452592df0036a45988d32afe194d69d0d,8527680017046040377,8988389340882003481,a50a8ae2b4e45412bd11f0e0803c2d678ee43674998b34e4b594d96148d88de4,287d6354c569225339f9dce839222b94ef323c6401bd63b144ea1a1cfb99cca9,True,False,pass,7222,288.8777024160372,2415,3.026444709044881,7955,432.8098714998923,661,38.98880291695241,2675,0.057418458978645504,0.010200040997005999,0.0002804580144584179,763.7707204999169,False,False,False,True,0.0,11.250940084457397,,0.0,10421,Reasoning bodies exclude closing-think; answer count includes terminal EOS. No pretence these bodies count inserted bridges.
atcoder/abc364_d,H25,1,25,1805,d3a324710e5386c1cfd4f4f6c6895b5452592df0036a45988d32afe194d69d0d,8527680017046040377,2320738466724382588,45b1915d629db333a0edc5427e9f2ed45240ee278b56bd0dc5b57ff868305da6,22a9f03bc68dbcc1866e7512a07004c31d3a8fc3fa130e224f337a99793a0de6,True,False,pass,7222,288.8777024160372,2415,3.026444709044881,7955,432.8098714998923,630,37.07350212498568,2648,0.06051125004887581,0.02695420803502202,0.0002804580144584179,761.8752666660585,False,False,False,True,0.0,11.316117763519287,,0.0,10390,Reasoning bodies exclude closing-think; answer count includes terminal EOS. No pretence these bodies count inserted bridges.
atcoder/abc364_d,H25,2,25,1805,d3a324710e5386c1cfd4f4f6c6895b5452592df0036a45988d32afe194d69d0d,8527680017046040377,9112296285354927878,ffd48300cef16b18484559362dede1b4eab66783b6957be9e5c0226d8fdc7b95,9d7e7be5bcbb3544ce602581a0cbda6e6dd11d12f4c3c8884dd7f13b343a16f2,True,False,pass,7222,288.8777024160372,2415,3.026444709044881,7955,432.8098714998923,669,39.39293950004503,2889,0.060864291968755424,0.044334165984764695,0.0002804580144584179,764.2124370409874,False,False,False,True,0.0,11.338412761688232,,0.0,10429,Reasoning bodies exclude closing-think; answer count includes terminal EOS. No pretence these bodies count inserted bridges.
atcoder/abc364_d,H50,0,50,3611,d3a324710e5386c1cfd4f4f6c6895b5452592df0036a45988d32afe194d69d0d,8527680017046040377,8988389340882003481,6cec1056398c603cb597723f668066655db498427fa673a8f596f776b85910b6,e0d18dbecc2aadceddd4995602d5c236af91d19d146b3512e0176b72d6bcd17f,True,False,pass,7222,583.3463306240155,4221,5.521653333096765,5044,275.83511337498203,658,37.88934116612654,2799,0.05765491700731218,0.007246042019687593,0.00039312499575316906,902.6577325822436,False,False,False,True,0.0,11.107170581817627,,0.0,9313,Reasoning bodies exclude closing-think; answer count includes terminal EOS. No pretence these bodies count inserted bridges.
atcoder/abc364_d,H50,1,50,3611,d3a324710e5386c1cfd4f4f6c6895b5452592df0036a45988d32afe194d69d0d,8527680017046040377,2320738466724382588,b503c5097a8eef3af1eb03a38c393efeb604ccdd6370f0154abbc36c9f60c560,bcd6b71fec2af77bb0ce924e53c4b571f1bee44cfa87526db01637c8f9480a97,True,False,pass,7222,583.3463306240155,4221,5.521653333096765,5044,275.83511337498203,693,39.81381658301689,3028,0.05892916605807841,0.012119791936129332,0.00039312499575316906,904.5883559981012,False,False,False,True,0.0,10.998547077178955,,0.0,9348,Reasoning bodies exclude closing-think; answer count includes terminal EOS. No pretence these bodies count inserted bridges.
atcoder/abc364_d,H50,2,50,3611,d3a324710e5386c1cfd4f4f6c6895b5452592df0036a45988d32afe194d69d0d,8527680017046040377,9112296285354927878,9e7b97d6c9c36242ed31391ff6fab19d8fa1fe166aa786890385019d2a3bd871,a277c64e11f8064e89f90b50e1fd1d2970d940200f818e5585c54a7b9c8dd3e8,True,False,pass,7222,583.3463306240155,4221,5.521653333096765,5044,275.83511337498203,634,36.41459904098883,2633,0.05864258296787739,0.01205183390993625,0.00039312499575316906,901.1887839149567,False,False,False,True,0.0,11.056510925292969,,0.0,9289,Reasoning bodies exclude closing-think; answer count includes terminal EOS. No pretence these bodies count inserted bridges.
atcoder/abc364_d,H75,0,75,5416,d3a324710e5386c1cfd4f4f6c6895b5452592df0036a45988d32afe194d69d0d,8527680017046040377,8988389340882003481,f849dd5d229f079f3b851988a0b74ea34140b7e3f8f73858b8a882b3532dbc8c,28300bb7892e43d87d708c8ebedc034881f0034b70d564ed3a09c1d8c2eaa337,True,False,pass,7222,885.1500227910001,6026,8.166769208037294,863,46.99692850001156,685,37.681262373924255,2829,0.054891209001652896,0.00592437491286546,0.0005221670726314187,978.0563206239603,False,False,False,True,0.0,11.107366800308228,,0.0,6964,Reasoning bodies exclude closing-think; answer count includes terminal EOS. No pretence these bodies count inserted bridges.
atcoder/abc364_d,H75,1,75,5416,d3a324710e5386c1cfd4f4f6c6895b5452592df0036a45988d32afe194d69d0d,8527680017046040377,2320738466724382588,77a41693fb2c900167f136d9cdc6198e54be59955326599d896561db77a1925c,6a55c0c8a18bebca50369317d518ec8f88bcc65cc36e01948cc1a07e1b78e80e,True,False,pass,7222,885.1500227910001,6026,8.166769208037294,863,46.99692850001156,661,36.405333333066665,2816,0.05722612503450364,0.01002091693226248,0.0005221670726314187,976.786823041155,False,False,False,True,0.0,11.127148389816284,,0.0,6940,Reasoning bodies exclude closing-think; answer count includes terminal EOS. No pretence these bodies count inserted bridges.
atcoder/abc364_d,H75,2,75,5416,d3a324710e5386c1cfd4f4f6c6895b5452592df0036a45988d32afe194d69d0d,8527680017046040377,9112296285354927878,d5b3591587fb98dba2e4214b518deeeb6f72d6afbde99408c9a008313c47ebb8,25cf2490f2f4ccef3e8ee59d9d1cd14dc1b8d5b1f73ca664786502cd5bd76041,True,False,pass,7222,885.1500227910001,6026,8.166769208037294,863,46.99692850001156,649,35.68171683407854,2710,0.05685870908200741,0.01010824996046722,0.0005221670726314187,976.0629264592426,False,False,False,True,0.0,11.15074348449707,,0.0,6928,Reasoning bodies exclude closing-think; answer count includes terminal EOS. No pretence these bodies count inserted bridges.
atcoder/abc364_d,FULL_TEXT,0,100,7222,d3a324710e5386c1cfd4f4f6c6895b5452592df0036a45988d32afe194d69d0d,,8988389340882003481,76d21aa6ef84c33cd737caf2b3b4f96f6893d9ef214d31f509c2c0fb21f7bb11,9322aaf15e1c601febf8b71b6fb1cd27fe010da6adedab469ae5b1d051474624,True,False,pass,7222,1194.8520641240175,7832,11.061673625023104,0,0.0,626,34.94250870903488,2661,0.05592587497085333,0.006534292013384402,0.0006475410191342235,1240.9193541660788,False,False,False,True,0.0,10.988907814025879,,0.0,7848,Reasoning bodies exclude closing-think; answer count includes terminal EOS. No pretence these bodies count inserted bridges.
atcoder/abc364_d,FULL_TEXT,1,100,7222,d3a324710e5386c1cfd4f4f6c6895b5452592df0036a45988d32afe194d69d0d,,2320738466724382588,22798aab98330ea27521f5d992823a0116bce9f68aff656570009adcb32164e7,daf3a661b1907966a09ede664980e2c5c30d66b0407d7c4285ae6feb1bcdeb5d,True,False,pass,7222,1194.8520641240175,7832,11.061673625023104,0,0.0,677,37.84994120791089,2818,0.058133000042289495,0.0404995420249179,0.0006475410191342235,1243.8629590400378,False,False,False,True,0.0,10.981617212295532,,0.0,7899,Reasoning bodies exclude closing-think; answer count includes terminal EOS. No pretence these bodies count inserted bridges.
atcoder/abc364_d,FULL_TEXT,2,100,7222,d3a324710e5386c1cfd4f4f6c6895b5452592df0036a45988d32afe194d69d0d,,9112296285354927878,5a9f135287ae80b4ac033aba1e6cfae5f274dbb2a8981181e5fc14cdfa0ceff2,a16a7c1578c517668d02f1c66913a02953b577d7d6570e2f16de4bcf245f39db,True,False,pass,7222,1194.8520641240175,7832,11.061673625023104,0,0.0,623,34.86357483302709,2582,0.0572848750744015,0.051183708012104034,0.0006475410191342235,1240.8864287061733,False,False,False,True,0.0,10.934375286102295,,0.0,7845,Reasoning bodies exclude closing-think; answer count includes terminal EOS. No pretence these bodies count inserted bridges.
atcoder/abc364_d,LARGE_ONLY,0,,7222,d3a324710e5386c1cfd4f4f6c6895b5452592df0036a45988d32afe194d69d0d,,1004361187358671771,631fabafc397bebdbc4c7d4ccc8f8cb78ea7bdd4dbaa53debecdcb89ea78d3c3,392569e8b45f813755172ede626f976daf8949a669b74ad9de86eb20d7ab2b58,True,False,pass,7222,1194.8520641240175,0,0,0,0,642,111.71205237496179,2800,0.1733356249751523,0.016636124986689538,0,1306.7540882489411,False,False,False,True,0.0,11.02055048942566,,0.0,7864,Reasoning bodies exclude closing-think; answer count includes terminal EOS. No pretence these bodies count inserted bridges.
atcoder/abc364_d,LARGE_ONLY,1,,7222,d3a324710e5386c1cfd4f4f6c6895b5452592df0036a45988d32afe194d69d0d,,9004024672067427012,58603fa51fc1a46100c5e4dae2b3251cf6bc896d7acf405ba67ffda303c47ac7,c5a9f8b9a46308fb5ad18250a1bc27c2766e3fe4f2150a604db185444459ecce,True,False,pass,7222,1194.8520641240175,0,0,0,0,667,115.75178087397944,2785,0.17426658398471773,0.05535541597055271,0,1310.8334669979522,False,False,False,True,0.0,11.087781190872192,,0.0,7889,Reasoning bodies exclude closing-think; answer count includes terminal EOS. No pretence these bodies count inserted bridges.
atcoder/abc364_d,LARGE_ONLY,2,,7222,d3a324710e5386c1cfd4f4f6c6895b5452592df0036a45988d32afe194d69d0d,,4033365232579574855,4514be9a5e8b95bcd8605b77700270b2ed43674ebfebe96e0189b974b2b89ed6,39e9595573c9e5f3f0a8a422cd02a57c67c87ea7612719b857fc3a0c41789942,True,False,pass,7222,1194.8520641240175,0,0,0,0,649,112.61099333298625,2751,0.1762048329692334,0.0613603750243783,0,1307.7006226649974,False,False,False,True,0.0,10.838490962982178,,0.0,7871,Reasoning bodies exclude closing-think; answer count includes terminal EOS. No pretence these bodies count inserted bridges.
atcoder/abc348_e,SMALL_ONLY,0,0,0,5debcf65c329cd1358f5842763402153635a09faf41776508362ca92669d82db,4122110600220001566,780595773481571279,786688ec1aa92077490e70040eada659285be0260f00488e6cc6046223a5cf24,91d5cde17247930456d67f67162cface6c7b9987661583a7ad845c5d2aa8567c,True,False,pass,8190,0.0,584,0.7771101669641212,8842,466.3167407499859,793,45.80354133294895,3206,0.05710025003645569,0.009142209077253938,0.00016358401626348495,512.963798293029,False,False,False,True,0.0,1.9458770751953125,,0.0,9635,Reasoning bodies exclude closing-think; answer count includes terminal EOS. No pretence these bodies count inserted bridges.
atcoder/abc348_e,SMALL_ONLY,1,0,0,5debcf65c329cd1358f5842763402153635a09faf41776508362ca92669d82db,4122110600220001566,1754222868142879343,b92faeb1358a626a24077f57cebe68589a39fdd9003f517da07582759f4f059c,c59355db7b3c8aa47499222da70fedfbbed7f2eef85cf9646429441d1e33e40d,True,False,pass,8190,0.0,584,0.7771101669641212,8842,466.3167407499859,782,45.161617334000766,3029,0.05919379193801433,0.00935062498319894,0.00016358401626348495,512.3241762518883,False,False,False,True,0.0,1.9426186084747314,,0.0,9624,Reasoning bodies exclude closing-think; answer count includes terminal EOS. No pretence these bodies count inserted bridges.
atcoder/abc348_e,SMALL_ONLY,2,0,0,5debcf65c329cd1358f5842763402153635a09faf41776508362ca92669d82db,4122110600220001566,2803400384379538270,22bd7a44ed3f4bcc5b8c0957b5d65797462feac93b6f6e7cb9968f19e9aec1f0,01d6e05869e1610c0f64d3c4be1a0ceb81589dfa41c88dcebc729be797feb2b5,True,False,pass,8190,0.0,584,0.7771101669641212,8842,466.3167407499859,783,45.19160612486303,3154,0.0598752909572795,0.019742208067327738,0.00016358401626348495,512.3652381248539,False,False,False,True,0.0,1.9538357257843018,,0.0,9625,Reasoning bodies exclude closing-think; answer count includes terminal EOS. No pretence these bodies count inserted bridges.
atcoder/abc348_e,H10,0,10,819,5debcf65c329cd1358f5842763402153635a09faf41776508362ca92669d82db,4122110600220001566,780595773481571279,3318dd7e9d69991bab8a04c0e0d65d0cea699ac8abdb78365410d18ae46fc1ea,ade6388264d01414d6a63ee1014b3b67b703b8c178d41ba7660fa76336560e51,True,False,pass,8190,131.36233158397954,1403,1.7286009578965604,5821,303.14162229106296,929,51.72520887607243,3855,0.054921917035244405,0.007956249988637865,0.00021587498486042023,488.02085775102023,False,False,False,True,0.0,2.2967464923858643,,0.0,7569,Reasoning bodies exclude closing-think; answer count includes terminal EOS. No pretence these bodies count inserted bridges.
atcoder/abc348_e,H10,1,10,819,5debcf65c329cd1358f5842763402153635a09faf41776508362ca92669d82db,4122110600220001566,1754222868142879343,47fd8300ce94215f1f350eb610cfdede35873fa6f80bcbc8c59bf70f88e41e9d,a6ad6686924fc960facea506d2eba026c3ee4facfc73cdc7a8c18cc2cf60664e,True,False,pass,8190,131.36233158397954,1403,1.7286009578965604,5821,303.14162229106296,927,51.67541512497701,3819,0.05720825004391372,0.04237787495367229,0.00021587498486042023,488.0077719578985,False,False,False,True,0.0,2.2950921058654785,,0.0,7567,Reasoning bodies exclude closing-think; answer count includes terminal EOS. No pretence these bodies count inserted bridges.
atcoder/abc348_e,H10,2,10,819,5debcf65c329cd1358f5842763402153635a09faf41776508362ca92669d82db,4122110600220001566,2803400384379538270,0f9a79bc2f263bdd750eb32f39ef70bcdaa3c14d5cffcc32ef9493fb5e1e09e8,fd5432e676db718b3396d008aa41703efe4195c10bf895a540171e1cc263ecad,True,False,pass,8190,131.36233158397954,1403,1.7286009578965604,5821,303.14162229106296,954,53.06730991695076,4027,0.05631895805709064,0.02740262495353818,0.00021587498486042023,489.3838022078853,False,False,False,True,0.0,2.4246089458465576,,0.0,7594,Reasoning bodies exclude closing-think; answer count includes terminal EOS. No pretence these bodies count inserted bridges.
atcoder/abc348_e,H25,0,25,2047,5debcf65c329cd1358f5842763402153635a09faf41776508362ca92669d82db,4122110600220001566,780595773481571279,68e286c7028a199297fe0031f2be81a97394929917c2c54c8900c421b9c52271,6a488d129a98fc23adc9f4e5e10bca23006dc1581451cb885520507c872aa500,True,False,pass,8190,328.02602604200365,2631,3.3721055829664692,7141,386.67739104200155,958,55.93420854094438,3557,0.05771816603373736,0.013355250004678965,0.0003144580405205488,774.081119081995,False,False,False,True,0.0,2.2437682151794434,,0.0,10146,Reasoning bodies exclude closing-think; answer count includes terminal EOS. No pretence these bodies count inserted bridges.
atcoder/abc348_e,H25,1,25,2047,5debcf65c329cd1358f5842763402153635a09faf41776508362ca92669d82db,4122110600220001566,1754222868142879343,143f918873421b1c73fb339623f4726d1a1501db732a78c3e70e67df7ca5952c,c2da4cb1b29919653c8fa68901523bbbdafe65afdd942c0e19620eef124cd43b,True,False,pass,8190,328.02602604200365,2631,3.3721055829664692,7141,386.67739104200155,975,56.81102166604251,3960,0.05912320804782212,0.0441203749505803,0.0003144580405205488,774.9901023740531,False,False,False,True,0.0,2.2066338062286377,,0.0,10163,Reasoning bodies exclude closing-think; answer count includes terminal EOS. No pretence these bodies count inserted bridges.
atcoder/abc348_e,H25,2,25,2047,5debcf65c329cd1358f5842763402153635a09faf41776508362ca92669d82db,4122110600220001566,2803400384379538270,680a9f2fcbd6261dd6603cf26116b09d4778db3285febca875970ab6a1a02de9,6a1d10873330e120f6a2c8f569a08df2e1c3f22c42823b6754ce54e46da61078,True,False,pass,8190,328.02602604200365,2631,3.3721055829664692,7141,386.67739104200155,978,57.04445866611786,3903,0.05978254205547273,0.04389999993145466,0.0003144580405205488,775.223978333117,False,False,False,True,0.0,2.2044925689697266,,0.0,10166,Reasoning bodies exclude closing-think; answer count includes terminal EOS. No pretence these bodies count inserted bridges.
atcoder/abc348_e,H50,0,50,4095,5debcf65c329cd1358f5842763402153635a09faf41776508362ca92669d82db,4122110600220001566,780595773481571279,e58e42cd2ef2f37ba48d6196c74833374928ad7d56e17be95133d49def79cecf,273337007862fba6735353c7acac64dc122e597bfd85ef651497ee689ef7da00,True,False,pass,8190,664.4365272920113,4679,6.201686625019647,4544,249.51806054194458,919,52.97176058287732,3790,0.05757012509275228,0.007396416971459985,0.000446291989646852,973.1934478759067,False,False,False,True,0.0,2.3043320178985596,,0.0,9558,Reasoning bodies exclude closing-think; answer count includes terminal EOS. No pretence these bodies count inserted bridges.
atcoder/abc348_e,H50,1,50,4095,5debcf65c329cd1358f5842763402153635a09faf41776508362ca92669d82db,4122110600220001566,1754222868142879343,8e2157c1be0d8b8332e7471a4b776b7e971fc29e111fa2358ce9cb279b0ca7e0,d60beeba480663da0b819816a61810561b852c299af3265ca988151a6844b2b9,True,False,pass,8190,664.4365272920113,4679,6.201686625019647,4544,249.51806054194458,954,55.09521558403503,3736,0.060255666030570865,0.028540667030029,0.000446291989646852,975.3407326680608,False,False,False,True,0.0,2.2965211868286133,,0.0,9593,Reasoning bodies exclude closing-think; answer count includes terminal EOS. No pretence these bodies count inserted bridges.
atcoder/abc348_e,H50,2,50,4095,5debcf65c329cd1358f5842763402153635a09faf41776508362ca92669d82db,4122110600220001566,2803400384379538270,da5d7fc254876424ddf8ad5b70d76723941a51a431c448066f75abb6c0641325,6aeaf2cd40630bb2cfe4d8ace6b9fb893c7add599faee1339e99e7312f20b519,True,False,pass,8190,664.4365272920113,4679,6.201686625019647,4544,249.51806054194458,892,51.553987417020835,3593,0.05954225000459701,0.012329041957855225,0.000446291989646852,971.7825794599485,False,False,False,True,0.0,2.2686398029327393,,0.0,9531,Reasoning bodies exclude closing-think; answer count includes terminal EOS. No pretence these bodies count inserted bridges.
atcoder/abc348_e,H75,0,75,6142,5debcf65c329cd1358f5842763402153635a09faf41776508362ca92669d82db,4122110600220001566,780595773481571279,50f3df346e1ceaf69e73257f89677feb444624a07e3333ef214b8759d3a8d1d9,37275edcaf53a837aa5bb4772e46ea1b479eea7cbbaa9a3620eead1ccc39fe89,True,False,pass,8190,1009.7821287919651,6726,9.290303999907337,3239,182.35101162502542,962,56.33208362502046,3816,0.05672729108482599,0.0076126669300720096,0.0006462910678237677,1257.820514291001,False,False,False,True,0.0,2.2733912467956543,,0.0,10343,Reasoning bodies exclude closing-think; answer count includes terminal EOS. No pretence these bodies count inserted bridges.
atcoder/abc348_e,H75,1,75,6142,5debcf65c329cd1358f5842763402153635a09faf41776508362ca92669d82db,4122110600220001566,1754222868142879343,08cb42aa443facaab4a330757fb7ce5bd9ae1a11377dfe9903d89b2e3107e483,cd24d4bb0b830b8aa1a09a4704c324c0146a9f5788ce47cc7e2135432f722de4,True,False,pass,8190,1009.7821287919651,6726,9.290303999907337,3239,182.35101162502542,883,51.560108999023214,3686,0.06065104203298688,0.011821874999441206,0.0006462910678237677,1253.0566726240213,False,False,False,True,0.0,2.270690441131592,,0.0,10264,Reasoning bodies exclude closing-think; answer count includes terminal EOS. No pretence these bodies count inserted bridges.
atcoder/abc348_e,H75,2,75,6142,5debcf65c329cd1358f5842763402153635a09faf41776508362ca92669d82db,4122110600220001566,2803400384379538270,0ba567d8ddcbf58252f7efe6a06e486328ca951f25b018f41daaa84cd33965fd,6973a73773f53ebd437b81f2883c79cd046e5f7c0448c7cf63595057b8711fd1,True,False,pass,8190,1009.7821287919651,6726,9.290303999907337,3239,182.35101162502542,959,56.07644587603863,3710,0.060952291009016335,0.011652832967229187,0.0006462910678237677,1257.5731417079805,False,False,False,True,0.0,2.2800371646881104,,0.0,10340,Reasoning bodies exclude closing-think; answer count includes terminal EOS. No pretence these bodies count inserted bridges.
atcoder/abc348_e,FULL_TEXT,0,100,8190,5debcf65c329cd1358f5842763402153635a09faf41776508362ca92669d82db,,780595773481571279,eb35ba2a4863cb019cb07171601b7cc2163c44a1f81e44a14a3dfafe799cd70d,f361a1b6f1c3d06e9adeefc5b224dbc27cade010c838017694a65f8a932d4cab,True,False,pass,8190,1366.4407457499765,8774,12.680427749990486,0,0.0,916,52.31199595797807,3790,0.05701495904941112,0.0072992920177057385,0.0007033329457044601,1431.4981870419579,False,False,False,True,0.0,2.2700533866882324,,0.0,9106,Reasoning bodies exclude closing-think; answer count includes terminal EOS. No pretence these bodies count inserted bridges.
atcoder/abc348_e,FULL_TEXT,1,100,8190,5debcf65c329cd1358f5842763402153635a09faf41776508362ca92669d82db,,1754222868142879343,1d575c2101435e14dd611a11b701484d700132d6fb54f93dbcefa5be2c805288,9cbe202efd56b7dff7b43adebf624ceb9f675d68e716c8ae3108816b51f6e2f6,True,False,pass,8190,1366.4407457499765,8774,12.680427749990486,0,0.0,965,55.12757633405272,3753,0.059203124954365194,0.009696541004814208,0.0007033329457044601,1434.3183528329246,False,False,False,True,0.0,2.288562774658203,,0.0,9155,Reasoning bodies exclude closing-think; answer count includes terminal EOS. No pretence these bodies count inserted bridges.
atcoder/abc348_e,FULL_TEXT,2,100,8190,5debcf65c329cd1358f5842763402153635a09faf41776508362ca92669d82db,,2803400384379538270,18b8fc364932a09823f463aefb5a04b591ab77911f3cbea30408b20e11c7b249,451c3d3d8156a83b603acf0224e693eaea204cae75efa4773cd5a152e9d3ec5d,True,False,pass,8190,1366.4407457499765,8774,12.680427749990486,0,0.0,905,51.69633208308369,3734,0.0586468749679625,0.009466542047448456,0.0007033329457044601,1430.8863223330118,False,False,False,True,0.0,2.2858903408050537,,0.0,9095,Reasoning bodies exclude closing-think; answer count includes terminal EOS. No pretence these bodies count inserted bridges.
atcoder/abc348_e,LARGE_ONLY,0,,8190,5debcf65c329cd1358f5842763402153635a09faf41776508362ca92669d82db,,2216517474306158056,d3061a8e402b7595348781da6c25c9ba072ba0e4f8dc8c3249203ed8e6c8d6b8,35a06ac5613dec111859c92bb2a969ac5674d2ad5f65cfc5e4004920fd4aee3f,True,False,pass,8190,1366.4407457499765,0,0,0,0,1012,178.82443587604212,3982,0.17608645802829415,0.022653708001598716,0,1545.4639217920485,False,False,False,True,0.0,2.232635736465454,,0.0,9202,Reasoning bodies exclude closing-think; answer count includes terminal EOS. No pretence these bodies count inserted bridges.
atcoder/abc348_e,LARGE_ONLY,1,,8190,5debcf65c329cd1358f5842763402153635a09faf41776508362ca92669d82db,,2387129298753337177,cdcc328ad578319200c6e70debe155f0cc5d9e667108f17382f45ccb8355ceb1,90bc567c648e1f5126bba4cc34e692ae476ce4dbda6ef0c90e3e6859092d229a,True,False,pass,8190,1366.4407457499765,0,0,0,0,966,170.19177124998532,3674,0.17877808399498463,0.057398625009227544,0,1536.868693708966,False,False,False,True,0.0,2.3152828216552734,,0.0,9156,Reasoning bodies exclude closing-think; answer count includes terminal EOS. No pretence these bodies count inserted bridges.
atcoder/abc348_e,LARGE_ONLY,2,,8190,5debcf65c329cd1358f5842763402153635a09faf41776508362ca92669d82db,,9059185831109251830,32bd4b9773b9a3475ce95ae64abe91caa99bc8725d8f01a438910d56111ea923,78a2d4c512dae8de414d34c5045328280aab4b8eed6a9e501f6f5a28a0b20472,True,False,pass,8190,1366.4407457499765,0,0,0,0,1017,179.18176337506156,4001,0.17713566700695083,0.035308999998960644,0,1545.834953792044,False,False,False,True,0.0,2.3305418491363525,,0.0,9207,Reasoning bodies exclude closing-think; answer count includes terminal EOS. No pretence these bodies count inserted bridges.
atcoder/abc351_f,SMALL_ONLY,0,0,0,eabaebc0001e6cf005626a458ba155885313aa4362902ae9ba5051ee305078cb,5479359733246435017,1285966394194654644,3bc3b690e02e0a83af7639bd3340a2d48b0038e34ee5b6b1ca0e68bdedc4d144,73ac1070ac8f38ed83b9ab577e74759d497c2c870348c552c527b2d14b171f3c,True,False,pass,10634,0.0,403,0.5177397090010345,12611,689.7403212500503,802,50.17741504195146,3547,0.062385041965171695,0.013556875055655837,0.0001752499956637621,740.5115931680193,False,False,False,True,0.0,8.118393659591675,,0.0,13413,Reasoning bodies exclude closing-think; answer count includes terminal EOS. No pretence these bodies count inserted bridges.
atcoder/abc351_f,SMALL_ONLY,1,0,0,eabaebc0001e6cf005626a458ba155885313aa4362902ae9ba5051ee305078cb,5479359733246435017,5373095910653356209,464d916ca9e87c80568b05683294b88fafe6d5103ee75cbc83e48fde70b46d14,3fdc5bfb57a06a215fc8e6be4b761ca4e59864efc78739cd80a6b8fb9efc2d2e,True,False,pass,10634,0.0,403,0.5177397090010345,12611,689.7403212500503,710,43.974270166945644,3139,0.06614775001071393,0.052551958011463284,0.0001752499956637621,734.3512060840148,False,False,False,True,0.0,8.110883474349976,,0.0,13321,Reasoning bodies exclude closing-think; answer count includes terminal EOS. No pretence these bodies count inserted bridges.
atcoder/abc351_f,SMALL_ONLY,2,0,0,eabaebc0001e6cf005626a458ba155885313aa4362902ae9ba5051ee305078cb,5479359733246435017,244389656263940203,d80f9d8ff31b6b96048148e3078ff8ac5429af6293c9399345a95736d23adf47,f420cce556e4a0c93a1aead2d58b8fbcf4d2d40fa1127ed5a69a68b7e88e7ea8,True,False,pass,10634,0.0,403,0.5177397090010345,12611,689.7403212500503,769,47.655372249893844,3447,0.06350249995011836,0.04538275010418147,0.0001752499956637621,738.0224937089952,False,False,False,True,0.0,8.100120782852173,,0.0,13380,Reasoning bodies exclude closing-think; answer count includes terminal EOS. No pretence these bodies count inserted bridges.
atcoder/abc351_f,H10,0,10,1063,eabaebc0001e6cf005626a458ba155885313aa4362902ae9ba5051ee305078cb,5479359733246435017,1285966394194654644,6087ec7f9040467d829b87b696ec90f02ed5559cfd609479d85f331a724f5499,cc2945594a0ad19f429255b8e6b3c8cae28c182b77be0b3aaa65f0bbc80a910c,True,False,pass,10634,169.02916783397086,1466,1.7942266670288518,14046,797.9571199580096,814,53.74292412493378,3613,0.06522087496705353,0.02688070898875594,0.0002549999626353383,1022.6157951678615,False,False,False,True,0.0,8.172580480575562,,0.0,15923,Reasoning bodies exclude closing-think; answer count includes terminal EOS. No pretence these bodies count inserted bridges.
atcoder/abc351_f,H10,1,10,1063,eabaebc0001e6cf005626a458ba155885313aa4362902ae9ba5051ee305078cb,5479359733246435017,5373095910653356209,7b10467f0f76b8d390ccc5d15d17b40f9631f7dadf76f3f21a0274bf47309984,b8d19ab42adb91c021934a9cc83d8ef9f818414bbd0d595bf21338575a005423,True,False,pass,10634,169.02916783397086,1466,1.7942266670288518,14046,797.9571199580096,849,55.72820374905132,3729,0.06820570898707956,0.055130291962996125,0.0002549999626353383,1024.6323092089733,False,False,False,True,0.0,8.106326341629028,,0.0,15958,Reasoning bodies exclude closing-think; answer count includes terminal EOS. No pretence these bodies count inserted bridges.
atcoder/abc351_f,H10,2,10,1063,eabaebc0001e6cf005626a458ba155885313aa4362902ae9ba5051ee305078cb,5479359733246435017,244389656263940203,47450894348155c256707497fd52607fb5d280e9d33f6ff8930aaab0be1a381a,367788b0de02c1f2d5345242f7197e189857a0db02c32d8660cdc5c93a1de5e7,True,False,pass,10634,169.02916783397086,1466,1.7942266670288518,14046,797.9571199580096,740,48.56937291705981,3273,0.06690445798449218,0.0546495410380885,0.0002549999626353383,1017.4716963750543,False,False,False,True,0.0,8.124865770339966,,0.0,15849,Reasoning bodies exclude closing-think; answer count includes terminal EOS. No pretence these bodies count inserted bridges.
atcoder/abc351_f,H25,0,25,2658,eabaebc0001e6cf005626a458ba155885313aa4362902ae9ba5051ee305078cb,5479359733246435017,1285966394194654644,6d866ce9ee7e5d0de93dfbb27afe06fde85803f471fbb940ecec00d218661d2e,9c92675c26bb7a101953e1bb7c3839d0efe0a209b8d06ae1b15ebd50ff154149,True,False,pass,10634,425.51601933396887,3061,3.859926584060304,8962,498.3247617499437,792,48.36608495900873,3417,0.060013792011886835,0.016635207924991846,0.00042766600381582975,976.1438692929223,False,False,False,True,0.0,8.056122541427612,,0.0,12412,Reasoning bodies exclude closing-think; answer count includes terminal EOS. No pretence these bodies count inserted bridges.
atcoder/abc351_f,H25,1,25,2658,eabaebc0001e6cf005626a458ba155885313aa4362902ae9ba5051ee305078cb,5479359733246435017,5373095910653356209,b9ee90f42a49934401569add2290756c4cdd5a945d64d30e6746c3ee45e56074,eca28b4ff81b411c2bf84f05ab3c90cd81b7f419e1399607ad32943b898feb80,True,False,pass,10634,425.51601933396887,3061,3.859926584060304,8962,498.3247617499437,753,45.74444708193187,3295,0.06271462503354996,0.0458814159501344,0.00042766600381582975,973.5541784568923,False,False,False,True,0.0,8.058976888656616,,0.0,12373,Reasoning bodies exclude closing-think; answer count includes terminal EOS. No pretence these bodies count inserted bridges.
atcoder/abc351_f,H25,2,25,2658,eabaebc0001e6cf005626a458ba155885313aa4362902ae9ba5051ee305078cb,5479359733246435017,244389656263940203,7002374d9f6f9fb5a95a0bb726768ad2d8df4b42dcbb0bffd667b6af363bc6d3,bf7c7dae8c63abb74c7b8cb48381371196afcee196c7ddefaa0cca0736cae3c5,True,False,pass,10634,425.51601933396887,3061,3.859926584060304,8962,498.3247617499437,760,46.12440241698641,3251,0.06283829198218882,0.043723916984163225,0.00042766600381582975,973.9320999599295,False,False,False,True,0.0,8.012302160263062,,0.0,12380,Reasoning bodies exclude closing-think; answer count includes terminal EOS. No pretence these bodies count inserted bridges.
atcoder/abc351_f,H50,0,50,5317,eabaebc0001e6cf005626a458ba155885313aa4362902ae9ba5051ee305078cb,5479359733246435017,1285966394194654644,ebbcbdfc9e5ad67c354804c210d9d5e0170305c846fb5756462e2b0336cbae6c,1c1620247363aa45a340223dad786326b36483b33b6da9941ec6e939142986e6,True,False,pass,10634,866.8905428340076,5720,7.7275296250591055,3665,203.2780005830573,712,41.082282999996096,3171,0.05770024994853884,0.008903915993869305,0.0005349579732865095,1119.0454951660358,False,False,False,True,0.0,8.050364017486572,,0.0,9694,Reasoning bodies exclude closing-think; answer count includes terminal EOS. No pretence these bodies count inserted bridges.
atcoder/abc351_f,H50,1,50,5317,eabaebc0001e6cf005626a458ba155885313aa4362902ae9ba5051ee305078cb,5479359733246435017,5373095910653356209,462a236d9dba40ba72aac52f2b02607288b2520d51da289751b0705bd4ca30de,54de2f784859abb3eac03615f47f5fcc9af273997cee5ecebf4c58b878067c7c,True,False,pass,10634,866.8905428340076,5720,7.7275296250591055,3665,203.2780005830573,739,42.64170770905912,3250,0.05949695804156363,0.025472374982200563,0.0005349579732865095,1120.6232850421802,False,False,False,True,0.0,7.97490668296814,,0.0,9721,Reasoning bodies exclude closing-think; answer count includes terminal EOS. No pretence these bodies count inserted bridges.
atcoder/abc351_f,H50,2,50,5317,eabaebc0001e6cf005626a458ba155885313aa4362902ae9ba5051ee305078cb,5479359733246435017,244389656263940203,cc5259121af6d308141923dd46aff2097ef224bc76fbe201d5cde298e9f2ca66,2460c8dbccc2678fd6c82381134490826e6e6c800a1ab0ffe1cd35e14236f493,True,False,pass,10634,866.8905428340076,5720,7.7275296250591055,3665,203.2780005830573,730,42.13705379201565,3139,0.05951129202730954,0.009934250032529235,0.0005349579732865095,1120.1031073341728,False,False,False,True,0.0,8.044158697128296,,0.0,9712,Reasoning bodies exclude closing-think; answer count includes terminal EOS. No pretence these bodies count inserted bridges.
atcoder/abc351_f,H75,0,75,7975,eabaebc0001e6cf005626a458ba155885313aa4362902ae9ba5051ee305078cb,5479359733246435017,1285966394194654644,252600aaac0e9844be94c2fe7ac9b266a99cf085aa83b0a99b9c15aa9b3afd1f,321e4d018f02173a1b8f6142226e0cf0e8520a259908d1b3e2c1f757d6ee12ac,True,False,pass,10634,1325.1515956249787,8378,11.948228207998909,1612,92.23712325002998,772,45.073205917025916,3338,0.05765641701873392,0.007643125019967556,0.0007192079210653901,1474.4761717499932,False,False,False,True,0.0,8.060234308242798,,0.0,10359,Reasoning bodies exclude closing-think; answer count includes terminal EOS. No pretence these bodies count inserted bridges.
atcoder/abc351_f,H75,1,75,7975,eabaebc0001e6cf005626a458ba155885313aa4362902ae9ba5051ee305078cb,5479359733246435017,5373095910653356209,04718dc0f549ac10139e6959cae43867a59bd0e9c2f5a5edc9c86247ccbdf75f,a9226486ead9ac012f68dd39a730f0acf9c5df1175c307a77fa8cde2f25fd30b,True,False,pass,10634,1325.1515956249787,8378,11.948228207998909,1612,92.23712325002998,692,40.354199209134094,2903,0.058868916938081384,0.01287862507160753,0.0007192079210653901,1469.7636130420724,False,False,False,True,0.0,8.0071382522583,,0.0,10279,Reasoning bodies exclude closing-think; answer count includes terminal EOS. No pretence these bodies count inserted bridges.
atcoder/abc351_f,H75,2,75,7975,eabaebc0001e6cf005626a458ba155885313aa4362902ae9ba5051ee305078cb,5479359733246435017,244389656263940203,b009c2f809a1b4a4fafbd33dbb6fd3cef4b35ebcd3cdfaad5ec269c4e7762fc3,51bbf60de963206719457e1113435e5e7f926d1f04ffc8b83bdd7ae533594097,True,False,pass,10634,1325.1515956249787,8378,11.948228207998909,1612,92.23712325002998,707,41.25573162396904,3030,0.05939133302308619,0.010021916939876974,0.0007192079210653901,1470.6628111648606,False,False,False,True,0.0,8.000714540481567,,0.0,10294,Reasoning bodies exclude closing-think; answer count includes terminal EOS. No pretence these bodies count inserted bridges.
atcoder/abc351_f,FULL_TEXT,0,100,10634,eabaebc0001e6cf005626a458ba155885313aa4362902ae9ba5051ee305078cb,,1285966394194654644,aed4b57742e690e792a8c6639b73a3df9529a9cdd5e0f4bdf8ca5752c90bce22,6165418cb04a15a6cc9c07a790116aa3d81f31475e8031c002897d36645014d6,True,False,pass,10634,1798.5865685419994,11037,16.619622624944896,0,0.0,693,41.25312666594982,2954,0.06064754200633615,0.008572750026360154,0.000836124992929399,1856.5293742499198,False,False,False,True,0.0,8.025461912155151,,0.0,11327,Reasoning bodies exclude closing-think; answer count includes terminal EOS. No pretence these bodies count inserted bridges.
atcoder/abc351_f,FULL_TEXT,1,100,10634,eabaebc0001e6cf005626a458ba155885313aa4362902ae9ba5051ee305078cb,,5373095910653356209,5d3aecad2202b2e860f608255fbb9d4bf4b44e8dcb718fed1df458f7d8b27f76,141787d67a8766d42658ab611bd320fe6e4dfe3356c195249412f88658e33c3c,True,False,pass,10634,1798.5865685419994,11037,16.619622624944896,0,0.0,736,43.87808358296752,3100,0.0617875000461936,0.058408915996551514,0.000836124992929399,1859.2053072909475,False,False,False,True,0.0,8.062439441680908,,0.0,11370,Reasoning bodies exclude closing-think; answer count includes terminal EOS. No pretence these bodies count inserted bridges.
atcoder/abc351_f,FULL_TEXT,2,100,10634,eabaebc0001e6cf005626a458ba155885313aa4362902ae9ba5051ee305078cb,,244389656263940203,009db3f3d99c6f73582a2aab18ef5bd9ce35c7edd5bb5e0f1ec0b46432a14b2e,e2f801c65d8846e8d50b326e51b1662bbc84dfab3cbf89fc7b46f990934a3c02,True,False,pass,10634,1798.5865685419994,11037,16.619622624944896,0,0.0,727,43.264880375005305,3066,0.06138537498190999,0.05736920807976276,0.000836124992929399,1858.5906622500042,False,False,False,True,0.0,7.996496200561523,,0.0,11361,Reasoning bodies exclude closing-think; answer count includes terminal EOS. No pretence these bodies count inserted bridges.
atcoder/abc351_f,LARGE_ONLY,0,,10634,eabaebc0001e6cf005626a458ba155885313aa4362902ae9ba5051ee305078cb,,2435570925674820797,a5c35c71e270a7baf3dcccdfeb562775c23c4da4c646891e9c869a8fec110aeb,edc27784947c599788a8d3eae27d372ee7399c7a78475c0dd1d87c633222b272,True,False,pass,10634,1798.5865685419994,0,0,0,0,729,132.41963362402748,3185,0.1802331249928102,0.01412141602486372,0,1931.2005567070446,False,False,False,True,0.0,8.019690036773682,,0.0,11363,Reasoning bodies exclude closing-think; answer count includes terminal EOS. No pretence these bodies count inserted bridges.
atcoder/abc351_f,LARGE_ONLY,1,,10634,eabaebc0001e6cf005626a458ba155885313aa4362902ae9ba5051ee305078cb,,8157999352515660557,6b3b1d7525f556d0e32034169557eb11e03e1ddf9d5364f07ea492172ba8d7f2,4367928a209c69e0acf2cfc7f9e9bc7e7ab7d0694df313454249ebd1917b00fb,True,False,pass,10634,1798.5865685419994,0,0,0,0,697,126.5354771669954,2959,0.1834532089997083,0.029526708007324487,0,1925.3350256260019,False,False,False,True,0.0,8.041163682937622,,0.0,11331,Reasoning bodies exclude closing-think; answer count includes terminal EOS. No pretence these bodies count inserted bridges.
atcoder/abc351_f,LARGE_ONLY,2,,10634,eabaebc0001e6cf005626a458ba155885313aa4362902ae9ba5051ee305078cb,,6385115106554868013,5d4a868c23cab979f8e971a42649a3914a53537933420597ad75d190bf011ff8,9bc3da63e251fdb83503968c52aea0f17ceabfeab0e55a08f1e182b80fe79663,True,False,pass,10634,1798.5865685419994,0,0,0,0,732,132.91833141603274,3121,0.18357704201480374,0.04164741700515151,0,1931.7301244170521,False,False,False,True,0.0,8.22635817527771,,0.0,11366,Reasoning bodies exclude closing-think; answer count includes terminal EOS. No pretence these bodies count inserted bridges.
atcoder/abc362_d,SMALL_ONLY,0,0,0,6811eb300c8b03940a75f9c64dd77f9aa6af86e14cd6da2caf17de11f6dd5d05,2499555914223495992,3159663418541710002,bd166d563707841ad23c7462c53badb584a37b9650365e945c63ef5834eff29e,7fb85fcb22045697a9a76081a3c7bf564fcab946980fc69084ff936cf2667681,True,False,pass,7275,0.0,916,1.153873834060505,5076,259.55617866595276,708,38.283253749948926,3071,0.05374645802658051,0.007081290939822793,0.00018416706006973982,299.05431816598866,False,False,False,True,0.0,6.705142498016357,,0.0,5784,Reasoning bodies exclude closing-think; answer count includes terminal EOS. No pretence these bodies count inserted bridges.
atcoder/abc362_d,SMALL_ONLY,1,0,0,6811eb300c8b03940a75f9c64dd77f9aa6af86e14cd6da2caf17de11f6dd5d05,2499555914223495992,6228263629696998274,68b47c83b55e9ed28e63e39b4131010faa0e2c4fd178bdd2a2ef826f3d447d23,02a4d48b4d844d20ab621de4a3fd134b0afadfbbd59be652b886eb19897fb1a2,True,False,pass,7275,0.0,916,1.153873834060505,5076,259.55617866595276,719,38.94288379198406,3112,0.05685475002974272,0.006183959078043699,0.00018416706006973982,299.7161591681652,False,False,False,True,0.0,6.934312343597412,,0.0,5795,Reasoning bodies exclude closing-think; answer count includes terminal EOS. No pretence these bodies count inserted bridges.
atcoder/abc362_d,SMALL_ONLY,2,0,0,6811eb300c8b03940a75f9c64dd77f9aa6af86e14cd6da2caf17de11f6dd5d05,2499555914223495992,4219033835737610555,05f26b939f799ef8c75d6758742b45ea6b9dd34e26441d9db53a14eec7fe477d,6ea07bd6e908671d90dab12372d24c01741f37802d08b82047d9236933e50e26,True,False,pass,7275,0.0,916,1.153873834060505,5076,259.55617866595276,715,38.658411626005545,3072,0.057371667004190385,0.005627125035971403,0.00018416706006973982,299.43164708511904,False,False,False,True,0.0,7.005356550216675,,0.0,5791,Reasoning bodies exclude closing-think; answer count includes terminal EOS. No pretence these bodies count inserted bridges.
atcoder/abc362_d,H10,0,10,727,6811eb300c8b03940a75f9c64dd77f9aa6af86e14cd6da2caf17de11f6dd5d05,2499555914223495992,3159663418541710002,732e07d8b57dae2d375b61ab8715d9415ea32c817a474942b40970c76df13102,e0573a65d190ee2be12767288ef115d3d8c8af03564c79bfcd7a83f69ec00636,True,False,pass,7275,119.49996783299139,1643,2.0677998330211267,5188,269.339870542055,634,34.80389079207089,2661,0.05450712493620813,0.005642834003083408,0.0002245419891551137,425.77190350106684,False,False,False,True,0.0,6.993776321411133,,0.0,6549,Reasoning bodies exclude closing-think; answer count includes terminal EOS. No pretence these bodies count inserted bridges.
atcoder/abc362_d,H10,1,10,727,6811eb300c8b03940a75f9c64dd77f9aa6af86e14cd6da2caf17de11f6dd5d05,2499555914223495992,6228263629696998274,10bd6264addd8952cad8ee66d6719413d10975d2c5223892eabb079cfec5eaa6,9f250b35897ef2a9bcd754ac497cbd3e79e5989a95a962eecbca884c554a54fc,True,False,pass,7275,119.49996783299139,1643,2.0677998330211267,5188,269.339870542055,723,39.706272626062855,3097,0.05661941703874618,0.010287625016644597,0.0002245419891551137,430.6810424181749,False,False,False,True,0.0,7.013091325759888,,0.0,6638,Reasoning bodies exclude closing-think; answer count includes terminal EOS. No pretence these bodies count inserted bridges.
atcoder/abc362_d,H10,2,10,727,6811eb300c8b03940a75f9c64dd77f9aa6af86e14cd6da2caf17de11f6dd5d05,2499555914223495992,4219033835737610555,5d2a8523cc307cf10a0af8216f0791019d65992fca57ef9bf81bcd558b975678,1c2a1c4b9fa720798272b147a5e943aaad7c44e2b5c3a1f7a41c4ed2ec7b1453,True,False,pass,7275,119.49996783299139,1643,2.0677998330211267,5188,269.339870542055,757,41.66155350103509,3101,0.05698058393318206,0.010393667034804821,0.0002245419891551137,432.63679050205974,False,False,False,True,0.0,7.028794050216675,,0.0,6672,Reasoning bodies exclude closing-think; answer count includes terminal EOS. No pretence these bodies count inserted bridges.
atcoder/abc362_d,H25,0,25,1818,6811eb300c8b03940a75f9c64dd77f9aa6af86e14cd6da2caf17de11f6dd5d05,2499555914223495992,3159663418541710002,544de52e4cc19859776d6810f7cf4ccbb0f744e090f26f2733b7875b22a03809,085ab25eb79bdc43a8c48b37ebf07c9e68958f22735068eb98f433504368192d,True,False,pass,7275,294.500048041984,2734,3.4625055419746786,4928,261.6885268751066,758,42.42023470904678,3103,0.05588200001511723,0.007989790989086032,0.00028437492437660694,602.1354713340406,False,False,False,True,0.0,7.072389364242554,,0.0,7504,Reasoning bodies exclude closing-think; answer count includes terminal EOS. No pretence these bodies count inserted bridges.
atcoder/abc362_d,H25,1,25,1818,6811eb300c8b03940a75f9c64dd77f9aa6af86e14cd6da2caf17de11f6dd5d05,2499555914223495992,6228263629696998274,0981dcc36cee1089cc59ecdf7efea8bc62ec7548a3c3fa49b55e34414b650c35,e6feafe3169cd518de8a0d2ffeca2e78f238f5d850199819efdf3715597dae6f,True,False,pass,7275,294.500048041984,2734,3.4625055419746786,4928,261.6885268751066,707,39.461124582914636,2942,0.05688583303708583,0.03969325008802116,0.00028437492437660694,599.2090685000294,False,False,False,True,0.0,7.001755952835083,,0.0,7453,Reasoning bodies exclude closing-think; answer count includes terminal EOS. No pretence these bodies count inserted bridges.
atcoder/abc362_d,H25,2,25,1818,6811eb300c8b03940a75f9c64dd77f9aa6af86e14cd6da2caf17de11f6dd5d05,2499555914223495992,4219033835737610555,8f231620604601d22e9b953adf157143aff5b8a0e0d260c77d0b462fe77961f7,356013984cb1637b57d6c7b5417b4b579b9aad07c9f852a90acc1ed178cb470b,True,False,pass,7275,294.500048041984,2734,3.4625055419746786,4928,261.6885268751066,755,42.137509584077634,3034,0.05813108291476965,0.03857512504328042,0.00028437492437660694,601.8855806260253,False,False,False,True,0.0,6.988560438156128,,0.0,7501,Reasoning bodies exclude closing-think; answer count includes terminal EOS. No pretence these bodies count inserted bridges.
atcoder/abc362_d,H50,0,50,3637,6811eb300c8b03940a75f9c64dd77f9aa6af86e14cd6da2caf17de11f6dd5d05,2499555914223495992,3159663418541710002,6cf189e4de7de339439576dbc2a7a395e78af3989d6fb514725269ba99a1b031,3e2a3b5765fcfbbe998eb88819c968d37052ef07fa71879e0db11bc105981afc,True,False,pass,7275,593.1768590830034,4553,5.97930816700682,4353,238.10124891705345,754,43.06889783299994,3098,0.056648458004929125,0.01599079102743417,0.0004135000053793192,880.3993667491013,False,False,False,True,0.0,7.065978288650513,,0.0,8744,Reasoning bodies exclude closing-think; answer count includes terminal EOS. No pretence these bodies count inserted bridges.
atcoder/abc362_d,H50,1,50,3637,6811eb300c8b03940a75f9c64dd77f9aa6af86e14cd6da2caf17de11f6dd5d05,2499555914223495992,6228263629696998274,a4d0196db8194ace0608ca37d2424fa5b079275dd3e68e1c5cbcf39c80697ce2,d75256d45fd1a941a628ba4d61b790c73d61db97656bb0dce3b0fec8bfdb25ac,True,False,pass,7275,593.1768590830034,4553,5.97930816700682,4353,238.10124891705345,714,40.69824912492186,2973,0.05882454104721546,0.027403708081692457,0.0004135000053793192,878.0423070411198,False,False,False,True,0.0,7.035390138626099,,0.0,8704,Reasoning bodies exclude closing-think; answer count includes terminal EOS. No pretence these bodies count inserted bridges.
atcoder/abc362_d,H50,2,50,3637,6811eb300c8b03940a75f9c64dd77f9aa6af86e14cd6da2caf17de11f6dd5d05,2499555914223495992,4219033835737610555,9e76a65b5f5388588748bd2bbf07815fa0c7f35564cd3cd37379377c5967d32c,2aa207795a2b59c31592e929c0232f6a257c92a1080539929e267314bae94d09,True,False,pass,7275,593.1768590830034,4553,5.97930816700682,4353,238.10124891705345,784,44.72504820802715,3179,0.05789112497586757,0.02791541605256498,0.0004135000053793192,882.0686844161246,False,False,False,True,0.0,7.0533447265625,,0.0,8774,Reasoning bodies exclude closing-think; answer count includes terminal EOS. No pretence these bodies count inserted bridges.
atcoder/abc362_d,H75,0,75,5456,6811eb300c8b03940a75f9c64dd77f9aa6af86e14cd6da2caf17de11f6dd5d05,2499555914223495992,3159663418541710002,33a21762a1a5147a8d56dd8121f273ea4f629f67bd2010f90d65a33969d4db49,ff7367e144136ac8f3a67e32b888782ba3983f8cced4099162a02c839fc2dbd2,True,False,pass,7275,900.3235434999806,6372,8.715549208922312,2051,113.50914608302992,749,42.511374457972124,3083,0.056307375081814826,0.025751582928933203,0.0005441249813884497,1065.142216332897,False,False,False,True,0.0,7.10707688331604,,0.0,8256,Reasoning bodies exclude closing-think; answer count includes terminal EOS. No pretence these bodies count inserted bridges.
atcoder/abc362_d,H75,1,75,5456,6811eb300c8b03940a75f9c64dd77f9aa6af86e14cd6da2caf17de11f6dd5d05,2499555914223495992,6228263629696998274,347c32e84d6a859bdc6a0ce47308475e3e810fe9858594b7e73932c03b04ee07,1271d477b00e54653021fbfb2f95be58b25aace355f0a37c058973d362b01b75,True,False,pass,7275,900.3235434999806,6372,8.715549208922312,2051,113.50914608302992,751,42.52399337501265,3047,0.05787449993658811,0.02719287504442036,0.0005441249813884497,1065.1578436669079,False,False,False,True,0.0,7.077174186706543,,0.0,8258,Reasoning bodies exclude closing-think; answer count includes terminal EOS. No pretence these bodies count inserted bridges.
atcoder/abc362_d,H75,2,75,5456,6811eb300c8b03940a75f9c64dd77f9aa6af86e14cd6da2caf17de11f6dd5d05,2499555914223495992,4219033835737610555,dd4cfdb43d0cb95504c37f674327ce5970a22e4c5a099157401ee46a84144bd4,c75009687b2c71e2f9cd8e4907345a7f59e66516eab25c2b6dd9597c7972581a,True,False,pass,7275,900.3235434999806,6372,8.715549208922312,2051,113.50914608302992,764,43.318788125994615,3129,0.05750087497290224,0.027991791954264045,0.0005441249813884497,1065.953063709836,False,False,False,True,0.0,7.141538858413696,,0.0,8271,Reasoning bodies exclude closing-think; answer count includes terminal EOS. No pretence these bodies count inserted bridges.
atcoder/abc362_d,FULL_TEXT,0,100,7275,6811eb300c8b03940a75f9c64dd77f9aa6af86e14cd6da2caf17de11f6dd5d05,,3159663418541710002,818f396230f1039339ce65cca1b00998fddd40f864d14ed8b74793ebfe82f178,0885a3707636ff1d1bc727439d833c89d656a6282c22007b4b60207f286050ed,True,False,pass,7275,1213.8164300830103,8191,11.524177041952498,0,0.0,698,39.3415599160362,2944,0.057094791904091835,0.007050417014397681,0.0006650410359725356,1264.7469772909535,False,False,False,True,0.0,7.053112268447876,,0.0,7973,Reasoning bodies exclude closing-think; answer count includes terminal EOS. No pretence these bodies count inserted bridges.
atcoder/abc362_d,FULL_TEXT,1,100,7275,6811eb300c8b03940a75f9c64dd77f9aa6af86e14cd6da2caf17de11f6dd5d05,,6228263629696998274,5031c6fa8ad303cae46b99652c32cdaefa53e617f0a24f9f415da66a45749ee7,b583540036abddd9d0b88ec1b3aa1e88d66218db11eed6603c526cb917788a9c,True,False,pass,7275,1213.8164300830103,8191,11.524177041952498,0,0.0,765,43.178201749920845,3156,0.05724329105578363,0.007982332957908511,0.0006650410359725356,1268.5846995399334,False,False,False,True,0.0,7.051175594329834,,0.0,8040,Reasoning bodies exclude closing-think; answer count includes terminal EOS. No pretence these bodies count inserted bridges.
atcoder/abc362_d,FULL_TEXT,2,100,7275,6811eb300c8b03940a75f9c64dd77f9aa6af86e14cd6da2caf17de11f6dd5d05,,4219033835737610555,482da387d01f8dacc974b99ebd603e13561d2e5aa6487cb23bbb6bce350128b6,de4fa6cbd5a937816c6dc45af53f2a5de3b0a78df6f6623a8b78549a47eb1773,True,False,pass,7275,1213.8164300830103,8191,11.524177041952498,0,0.0,732,41.28751062403899,3091,0.05800375004764646,0.006972749950364232,0.0006650410359725356,1266.6937592900358,False,False,False,True,0.0,7.110050201416016,,0.0,8007,Reasoning bodies exclude closing-think; answer count includes terminal EOS. No pretence these bodies count inserted bridges.
atcoder/abc362_d,LARGE_ONLY,0,,7275,6811eb300c8b03940a75f9c64dd77f9aa6af86e14cd6da2caf17de11f6dd5d05,,8619443491375448880,5eed01ca274a6e2accae7c820e5abb703d1609a6ed338e8cddf55c0c6f5a9dd5,43854ee8c7198775785a537798483759c01c1cc19cdf634ff71ee9933e35b063,True,False,pass,7275,1213.8164300830103,0,0,0,0,760,132.888509374985,3113,0.17349433299386874,0.015353000024333596,0,1346.8937867910136,False,False,False,True,0.0,7.103784084320068,,0.0,8035,Reasoning bodies exclude closing-think; answer count includes terminal EOS. No pretence these bodies count inserted bridges.
atcoder/abc362_d,LARGE_ONLY,1,,7275,6811eb300c8b03940a75f9c64dd77f9aa6af86e14cd6da2caf17de11f6dd5d05,,3891237834533971114,b72beaaf355ab6cd1ad1ff565d82dba86f478f11a9b81fd894279252f5974be1,3e63e6142786671c4e1e447cb689452e4b6d162b2df113fbdb5de3767c44ccbb,True,False,pass,7275,1213.8164300830103,0,0,0,0,769,135.88502508297097,3082,0.17428924998966977,0.060283292026724666,0,1349.9360277079977,False,False,False,True,0.0,7.053768634796143,,0.0,8044,Reasoning bodies exclude closing-think; answer count includes terminal EOS. No pretence these bodies count inserted bridges.
atcoder/abc362_d,LARGE_ONLY,2,,7275,6811eb300c8b03940a75f9c64dd77f9aa6af86e14cd6da2caf17de11f6dd5d05,,505897960352893619,dc001ed4e68116e4d0f1ad003582158679e8ef65dc6fcd39085d632edc200323,b57adf9bcf340e4a414b03d49a6257326c9970202b970f0f24f5633f5a398d6d,True,False,pass,7275,1213.8164300830103,0,0,0,0,760,133.10749250097433,3079,0.17647291597677395,0.05040891602402553,0,1347.1508044159855,False,False,False,True,0.0,7.014557123184204,,0.0,8035,Reasoning bodies exclude closing-think; answer count includes terminal EOS. No pretence these bodies count inserted bridges.
leetcode/3478,SMALL_ONLY,0,0,0,de1f7ce947b69fefb83a702ce409dbdc435ee26d30ae6758950f31566972e86d,8914173028594294707,8338661874172830228,abb7bdd14bb28aa958276b3d9afa3eaa7861fdc46c3118ddd1708619c1343546,8055c7b35b8838c837966f97eae2a5d77db60b983daa88089e21b3b8e5f7a7a2,False,False,test_assertion,23230,0.0,471,0.6323616250883788,24576,1537.697646790999,1474,118.2887410420226,6016,0.07896237506065518,0.03882262506522238,0.0003189999843016267,1656.7368534582201,False,True,False,True,0.0,0.032515525817871094,,0.0,26050,Reasoning bodies exclude closing-think; answer count includes terminal EOS. No pretence these bodies count inserted bridges.
leetcode/3478,SMALL_ONLY,1,0,0,de1f7ce947b69fefb83a702ce409dbdc435ee26d30ae6758950f31566972e86d,8914173028594294707,6881698049344472948,4f0d43bac2f4b6009b4d944708059ed03bbbb55d19c79b5422a4fdf45ce0705c,cf6fd322ff4088ff42a06c3ab6673acc7c06a163d38adc9cc36093ccbb5ed3db,False,False,test_assertion,23230,0.0,471,0.6323616250883788,24576,1537.697646790999,1033,82.39453445910476,4714,0.08111712499521673,0.10688808397389948,0.0003189999843016267,1620.9128670841455,False,True,False,True,0.0,0.09730315208435059,,0.0,25609,Reasoning bodies exclude closing-think; answer count includes terminal EOS. No pretence these bodies count inserted bridges.
leetcode/3478,SMALL_ONLY,2,0,0,de1f7ce947b69fefb83a702ce409dbdc435ee26d30ae6758950f31566972e86d,8914173028594294707,366024488245984016,06291ef66b2ce2a45e632a03de8b3a7daf2279f91237ff91b88c21a5bc6c81c8,23161b0272d8cb7ad120d7083a765af82cb5f604084cd84700f96016da8c0793,False,False,test_assertion,23230,0.0,471,0.6323616250883788,24576,1537.697646790999,1152,91.97336812491994,4963,0.08168179192580283,0.07188787497580051,0.0003189999843016267,1630.4572652078932,False,True,False,True,0.0,0.03229379653930664,,0.0,25728,Reasoning bodies exclude closing-think; answer count includes terminal EOS. No pretence these bodies count inserted bridges.
leetcode/3478,H10,0,10,2323,de1f7ce947b69fefb83a702ce409dbdc435ee26d30ae6758950f31566972e86d,8914173028594294707,8338661874172830228,9c3039df78514da6431f6f9e56068b9a88c0c415b46ca3cd9ce35ccbb566ef2e,34d9e0975d6cca381ae59d5ca9d572f3d7bf673b9428ba851054e50f116ab7bb,False,False,test_assertion,23230,372.43822004203685,2794,3.5289752499666065,16127,962.4969437499531,1163,82.71816920710262,4747,0.07014433294534683,0.02668566699139774,0.0004452080465853214,1421.2795834570425,False,False,False,True,0.0,0.09982442855834961,,0.0,19613,Reasoning bodies exclude closing-think; answer count includes terminal EOS. No pretence these bodies count inserted bridges.
leetcode/3478,H10,1,10,2323,de1f7ce947b69fefb83a702ce409dbdc435ee26d30ae6758950f31566972e86d,8914173028594294707,6881698049344472948,1bb6d25276ce34718f29dd476826fe17a491a55f4292fdb1ca94f7a75cf3e2ff,0eb5f30a2f30d7e648b5d5e658d9d6ebd593761390a59209bfbcb84cdbc11fe1,False,False,test_assertion,23230,372.43822004203685,2794,3.5289752499666065,16127,962.4969437499531,1145,80.92916762409732,4592,0.07157970790285617,0.07594866608269513,0.0004452080465853214,1419.541280248086,False,False,False,True,0.0,0.09877848625183105,,0.0,19595,Reasoning bodies exclude closing-think; answer count includes terminal EOS. No pretence these bodies count inserted bridges.
leetcode/3478,H10,2,10,2323,de1f7ce947b69fefb83a702ce409dbdc435ee26d30ae6758950f31566972e86d,8914173028594294707,366024488245984016,3713f0f425cba4c5a981a76febeceb9afaf5a0b4530a532f9c0ff7d4ca981c7d,e61865c3bd720d5c2872435a84549ebfc422feb05315c42e9bd49c8c44a3824c,False,False,test_assertion,23230,372.43822004203685,2794,3.5289752499666065,16127,962.4969437499531,1148,81.11650387593545,4650,0.07169066707137972,0.08538262499496341,0.0004452080465853214,1419.738161418005,False,False,False,True,0.0,0.09433603286743164,,0.0,19598,Reasoning bodies exclude closing-think; answer count includes terminal EOS. No pretence these bodies count inserted bridges.
leetcode/3478,H25,0,25,5807,de1f7ce947b69fefb83a702ce409dbdc435ee26d30ae6758950f31566972e86d,8914173028594294707,8338661874172830228,2e4a6d85797fc347292fb91c669fe88036714d71db94a9f1912e1f0157e86454,25630ba46347e9fb6b7371a2ced3aff72c8839fe199556104137550934712fd8,False,False,test_assertion,23230,954.9854376669973,6278,8.5857597499853,9255,550.4019979159348,1014,67.35907833394594,4337,0.0659295420628041,0.01907258399296552,0.0007387499790638685,1581.4180145428982,False,False,False,True,0.0,0.03803682327270508,,0.0,16076,Reasoning bodies exclude closing-think; answer count includes terminal EOS. No pretence these bodies count inserted bridges.
leetcode/3478,H25,1,25,5807,de1f7ce947b69fefb83a702ce409dbdc435ee26d30ae6758950f31566972e86d,8914173028594294707,6881698049344472948,0e739e2903b22fd40e71597a51c8f23fc8a92064bcda551da4bcd547ffcbd5f7,92c32d5a8b88d9f81aa19005774f9152d423b4843119aca8d3ce55c039332057,False,False,test_assertion,23230,954.9854376669973,6278,8.5857597499853,9255,550.4019979159348,1001,65.8527268760372,4170,0.06705549999605864,0.05390637496020645,0.0007387499790638685,1579.94762283389,False,False,False,True,0.0,0.03335213661193848,,0.0,16063,Reasoning bodies exclude closing-think; answer count includes terminal EOS. No pretence these bodies count inserted bridges.
leetcode/3478,H25,2,25,5807,de1f7ce947b69fefb83a702ce409dbdc435ee26d30ae6758950f31566972e86d,8914173028594294707,366024488245984016,509f5963434edd2131b6d3213ca12ba44ade415d79f8fd6fb8959defdde2f52b,f4dac89973ddfac9b4f65172dfe800650340be61c3f9caad50f6be68b4c4e01e,False,False,test_assertion,23230,954.9854376669973,6278,8.5857597499853,9255,550.4019979159348,1011,66.60087558301166,4407,0.06696420907974243,0.05610279191751033,0.0007387499790638685,1580.6978766669054,False,False,False,True,0.0,0.03217887878417969,,0.0,16073,Reasoning bodies exclude closing-think; answer count includes terminal EOS. No pretence these bodies count inserted bridges.
leetcode/3478,H50,0,50,11615,de1f7ce947b69fefb83a702ce409dbdc435ee26d30ae6758950f31566972e86d,8914173028594294707,8338661874172830228,108b2fea6dcbd8dc3dcddefb6ff109c9f3528634a5cbf1d8d81db3f5e782a017,11fd31beceb533e7d8785cf61a43c8583a9a3b0e4ec5ae462a41c11706e2db8b,False,False,test_assertion,23230,1986.0287280420307,12086,18.553744832985103,9773,660.5220943329623,1384,104.75073858397081,5853,0.07397975004278123,0.014806249993853271,0.0011667090002447367,2769.945258500986,False,False,False,True,0.0,0.0893402099609375,,0.0,22772,Reasoning bodies exclude closing-think; answer count includes terminal EOS. No pretence these bodies count inserted bridges.
leetcode/3478,H50,1,50,11615,de1f7ce947b69fefb83a702ce409dbdc435ee26d30ae6758950f31566972e86d,8914173028594294707,6881698049344472948,9f48cfe5aa6a7815761d39c20273ab602b06d6fe3164b8545cc74f1b0ad3f7e0,240c0f35afa4ecd28fb514a026749afdcdd09dbb4691d0fa1e4d85c249478862,False,False,test_assertion,23230,1986.0287280420307,12086,18.553744832985103,9773,660.5220943329623,1394,104.90429616603069,6068,0.0767425000667572,0.06083574995864183,0.0011667090002447367,2770.1476083330344,False,False,False,True,0.0,0.0946054458618164,,0.0,22782,Reasoning bodies exclude closing-think; answer count includes terminal EOS. No pretence these bodies count inserted bridges.
leetcode/3478,H50,2,50,11615,de1f7ce947b69fefb83a702ce409dbdc435ee26d30ae6758950f31566972e86d,8914173028594294707,366024488245984016,ebc5315b9cf823100cdbc4d3ddbc443367a21fb93e7455a786da12b927594e8d,e1b4604c0bcd3334a45ac28bcbbf84db9b12faa2fd1b7726b290ae16f859b0e9,False,False,test_assertion,23230,1986.0287280420307,12086,18.553744832985103,9773,660.5220943329623,1478,111.35219920799136,6390,0.0761472909944132,0.04888687503989786,0.0011667090002447367,2776.582967291004,False,False,False,True,0.0,0.09606194496154785,,0.0,22866,Reasoning bodies exclude closing-think; answer count includes terminal EOS. No pretence these bodies count inserted bridges.
leetcode/3478,H75,0,75,17422,de1f7ce947b69fefb83a702ce409dbdc435ee26d30ae6758950f31566972e86d,8914173028594294707,8338661874172830228,7e58eeaefd44100e0f9688155a0d302ab09bd70dc5eecd7acbf3bac62dfe4697,6d001ad96f8e6e48e0f6361700278f435073d8fc23db7fbc06df9796053b19bb,False,False,test_assertion,23230,3102.1709476250107,17893,30.677221665973775,1657,115.82537470909301,1572,113.6795726249693,6715,0.07138670899439603,0.013630833011120558,0.0014944589929655194,3362.4396286260453,False,False,False,True,0.0,0.09598708152770996,,0.0,20651,Reasoning bodies exclude closing-think; answer count includes terminal EOS. No pretence these bodies count inserted bridges.
leetcode/3478,H75,1,75,17422,de1f7ce947b69fefb83a702ce409dbdc435ee26d30ae6758950f31566972e86d,8914173028594294707,6881698049344472948,2d2f1bc817ecafc0b9f8cbe131887adaa9b646a3b63806205390b071ebd8a14c,ce8bc94b731f5975d047ff8de9234fa363ea5d049ac1cc3d6600fb4632252f1d,False,False,test_assertion,23230,3102.1709476250107,17893,30.677221665973775,1657,115.82537470909301,1597,114.92710862495005,6794,0.07309679198078811,0.07446004101075232,0.0014944589929655194,3363.749703917012,False,False,False,True,0.0,0.09654498100280762,,0.0,20676,Reasoning bodies exclude closing-think; answer count includes terminal EOS. No pretence these bodies count inserted bridges.
leetcode/3478,H75,2,75,17422,de1f7ce947b69fefb83a702ce409dbdc435ee26d30ae6758950f31566972e86d,8914173028594294707,366024488245984016,fa69566644732f9909e1ca80462b1778e3e976ddd6e94a649475ab172ac0ed6f,e4cf7bf18aa6fba3ecba1c06046a5a5c3b9998a61c654061f27a469f7cfbca9c,False,False,test_assertion,23230,3102.1709476250107,17893,30.677221665973775,1657,115.82537470909301,1632,117.59697833308019,6929,0.07282804208807647,0.05050070793367922,0.0014944589929655194,3366.3953455421724,False,False,False,True,0.0,0.09505200386047363,,0.0,20711,Reasoning bodies exclude closing-think; answer count includes terminal EOS. No pretence these bodies count inserted bridges.
leetcode/3478,FULL_TEXT,0,100,23230,de1f7ce947b69fefb83a702ce409dbdc435ee26d30ae6758950f31566972e86d,,8338661874172830228,ac958a59df4821d8def05dbfc7da1a81a8b8a7fb703f1c1317e1000a16dcbb45,6518f085da30e802cb9dc2cb50401deafa1841265d2ba7fa84fae3ef9dafe6d7,False,False,test_assertion,23230,4309.983810667007,23701,45.21962274995167,0,0.0,1058,82.39406512596179,4284,0.07863100001122802,0.016244541970081627,0.0018707909621298313,4437.694244875864,False,False,False,True,0.0,0.03284025192260742,,0.0,24288,Reasoning bodies exclude closing-think; answer count includes terminal EOS. No pretence these bodies count inserted bridges.
leetcode/3478,FULL_TEXT,1,100,23230,de1f7ce947b69fefb83a702ce409dbdc435ee26d30ae6758950f31566972e86d,,6881698049344472948,1ffa6ef4396cc1e4f972c1228b520ecfcfa2548ea7637721d50422706a6fe5c2,2037a4f2556e630dfa6414d990dd528d94d8c739cf6d1097b880f4e1c52813bb,False,False,test_assertion,23230,4309.983810667007,23701,45.21962274995167,0,0.0,1012,78.6761945419712,4094,0.07922254095319659,0.02516241604462266,0.0018707909621298313,4433.98588370689,False,False,False,True,0.0,0.03291773796081543,,0.0,24242,Reasoning bodies exclude closing-think; answer count includes terminal EOS. No pretence these bodies count inserted bridges.
leetcode/3478,FULL_TEXT,2,100,23230,de1f7ce947b69fefb83a702ce409dbdc435ee26d30ae6758950f31566972e86d,,366024488245984016,6cc297235c2367522216bef61a4630ce9d3e91adb044f80a5b2ffc5730a41674,73bd3731331fb1a1870027baf7c728c362fd4b2fe7bc7647a9319a3e0d29f788,False,False,test_assertion,23230,4309.983810667007,23701,45.21962274995167,0,0.0,1038,80.63304224994499,4201,0.08023354201577604,0.016418374958448112,0.0018707909621298313,4435.93499837484,False,False,False,True,0.0,0.03371930122375488,,0.0,24268,Reasoning bodies exclude closing-think; answer count includes terminal EOS. No pretence these bodies count inserted bridges.
leetcode/3478,LARGE_ONLY,0,,23230,de1f7ce947b69fefb83a702ce409dbdc435ee26d30ae6758950f31566972e86d,,7114255480483198195,22d5c6310de92ffde24284d989337bf0e34c9cef184f55fde9e58be4220b4d03,753556b8423b654ac09b2520bc6edf3583d9cdfbdb9e9f01a981594eec9c4406,False,False,test_assertion,23230,4309.983810667007,0,0,0,0,1033,224.78969258297002,4263,0.21631079202052206,0.0426908329827711,0,4535.03250487498,False,False,False,True,0.0,0.03244638442993164,,0.0,24263,Reasoning bodies exclude closing-think; answer count includes terminal EOS. No pretence these bodies count inserted bridges.
leetcode/3478,LARGE_ONLY,1,,23230,de1f7ce947b69fefb83a702ce409dbdc435ee26d30ae6758950f31566972e86d,,1529013635103980037,d8e97a4049de0e2f90cb33acebcf1ec1af058f708fd36d813605c4183e3b2228,cb2a5a102380a2bb77b39fe9bb2df70c34878077d8a4d3f9f9262af1e65719ec,False,False,test_assertion,23230,4309.983810667007,0,0,0,0,1045,226.95092575001763,4284,0.2171862079994753,0.08955037500709295,0,4537.241473000031,False,False,False,True,0.0,0.032938480377197266,,0.0,24275,Reasoning bodies exclude closing-think; answer count includes terminal EOS. No pretence these bodies count inserted bridges.
leetcode/3478,LARGE_ONLY,2,,23230,de1f7ce947b69fefb83a702ce409dbdc435ee26d30ae6758950f31566972e86d,,5393414129899822663,37ce98ff6a03e63ca7d3e3b92a3700f856af612ba4cd41048b48ffb14da8cb80,19a231cabba5308a883f614c7f40e73885cbaaf387941c4cc2ade72e3b489ff4,False,False,test_assertion,23230,4309.983810667007,0,0,0,0,1032,224.139590915991,4239,0.21611191699048504,0.08991441602120176,0,4534.429427916009,False,False,False,True,0.0,0.03380846977233887,,0.0,24262,Reasoning bodies exclude closing-think; answer count includes terminal EOS. No pretence these bodies count inserted bridges.
atcoder/abc353_e,SMALL_ONLY,0,0,0,ce866e0905a3c213e22e31eaa19f3564d417550e5397efa0bdc7b6438fb70cd7,4457750621728779800,7140211707432760954,3d8e635d35c0c5d45be82f0557f530e1e1ac72b26ab638330318eb2afeb9ce38,35640905027ac307e21e3d55fc5f2d2aea6de2d91ff565e79ac17508f5a51e33,True,False,pass,9236,0.0,380,0.4637103750137612,5855,301.95262016600464,638,34.59331641695462,2803,0.0538440840318799,0.011372625012882054,0.00022004195488989353,337.07508370897267,False,False,False,True,0.0,1.5867009162902832,,0.0,6493,Reasoning bodies exclude closing-think; answer count includes terminal EOS. No pretence these bodies count inserted bridges.
atcoder/abc353_e,SMALL_ONLY,1,0,0,ce866e0905a3c213e22e31eaa19f3564d417550e5397efa0bdc7b6438fb70cd7,4457750621728779800,2448288474063933997,e74acceb3be35b520805d6569bdccb1a98e4dbc78e6af5dde34a5cf85a20be87,650be065c0ff3b11a067164c45e9a07a1e4fc589a4fe69458af8c7d1a5cd9f15,True,False,pass,9236,0.0,380,0.4637103750137612,5855,301.95262016600464,601,32.56480233394541,2781,0.05552366701886058,0.03896541695576161,0.00022004195488989353,335.0758420008933,False,False,False,True,0.0,1.5586295127868652,,0.0,6456,Reasoning bodies exclude closing-think; answer count includes terminal EOS. No pretence these bodies count inserted bridges.
atcoder/abc353_e,SMALL_ONLY,2,0,0,ce866e0905a3c213e22e31eaa19f3564d417550e5397efa0bdc7b6438fb70cd7,4457750621728779800,7525438158104538462,833b3dda1c3cebfde6592a93f2170ae90b1c6a4b65deb2ed113ee34f3bdc931e,ef8cb26f172ca8157dab51f7c241c9d6219ac9c4bc5e27f54833f4cadb43be56,True,False,pass,9236,0.0,380,0.4637103750137612,5855,301.95262016600464,532,28.815178333083168,2415,0.056449459050782025,0.04049941699486226,0.00022004195488989353,331.3286777921021,False,False,False,True,0.0,1.5553193092346191,,0.0,6387,Reasoning bodies exclude closing-think; answer count includes terminal EOS. No pretence these bodies count inserted bridges.
atcoder/abc353_e,H10,0,10,923,ce866e0905a3c213e22e31eaa19f3564d417550e5397efa0bdc7b6438fb70cd7,4457750621728779800,7140211707432760954,8d208d027bb1db249692cf537fd08e14a8b7afbc2c51c94ace9cd542605d1837,4e6d175f88d6071089e582b698348645be5f0fdde2b696d725e9386c8d455e2c,True,False,pass,9236,146.4413656250108,1303,1.6546065419679508,8583,458.3476891249884,618,35.98433033400215,2778,0.05742341699078679,0.00765341694932431,0.00022070796694606543,642.4932891678764,False,False,False,True,0.0,1.7711970806121826,,0.0,10124,Reasoning bodies exclude closing-think; answer count includes terminal EOS. No pretence these bodies count inserted bridges.
atcoder/abc353_e,H10,1,10,923,ce866e0905a3c213e22e31eaa19f3564d417550e5397efa0bdc7b6438fb70cd7,4457750621728779800,2448288474063933997,a38b118a597780fff42ea95731848847dffd7e67b31f4c758c6525d2e651f8d9,bd56e480240db006f21f231585f23be3b33a5db5328af7de1c6ba26c62b4ebc3,True,False,pass,9236,146.4413656250108,1303,1.6546065419679508,8583,458.3476891249884,633,36.73991450003814,2783,0.05989108397625387,0.014179999940097332,0.00022070796694606543,643.2578675838886,False,False,False,True,0.0,1.7861273288726807,,0.0,10139,Reasoning bodies exclude closing-think; answer count includes terminal EOS. No pretence these bodies count inserted bridges.
atcoder/abc353_e,H10,2,10,923,ce866e0905a3c213e22e31eaa19f3564d417550e5397efa0bdc7b6438fb70cd7,4457750621728779800,7525438158104538462,f52cd34bbfb0753d779861536924ea5c8c758333357972a0547c94814163d2e9,22039a75e345ddcf0612ce4d648657732e83b58cf4e48d747d5d2779c90f223f,True,False,pass,9236,146.4413656250108,1303,1.6546065419679508,8583,458.3476891249884,639,37.12906429194845,2842,0.06064949999563396,0.028320207959041,0.00022070796694606543,643.6619159998372,False,False,False,True,0.0,1.7973082065582275,,0.0,10145,Reasoning bodies exclude closing-think; answer count includes terminal EOS. No pretence these bodies count inserted bridges.
atcoder/abc353_e,H25,0,25,2309,ce866e0905a3c213e22e31eaa19f3564d417550e5397efa0bdc7b6438fb70cd7,4457750621728779800,7140211707432760954,27af942a7c6380d4ea508a319586cda4a063f8a180a8c83f232de1e8b3bf34a7,66b09a39af1dacf455c2f6bf6b4ee17501dd988a6ebeede2c4033ac0f5bb6172,False,False,test_assertion,9236,367.9452322910074,2689,3.435796207981184,8948,493.52093141700607,675,40.86693079210818,3208,0.0594930830411613,0.008755999966524541,0.0003093340201303363,905.8374491251307,False,False,False,True,0.0,0.04331040382385254,,0.0,11932,Reasoning bodies exclude closing-think; answer count includes terminal EOS. No pretence these bodies count inserted bridges.
atcoder/abc353_e,H25,1,25,2309,ce866e0905a3c213e22e31eaa19f3564d417550e5397efa0bdc7b6438fb70cd7,4457750621728779800,2448288474063933997,edde9ec5c85dac0b93886811bd07fc71e3ad49aabced070ee91b1097d2b5e881,e4bd8baa39c9ba1f06d7e7f08795040cba13c3a3e92ca251042e280d3d7ddc33,False,False,test_assertion,9236,367.9452322910074,2689,3.435796207981184,8948,493.52093141700607,691,41.7192075420171,3301,0.06354949995875359,0.009417125023901463,0.0003093340201303363,906.6944434170146,False,False,False,True,0.0,0.04264521598815918,,0.0,11948,Reasoning bodies exclude closing-think; answer count includes terminal EOS. No pretence these bodies count inserted bridges.
atcoder/abc353_e,H25,2,25,2309,ce866e0905a3c213e22e31eaa19f3564d417550e5397efa0bdc7b6438fb70cd7,4457750621728779800,7525438158104538462,ded57fdbed78521443ac3ad3858b7c57e162863103517da2c284e04d8f0f7a16,dc31f78502cdff4d63ef18f17d940e3bba0dc9ab9f830003573e3230f90fe9fa,False,False,test_assertion,9236,367.9452322910074,2689,3.435796207981184,8948,493.52093141700607,690,41.618582291994244,3300,0.06328875001054257,0.009551833034493029,0.0003093340201303363,906.5936921250541,False,False,False,True,0.0,0.04307198524475098,,0.0,11947,Reasoning bodies exclude closing-think; answer count includes terminal EOS. No pretence these bodies count inserted bridges.
atcoder/abc353_e,H50,0,50,4618,ce866e0905a3c213e22e31eaa19f3564d417550e5397efa0bdc7b6438fb70cd7,4457750621728779800,7140211707432760954,d75d7054fe03f210bf7a2d9e0b175b777874b1722147b2ed4e03d451d581bd8a,617111c91019b0ee36595adc23966a5dc44a5246aa6ab38b33ee1778193d87f4,True,False,pass,9236,748.2589368750341,4998,6.638014542055316,7269,412.70066216704436,681,41.84000633400865,3083,0.061185749946162105,0.018353375024162233,0.00046849995851516724,1209.5176275430713,False,False,False,True,0.0,1.764641284942627,,0.0,12568,Reasoning bodies exclude closing-think; answer count includes terminal EOS. No pretence these bodies count inserted bridges.
atcoder/abc353_e,H50,1,50,4618,ce866e0905a3c213e22e31eaa19f3564d417550e5397efa0bdc7b6438fb70cd7,4457750621728779800,2448288474063933997,9f0cac6016275e712b0d61f646f4be0e0556fd123665f32957a513d7aff27bdf,9b16321e59ff5cc3b29d4d4bc434fb66226d727476a4a1a57cbc239a01e0ec78,True,False,pass,9236,748.2589368750341,4998,6.638014542055316,7269,412.70066216704436,737,45.000956876087,3374,0.06269404094200581,0.029770332970656455,0.00046849995851516724,1212.691503334092,False,False,False,True,0.0,1.7650821208953857,,0.0,12624,Reasoning bodies exclude closing-think; answer count includes terminal EOS. No pretence these bodies count inserted bridges.
atcoder/abc353_e,H50,2,50,4618,ce866e0905a3c213e22e31eaa19f3564d417550e5397efa0bdc7b6438fb70cd7,4457750621728779800,7525438158104538462,8f9e1e36cd7afb4a4d046eb39baf24b6c0b7105bd88bbb55c04fcf270026fb1d,9ad4facb7fa8ea322823d1cf227863114ab27c2d0259270d04810374b957f460,True,False,pass,9236,748.2589368750341,4998,6.638014542055316,7269,412.70066216704436,659,40.19732087501325,2925,0.06341091706417501,0.028185458038933575,0.00046849995851516724,1207.8869993342087,False,False,False,True,0.0,1.7712504863739014,,0.0,12546,Reasoning bodies exclude closing-think; answer count includes terminal EOS. No pretence these bodies count inserted bridges.
atcoder/abc353_e,H75,0,75,6927,ce866e0905a3c213e22e31eaa19f3564d417550e5397efa0bdc7b6438fb70cd7,4457750621728779800,7140211707432760954,9b4e09f56353474e7b96dbe47150b847364130089c397f65031651dcb4ad96e2,0ebd1957784bff47a06580f6b4bd8e12f662b3c35601597bfcb51f6de57e2408,True,False,pass,9236,1140.3638327079825,7307,10.218028791015968,2977,169.22779100004118,672,39.41159345791675,2981,0.05852833401877433,0.007843083003535867,0.0006006250623613596,1359.288217999041,False,False,False,True,0.0,1.772383213043213,,0.0,10576,Reasoning bodies exclude closing-think; answer count includes terminal EOS. No pretence these bodies count inserted bridges.
atcoder/abc353_e,H75,1,75,6927,ce866e0905a3c213e22e31eaa19f3564d417550e5397efa0bdc7b6438fb70cd7,4457750621728779800,2448288474063933997,52cfe3a311333cd2a072a7196a4a6f5068481525e6c0100f590362b179275f25,7d8347000450e7125bfcf668c7c9aab2ee173eccf81c6db2e5260fae596b8ca3,True,False,pass,9236,1140.3638327079825,7307,10.218028791015968,2977,169.22779100004118,665,39.060997833963484,2974,0.06044441706035286,0.029268625075928867,0.0006006250623613596,1358.9609640002018,False,False,False,True,0.0,1.7900793552398682,,0.0,10569,Reasoning bodies exclude closing-think; answer count includes terminal EOS. No pretence these bodies count inserted bridges.
atcoder/abc353_e,H75,2,75,6927,ce866e0905a3c213e22e31eaa19f3564d417550e5397efa0bdc7b6438fb70cd7,4457750621728779800,7525438158104538462,62d8bf3d137c9494d058c04c7cbe6c27c771f0a83e4575443215e3f62404f558,6cafcf1127f39784efd3e4e3b604c63579d7628d933d8d097f20090b18bb03c0,True,False,pass,9236,1140.3638327079825,7307,10.218028791015968,2977,169.22779100004118,712,42.01346799894236,3211,0.06032304198015481,0.012238082941621542,0.0006006250623613596,1361.8962822479662,False,False,False,True,0.0,1.7712762355804443,,0.0,10616,Reasoning bodies exclude closing-think; answer count includes terminal EOS. No pretence these bodies count inserted bridges.
atcoder/abc353_e,FULL_TEXT,0,100,9236,ce866e0905a3c213e22e31eaa19f3564d417550e5397efa0bdc7b6438fb70cd7,,7140211707432760954,d63997ff364f44262b0dc2cc344a6c634858585de3dc941920e2e943caea8c4f,ca58da14d69bd174ded97c548f78a501b8217566793893b463b218aa4326f366,True,False,pass,9236,1544.824522082985,9616,14.039414416067302,0,0.0,680,39.42370604199823,2994,0.05855870898813009,0.007861042045988142,0.0007677919929847121,1598.3548300840775,False,False,False,True,0.0,1.6691079139709473,,0.0,9916,Reasoning bodies exclude closing-think; answer count includes terminal EOS. No pretence these bodies count inserted bridges.
atcoder/abc353_e,FULL_TEXT,1,100,9236,ce866e0905a3c213e22e31eaa19f3564d417550e5397efa0bdc7b6438fb70cd7,,2448288474063933997,6f78d835f7b3e71e2cbcf1543fe2455f724d803e1c3cd6ce599294145239beeb,78086d39bc8df22476603c491fc3827e339abce7c5e5774fd4302eb9eb4261a9,True,False,pass,9236,1544.824522082985,9616,14.039414416067302,0,0.0,678,39.25599062500987,2964,0.05969620798714459,0.028862416045740247,0.0007677919929847121,1598.209253540088,False,False,False,True,0.0,1.688020944595337,,0.0,9914,Reasoning bodies exclude closing-think; answer count includes terminal EOS. No pretence these bodies count inserted bridges.
atcoder/abc353_e,FULL_TEXT,2,100,9236,ce866e0905a3c213e22e31eaa19f3564d417550e5397efa0bdc7b6438fb70cd7,,7525438158104538462,b49b1df5445c200d5b307ff1b3d76ba87b0323058289c6b0bb8e449e8bb787e6,802d7b1bf605905ad0eeae557961332a068b8893fdb29b9dd5312c0a80bc0a49,True,False,pass,9236,1544.824522082985,9616,14.039414416067302,0,0.0,673,39.03029016696382,2941,0.060866332962177694,0.026596750016324222,0.0007677919929847121,1597.9824575409875,False,False,False,True,0.0,1.6835706233978271,,0.0,9909,Reasoning bodies exclude closing-think; answer count includes terminal EOS. No pretence these bodies count inserted bridges.
atcoder/abc353_e,LARGE_ONLY,0,,9236,ce866e0905a3c213e22e31eaa19f3564d417550e5397efa0bdc7b6438fb70cd7,,2544582176355040046,b57101ba06c0acb74b8fbd59fcd3d2702ebdc8b71cb59caa8d5502be0614d12e,3deac019d3c09d0a79ad1722ad3e35072c171234c35b9826e93e62038ba70374,True,False,pass,9236,1544.824522082985,0,0,0,0,701,124.84435025096172,3147,0.1771615000325255,0.012712083000224084,0,1669.8587459169794,False,False,False,True,0.0,1.6739752292633057,,0.0,9937,Reasoning bodies exclude closing-think; answer count includes terminal EOS. No pretence these bodies count inserted bridges.
atcoder/abc353_e,LARGE_ONLY,1,,9236,ce866e0905a3c213e22e31eaa19f3564d417550e5397efa0bdc7b6438fb70cd7,,4958211820551105915,d8bf01a5c38b949950d51dd407ef3a73948700ed52edab1473a9ccf9ff67bff0,b1a5d0d40f27b529c1e301e060c50435618669ce63013cbe84dd30b151568114,True,False,pass,9236,1544.824522082985,0,0,0,0,673,119.59228658297798,3029,0.17830529098864645,0.06736620899755508,0,1664.662480165949,False,False,False,True,0.0,1.6942317485809326,,0.0,9909,Reasoning bodies exclude closing-think; answer count includes terminal EOS. No pretence these bodies count inserted bridges.
atcoder/abc353_e,LARGE_ONLY,2,,9236,ce866e0905a3c213e22e31eaa19f3564d417550e5397efa0bdc7b6438fb70cd7,,362020387732446629,52c6fccd05907c40361364baacce3e6f4e1d393a796704209c9b62dd4417f91c,d7e161802aafe3c82a732329ff40756fc82e827261345545a5888e6f492d09a8,True,False,pass,9236,1544.824522082985,0,0,0,0,704,125.01881591702113,3059,0.1800735000288114,0.09401829197304323,0,1670.117429792008,False,False,False,True,0.0,1.6997995376586914,,0.0,9940,Reasoning bodies exclude closing-think; answer count includes terminal EOS. No pretence these bodies count inserted bridges.
leetcode/3482,SMALL_ONLY,0,0,0,3a4109d90eaf56bb40434d001f727b83231a1390f2950a65fb2576e2c162bfad,6957817643217920019,2809553792649567191,ddf00baf7799b334f7799c0ff880eed932e5292b42abb14e3d6121e94b35c686,48457d25afd9ac994ad4543a2d55147a0a91fd39df744e1f3a3a3b1f769d3aee,False,False,test_assertion,14246,0.0,459,0.6066985829966143,14049,781.20588283299,776,50.1083722920157,3598,0.06439020799007267,0.011000000056810677,0.00022020796313881874,831.9965641240124,False,False,False,True,0.0,0.23032140731811523,,0.0,14825,Reasoning bodies exclude closing-think; answer count includes terminal EOS. No pretence these bodies count inserted bridges.
leetcode/3482,SMALL_ONLY,1,0,0,3a4109d90eaf56bb40434d001f727b83231a1390f2950a65fb2576e2c162bfad,6957817643217920019,3444911788759813564,df1127b4cd47feaf0623dfc2ad14092388ba9c3dd0d8b2aced5ed2c4d7e30ea5,9c83dfa69e9aac9cbc7d86c2751179ad29712a637fa65a7f3e50f8739517433d,False,False,test_assertion,14246,0.0,459,0.6066985829966143,14049,781.20588283299,754,48.33453787595499,3545,0.06574937503319234,0.06387645902577788,0.00022020796313881874,830.2769653339637,False,False,False,True,0.0,0.24033451080322266,,0.0,14803,Reasoning bodies exclude closing-think; answer count includes terminal EOS. No pretence these bodies count inserted bridges.
leetcode/3482,SMALL_ONLY,2,0,0,3a4109d90eaf56bb40434d001f727b83231a1390f2950a65fb2576e2c162bfad,6957817643217920019,5043273583044672884,ad4de8b50e82735a768b58a31aa2048a08c88d933db70af2d528801dc72162fd,446246172202675c8c05aabf2ea2a12f21bce12b107b5a1d23cc56c52462ef9e,False,False,test_assertion,14246,0.0,459,0.6066985829966143,14049,781.20588283299,801,51.469783458975144,3686,0.06586016598157585,0.05449654196854681,0.00022020796313881874,833.402941790875,False,False,False,True,0.0,0.2392725944519043,,0.0,14850,Reasoning bodies exclude closing-think; answer count includes terminal EOS. No pretence these bodies count inserted bridges.
leetcode/3482,H10,0,10,1424,3a4109d90eaf56bb40434d001f727b83231a1390f2950a65fb2576e2c162bfad,6957817643217920019,2809553792649567191,477440a5b3305382a26e2be54bd07959014564597961bcb757308f9b7217334f,dea2d47ae15a1b2380d6749bbd9f335066769b2fc7058d631b6ef4017963f6bf,False,False,test_assertion,14246,226.90478008397622,1883,2.350219291052781,15496,902.6298483329592,654,44.814660374075174,3100,0.06715866702143103,0.012162958970293403,0.0003006670158356428,1176.779130375071,False,False,False,True,0.0,0.23769021034240723,,0.0,17574,Reasoning bodies exclude closing-think; answer count includes terminal EOS. No pretence these bodies count inserted bridges.
leetcode/3482,H10,1,10,1424,3a4109d90eaf56bb40434d001f727b83231a1390f2950a65fb2576e2c162bfad,6957817643217920019,3444911788759813564,8ace9113a39faad430e59e4811a3d07de3d7dc36ecbbc6929eac386db12e2183,99fe2e38d61e325e558ccd880c730a4bcbf8a67b02f4887647115ef471479dcc,False,False,test_assertion,14246,226.90478008397622,1883,2.350219291052781,15496,902.6298483329592,687,46.71108591707889,3251,0.07033458293881267,0.03101020900066942,0.0003006670158356428,1178.6975790840224,False,False,False,True,0.0,0.23739099502563477,,0.0,17607,Reasoning bodies exclude closing-think; answer count includes terminal EOS. No pretence these bodies count inserted bridges.
leetcode/3482,H10,2,10,1424,3a4109d90eaf56bb40434d001f727b83231a1390f2950a65fb2576e2c162bfad,6957817643217920019,5043273583044672884,c69b74ba475d701350765d848c10df84447cfc79da4babad965d2420239b184a,d1b3793ba82161bd75870ac286f01b6032de9ed1a5eb01c5b2da21032333067e,False,False,test_assertion,14246,226.90478008397622,1883,2.350219291052781,15496,902.6298483329592,676,45.87849187490065,3164,0.0704896249808371,0.031072709010913968,0.0003006670158356428,1177.8652025838965,False,False,False,True,0.0,0.23302221298217773,,0.0,17596,Reasoning bodies exclude closing-think; answer count includes terminal EOS. No pretence these bodies count inserted bridges.
leetcode/3482,H25,0,25,3561,3a4109d90eaf56bb40434d001f727b83231a1390f2950a65fb2576e2c162bfad,6957817643217920019,2809553792649567191,f1991166b10f9909c5f2e9a7c83ac6de8974b81432ad2152b1ecebee2c90b2f4,75945dd3da73eee20a9894d3bfa1a877b63be394e37dd564bbc3d61bb4d7b1bf,False,False,test_assertion,14246,574.2079997090041,4020,5.188619291991927,11507,672.303928624955,717,49.64932233304717,3354,0.0681546670384705,0.011554708005860448,0.0004427910316735506,1301.4300221250742,False,False,False,True,0.0,0.03244733810424805,,0.0,15785,Reasoning bodies exclude closing-think; answer count includes terminal EOS. No pretence these bodies count inserted bridges.
leetcode/3482,H25,1,25,3561,3a4109d90eaf56bb40434d001f727b83231a1390f2950a65fb2576e2c162bfad,6957817643217920019,3444911788759813564,a2f59e5f84f30bf5d32d9ed0931f53fd883ced347ca3a7209b3e1268f52ddd3e,3feaef105343a73055f01c79003c8f9c644b579dd463e1445df6c45172688123,False,False,test_assertion,14246,574.2079997090041,4020,5.188619291991927,11507,672.303928624955,713,49.22525424999185,3437,0.06989337492268533,0.028864750056527555,0.0004427910316735506,1301.0250027919537,False,False,False,True,0.0,0.03203392028808594,,0.0,15781,Reasoning bodies exclude closing-think; answer count includes terminal EOS. No pretence these bodies count inserted bridges.
leetcode/3482,H25,2,25,3561,3a4109d90eaf56bb40434d001f727b83231a1390f2950a65fb2576e2c162bfad,6957817643217920019,5043273583044672884,e3f25a1304a7258c1af2e6ecac6cd1eeda315a57d83cf707a6053d0463ab7cde,447cc82c44f835411fce31c38cb85cc939ee1eb59c497d7c842fdd94b396e0d0,False,False,test_assertion,14246,574.2079997090041,4020,5.188619291991927,11507,672.303928624955,730,50.50997766701039,3457,0.07306283304933459,0.035286375088617206,0.0004427910316735506,1302.319317292131,False,False,False,True,0.0,0.032459259033203125,,0.0,15798,Reasoning bodies exclude closing-think; answer count includes terminal EOS. No pretence these bodies count inserted bridges.
leetcode/3482,H50,0,50,7123,3a4109d90eaf56bb40434d001f727b83231a1390f2950a65fb2576e2c162bfad,6957817643217920019,2809553792649567191,b1ef8bebfd9ab2ddeab00eb629a76d976c56b23984560b66a80cbe2301e90692,c0606bf9774e7d8f7a0e717417194753ac239643faf4a81897ea17c6db8a0b07,True,False,pass,14246,1176.0820915839868,7582,11.035212040995248,6723,414.71651862503495,688,43.95284579205327,3190,0.06352241709828377,0.01055350003298372,0.0007342499447986484,1645.8614782091463,False,False,False,True,0.0,1.9639403820037842,,0.0,14534,Reasoning bodies exclude closing-think; answer count includes terminal EOS. No pretence these bodies count inserted bridges.
leetcode/3482,H50,1,50,7123,3a4109d90eaf56bb40434d001f727b83231a1390f2950a65fb2576e2c162bfad,6957817643217920019,3444911788759813564,25ece95ce83afe6f71f7547640346c8e959c3d88d35cb85248a92d521df5b5be,a179878bd2a84437698843d373e53169cfae1c4da418d5246ad8c62d93a26509,True,False,pass,14246,1176.0820915839868,7582,11.035212040995248,6723,414.71651862503495,725,46.24986304203048,3359,0.07970687502529472,0.05088783404789865,0.0007342499447986484,1648.2150142510654,False,False,False,True,0.0,1.9865694046020508,,0.0,14571,Reasoning bodies exclude closing-think; answer count includes terminal EOS. No pretence these bodies count inserted bridges.
leetcode/3482,H50,2,50,7123,3a4109d90eaf56bb40434d001f727b83231a1390f2950a65fb2576e2c162bfad,6957817643217920019,5043273583044672884,d8573ea18e849edd6c3d6b236dfb7094d644fe3e1a3f28c26afdcf54900855b9,f47375a9d00b5851987e054537f4d123327895d6f63ff9c3b1ceed0f102b71e2,True,False,pass,14246,1176.0820915839868,7582,11.035212040995248,6723,414.71651862503495,707,45.061429459019564,3239,0.07886658294592053,0.04285570897627622,0.0007342499447986484,1647.0177082509035,False,False,False,True,0.0,1.9903173446655273,,0.0,14553,Reasoning bodies exclude closing-think; answer count includes terminal EOS. No pretence these bodies count inserted bridges.
leetcode/3482,H75,0,75,10684,3a4109d90eaf56bb40434d001f727b83231a1390f2950a65fb2576e2c162bfad,6957817643217920019,2809553792649567191,3e87e1427ed2ff86f2d7f550f2786902d3fd713144ecada956f8fd7851a2232e,97ff8a169760f31710ca6d386707fc19fe249eedc6aa8f465218ada993f2f824,False,False,cpu_timeout,14246,1806.7740184169961,11143,16.871411583968438,4833,302.3804990830831,819,54.412920459057204,3897,0.06629350001458079,0.019498624955303967,0.0009169159457087517,2180.5255585840205,False,False,False,True,0.0,13.426944255828857,,0.0,16336,Reasoning bodies exclude closing-think; answer count includes terminal EOS. No pretence these bodies count inserted bridges.
leetcode/3482,H75,1,75,10684,3a4109d90eaf56bb40434d001f727b83231a1390f2950a65fb2576e2c162bfad,6957817643217920019,3444911788759813564,85e94d5ea8fde39c8b34803304fd9017a4c69492faf77153eb61c29847648095,0f17b93e4762e422d44e005834942fdadc3aeb6319fdb536c435b6ad2fed547f,False,False,cpu_timeout,14246,1806.7740184169961,11143,16.871411583968438,4833,302.3804990830831,865,57.22245895897504,3941,0.06835950003005564,0.058013917063362896,0.0009169159457087517,2183.375678376062,False,False,False,True,0.0,13.45604920387268,,0.0,16382,Reasoning bodies exclude closing-think; answer count includes terminal EOS. No pretence these bodies count inserted bridges.
leetcode/3482,H75,2,75,10684,3a4109d90eaf56bb40434d001f727b83231a1390f2950a65fb2576e2c162bfad,6957817643217920019,5043273583044672884,71018855c2a18ade8b3b8e99f8fe3485238bd82cead51d7e1278d676eb5c5377,1c04557bad112691d87dacf7940802d12b5a588b4e66a589a5058d0e36d18382,False,False,cpu_timeout,14246,1806.7740184169961,11143,16.871411583968438,4833,302.3804990830831,886,58.658392415964045,4199,0.0681643330026418,0.04700566700194031,0.0009169159457087517,2184.800408415962,False,False,False,True,0.0,13.466017484664917,,0.0,16403,Reasoning bodies exclude closing-think; answer count includes terminal EOS. No pretence these bodies count inserted bridges.
leetcode/3482,FULL_TEXT,0,100,14246,3a4109d90eaf56bb40434d001f727b83231a1390f2950a65fb2576e2c162bfad,,2809553792649567191,5e306ebba9f48c3d6b147a4c5696e5016edfe8b44da22cbd5ff8189fe8c78ed8,007f72baa059b106804199af2f2c59bb3089efcea3caa27e570d9b8b988d1288,False,False,cpu_timeout,14246,2470.3780378749943,14705,23.793921208009124,0,0.0,902,58.36067570792511,4183,0.06395016703754663,0.010554000036790967,0.0010143750114366412,2552.6081533330143,False,False,False,True,0.0,13.453344345092773,,0.0,15148,Reasoning bodies exclude closing-think; answer count includes terminal EOS. No pretence these bodies count inserted bridges.
leetcode/3482,FULL_TEXT,1,100,14246,3a4109d90eaf56bb40434d001f727b83231a1390f2950a65fb2576e2c162bfad,,3444911788759813564,7e923c81e66b42005cdf6e118cf58424e9a6419b7e0552c6e9d31f98b0a47800,f7077dca06755821835b603e2d885ed4f994cebffa7ef1c1d58f48a2c6359efb,False,False,cpu_timeout,14246,2470.3780378749943,14705,23.793921208009124,0,0.0,822,53.082727333996445,3807,0.06638395797926933,0.012973458040505648,0.0010143750114366412,2547.335058208031,False,False,False,True,0.0,13.46411395072937,,0.0,15068,Reasoning bodies exclude closing-think; answer count includes terminal EOS. No pretence these bodies count inserted bridges.
leetcode/3482,FULL_TEXT,2,100,14246,3a4109d90eaf56bb40434d001f727b83231a1390f2950a65fb2576e2c162bfad,,5043273583044672884,43aa61c163d6b27caed862b5ce3f83d9e3871261ae2743675c4f0464401d8285,6cf9d109a688fa3b8a08dd88855d27dd25f431f034be7110c67da087f4f0297a,True,False,pass,14246,2470.3780378749943,14705,23.793921208009124,0,0.0,802,51.80063841701485,3700,0.06620895804371685,0.012328124954365194,0.0010143750114366412,2546.052148958028,False,False,False,True,0.0,13.825534343719482,,0.0,15048,Reasoning bodies exclude closing-think; answer count includes terminal EOS. No pretence these bodies count inserted bridges.
leetcode/3482,LARGE_ONLY,0,,14246,3a4109d90eaf56bb40434d001f727b83231a1390f2950a65fb2576e2c162bfad,,4142336001382744854,a17f0ee6ffdb2f623b51c9826c0b477126b377543462005475c392fd485a93d6,d00c0c524d4401bfceaf42dbc0208ac9784304d8796b955075b8385371fa5f63,False,False,cpu_timeout,14246,2470.3780378749943,0,0,0,0,895,171.4635858750553,4266,0.19043916702503338,0.036041082988958806,0,2642.0681040000636,False,False,False,True,0.0,13.468008995056152,,0.0,15141,Reasoning bodies exclude closing-think; answer count includes terminal EOS. No pretence these bodies count inserted bridges.
leetcode/3482,LARGE_ONLY,1,,14246,3a4109d90eaf56bb40434d001f727b83231a1390f2950a65fb2576e2c162bfad,,1725929785571562506,74e05ce496764b7072cb6d7460727015e2e7e9613485c186de671d39b4400aec,08e7fc639bf6ab052fb9a26357635982186e7f75646cd5b8798ac0610757dcb1,False,False,cpu_timeout,14246,2470.3780378749943,0,0,0,0,876,167.49460720899515,4141,0.19299062504433095,0.10211483301827684,0,2638.167750542052,False,False,False,True,0.0,13.47449278831482,,0.0,15122,Reasoning bodies exclude closing-think; answer count includes terminal EOS. No pretence these bodies count inserted bridges.
leetcode/3482,LARGE_ONLY,2,,14246,3a4109d90eaf56bb40434d001f727b83231a1390f2950a65fb2576e2c162bfad,,1872196040885444526,82b206c0a67bc96252814c6d9c96f6b0fd008a69a0841ae0c6b666485fa84dd9,b8bb0559a307f1fdaa05522d475d05075c81404d00d1e9b582512a9758e1b1df,True,False,pass,14246,2470.3780378749943,0,0,0,0,826,157.8770137919928,3920,0.19359500001883134,0.12090454198187217,0,2628.569551208988,False,False,False,True,0.0,13.71971845626831,,0.0,15072,Reasoning bodies exclude closing-think; answer count includes terminal EOS. No pretence these bodies count inserted bridges.
atcoder/abc363_e,SMALL_ONLY,0,0,0,00893b459d638ec78ae89fef9caa124c07b71402e1177bb7e6d1f41a62d3b359,8350472492340708580,2391279671010517857,9dd63430611723bd630175ebc3041e2f661a5b54a8bb8141bffc7e07c7711d0e,bd67e8069cc3af858cc1441622e2731c476a2b4cefa83161b6fe267b346b8b80,True,False,pass,13373,0.0,849,1.0797670829342678,13207,753.203874250059,988,63.25246354192495,4011,0.0636965410085395,0.010401166044175625,0.00025224999990314245,817.6104548319709,False,False,False,True,0.0,35.95519781112671,,0.0,14195,Reasoning bodies exclude closing-think; answer count includes terminal EOS. No pretence these bodies count inserted bridges.
atcoder/abc363_e,SMALL_ONLY,1,0,0,00893b459d638ec78ae89fef9caa124c07b71402e1177bb7e6d1f41a62d3b359,8350472492340708580,4794075537161466235,4e74bbb12c2413f7c3f5baa454f0d28a03d1ea90870340143fb24b526729b269,ac57d36b69a67533a2cf81dfac814f310f43f9f6e93afc20cf6988717ce1390e,True,False,pass,13373,0.0,849,1.0797670829342678,13207,753.203874250059,900,57.35830095899291,3566,0.06577141699381173,0.02781404193956405,0.00025224999990314245,811.7357800009195,False,False,False,True,0.0,36.2103226184845,,0.0,14107,Reasoning bodies exclude closing-think; answer count includes terminal EOS. No pretence these bodies count inserted bridges.
atcoder/abc363_e,SMALL_ONLY,2,0,0,00893b459d638ec78ae89fef9caa124c07b71402e1177bb7e6d1f41a62d3b359,8350472492340708580,4330586357930300832,08b465bc165b7af69fa27c672215eb1b2e87ae838d6577f1341741ea8a2f6e9f,e027a1d544c15b3b40ff0001b65f1a2d809dc75ca3e251267ed764e425024b3c,True,False,pass,13373,0.0,849,1.0797670829342678,13207,753.203874250059,985,62.885929084033705,3980,0.06648541707545519,0.030436458997428417,0.00025224999990314245,817.2667445430998,False,False,False,True,0.0,36.413774490356445,,0.0,14192,Reasoning bodies exclude closing-think; answer count includes terminal EOS. No pretence these bodies count inserted bridges.
atcoder/abc363_e,H10,0,10,1337,00893b459d638ec78ae89fef9caa124c07b71402e1177bb7e6d1f41a62d3b359,8350472492340708580,2391279671010517857,f17ef67f7dd959869deb39b4b7a11ead9b6cdef234eae2585561c9c154b47309,5b6ef7f1d78f96097bbbeb05d8c5f975854b7761d60d10c44d017ddfbc03dc61,True,False,pass,13373,216.4468951249728,2186,2.779130917042494,17417,1075.820949624991,1057,76.13532920798752,4452,0.07228808396030217,0.019721207907423377,0.0003268750151619315,1371.2746410418767,False,False,False,True,0.0,36.48999905586243,,0.0,19811,Reasoning bodies exclude closing-think; answer count includes terminal EOS. No pretence these bodies count inserted bridges.
atcoder/abc363_e,H10,1,10,1337,00893b459d638ec78ae89fef9caa124c07b71402e1177bb7e6d1f41a62d3b359,8350472492340708580,4794075537161466235,9bc7418c6ac197ba4aba7f0a29bb7cb57d04dab716ef4fbf1cfe1de1ddc33dd1,fac7990230b457aee573505bdc89ef1fcfe8fed1bd4bd193406c07292745a01d,True,False,pass,13373,216.4468951249728,2186,2.779130917042494,17417,1075.820949624991,1050,75.25271433393937,4302,0.07262766698841006,0.048550167004577816,0.0003268750151619315,1370.4211947099539,False,False,False,True,0.0,36.67659640312195,,0.0,19804,Reasoning bodies exclude closing-think; answer count includes terminal EOS. No pretence these bodies count inserted bridges.
atcoder/abc363_e,H10,2,10,1337,00893b459d638ec78ae89fef9caa124c07b71402e1177bb7e6d1f41a62d3b359,8350472492340708580,4330586357930300832,6eeb0c1f228443bbdbb6e504a670579acb461f5fdeba97e5055f968fe70deb87,e6e2d8c8dd5f688e640fb19ca72d140cf3b20fba0e4a7546cb4930e62ed0d50f,True,False,pass,13373,216.4468951249728,2186,2.779130917042494,17417,1075.820949624991,1004,71.9887262500124,4189,0.071921959053725,0.034166457946412265,0.0003268750151619315,1367.142117209034,False,False,False,True,0.0,36.07204008102417,,0.0,19758,Reasoning bodies exclude closing-think; answer count includes terminal EOS. No pretence these bodies count inserted bridges.
atcoder/abc363_e,H25,0,25,3343,00893b459d638ec78ae89fef9caa124c07b71402e1177bb7e6d1f41a62d3b359,8350472492340708580,2391279671010517857,e16383ccd925577a0f4c53a84a5b41e0ed27bb0f64fc2497b4a6eac90f809d51,5120c3953a5c7cb57102ca4b0b686f4b838249ff84397857ce9c2d8d25ff61a3,True,False,pass,13373,543.2171592919622,4192,5.509087541024201,11204,658.5031996250618,955,63.76240466698073,4126,0.06801004195585847,0.02743350004311651,0.00042204209603369236,1271.087716709124,False,False,False,True,0.0,36.39467239379883,,0.0,15502,Reasoning bodies exclude closing-think; answer count includes terminal EOS. No pretence these bodies count inserted bridges.
atcoder/abc363_e,H25,1,25,3343,00893b459d638ec78ae89fef9caa124c07b71402e1177bb7e6d1f41a62d3b359,8350472492340708580,4794075537161466235,089be64607e4154a5b95d0fa613744f0350ef8d495146768a87a930859260cc7,510d00d990423279667ecfac37dca613896fef56927b22c5f82c97a2f509ba7d,True,False,pass,13373,543.2171592919622,4192,5.509087541024201,11204,658.5031996250618,936,62.69809008296579,3956,0.06794274994172156,0.04645558295305818,0.00042204209603369236,1270.0423569160048,False,False,False,True,0.0,36.56614112854004,,0.0,15483,Reasoning bodies exclude closing-think; answer count includes terminal EOS. No pretence these bodies count inserted bridges.
atcoder/abc363_e,H25,2,25,3343,00893b459d638ec78ae89fef9caa124c07b71402e1177bb7e6d1f41a62d3b359,8350472492340708580,4330586357930300832,92ce379fa33a2d3ca117f8262f02399df34f7329ac783e016ea27c1f90a986fd,5629f841a6a211ce40404e31191a1fe39030447279d5b257916d4c803dc6b16e,True,False,pass,13373,543.2171592919622,4192,5.509087541024201,11204,658.5031996250618,885,59.26952779199928,3805,0.06652016704902053,0.046134250005707145,0.00042204209603369236,1266.6120507091982,False,False,False,True,0.0,36.44321131706238,,0.0,15432,Reasoning bodies exclude closing-think; answer count includes terminal EOS. No pretence these bodies count inserted bridges.
atcoder/abc363_e,H50,0,50,6686,00893b459d638ec78ae89fef9caa124c07b71402e1177bb7e6d1f41a62d3b359,8350472492340708580,2391279671010517857,88716ad86cb3881943f8db11036ddfd5f2d8d3c73879602a085c4fd152965b94,ff3dc1bdf54f6310134a34a236eb42fb987c18894224605929be937c3f905bfb,True,False,pass,13373,1108.1285572089837,7535,10.555406874977052,6737,406.8688390000025,982,64.4074219999602,4008,0.06461820902768523,0.010775666916742921,0.0007390000391751528,1590.036357959907,False,False,False,True,0.0,36.2915141582489,,0.0,14405,Reasoning bodies exclude closing-think; answer count includes terminal EOS. No pretence these bodies count inserted bridges.
atcoder/abc363_e,H50,1,50,6686,00893b459d638ec78ae89fef9caa124c07b71402e1177bb7e6d1f41a62d3b359,8350472492340708580,4794075537161466235,d0055482d9908151ea9df87d448eacf1beefc897f564b42cd4ec5594f30bf031,63d79088da7ea67ff0530b6047db25a3f47c59f850577b21da59e15ba6a6b6e5,True,False,pass,13373,1108.1285572089837,7535,10.555406874977052,6737,406.8688390000025,930,60.05208449997008,3900,0.06634654104709625,0.04498245904687792,0.0007390000391751528,1585.7169555840665,False,False,False,True,0.0,36.268959283828735,,0.0,14353,Reasoning bodies exclude closing-think; answer count includes terminal EOS. No pretence these bodies count inserted bridges.
atcoder/abc363_e,H50,2,50,6686,00893b459d638ec78ae89fef9caa124c07b71402e1177bb7e6d1f41a62d3b359,8350472492340708580,4330586357930300832,445b132f3f880a722a361edb70faa39e6439b5cb51c4a19a56d330e69c508bbc,7a4f44bac839cb20b3b15ede40342aedcb01de21a90f5b505ae88f49a17de004,True,False,pass,13373,1108.1285572089837,7535,10.555406874977052,6737,406.8688390000025,1016,65.65695229102857,4172,0.06666899996344,0.043964041979052126,0.0007390000391751528,1591.3211274169735,False,False,False,True,0.0,36.20040583610535,,0.0,14439,Reasoning bodies exclude closing-think; answer count includes terminal EOS. No pretence these bodies count inserted bridges.
atcoder/abc363_e,H75,0,75,10029,00893b459d638ec78ae89fef9caa124c07b71402e1177bb7e6d1f41a62d3b359,8350472492340708580,2391279671010517857,f96661ac6c597e149646257eeb9df01931ab6a417d1e7333671845ace67a5001,4880d5de1e3823db1ba8227c1c6f7f20210983db3a242aaa81dec28423ded0d1,True,False,pass,13373,1698.696685959003,10878,16.415584999951534,5020,316.847207166953,1023,68.97584500000812,4339,0.0666898749768734,0.012456625001505017,0.0008746249368414283,2101.015344250831,False,False,False,True,0.0,36.15452218055725,,0.0,16072,Reasoning bodies exclude closing-think; answer count includes terminal EOS. No pretence these bodies count inserted bridges.
atcoder/abc363_e,H75,1,75,10029,00893b459d638ec78ae89fef9caa124c07b71402e1177bb7e6d1f41a62d3b359,8350472492340708580,4794075537161466235,e136529cfa15ff25917237ae8f0b3db1f503f1063ba617d0921e200de5f6ad5c,341feba0c17f3004f3e26fc3f44ec8fa8ef281a6c1c98069365344a9ea77fd18,True,False,pass,13373,1698.696685959003,10878,16.415584999951534,5020,316.847207166953,1017,68.16759254201315,4217,0.06782495905645192,0.04066475003492087,0.0008746249368414283,2100.236435001949,False,False,False,True,0.0,36.14490509033203,,0.0,16066,Reasoning bodies exclude closing-think; answer count includes terminal EOS. No pretence these bodies count inserted bridges.
atcoder/abc363_e,H75,2,75,10029,00893b459d638ec78ae89fef9caa124c07b71402e1177bb7e6d1f41a62d3b359,8350472492340708580,4330586357930300832,f03b769de269df72d9bfd1019165cbcf1bfc3003c43aba68d6abb7f720de6cbc,d3c7a5846cda6face9d714d45a476abffbab1284063ad83e5773da178b26f822,True,False,pass,13373,1698.696685959003,10878,16.415584999951534,5020,316.847207166953,1022,68.47228737513069,4229,0.06851987494155765,0.051427958998829126,0.0008746249368414283,2100.5525879599154,False,False,False,True,0.0,36.05342626571655,,0.0,16071,Reasoning bodies exclude closing-think; answer count includes terminal EOS. No pretence these bodies count inserted bridges.
atcoder/abc363_e,FULL_TEXT,0,100,13373,00893b459d638ec78ae89fef9caa124c07b71402e1177bb7e6d1f41a62d3b359,,2391279671010517857,7e5906814f2417e60b8f7360046e15a5baeede2f64b5f76128055f499cc62e33,cac235cabffbf31ae6b1c2a25177ce46bd67336a751fc48caa6efe3a24388352,True,False,pass,13373,2318.1067214589566,14222,22.890945042017847,0,0.0,972,62.893453126074746,4021,0.06499845790676773,0.010286333039402962,0.0011337499599903822,2403.9675381679554,False,False,False,True,0.0,36.128154039382935,,0.0,14345,Reasoning bodies exclude closing-think; answer count includes terminal EOS. No pretence these bodies count inserted bridges.
atcoder/abc363_e,FULL_TEXT,1,100,13373,00893b459d638ec78ae89fef9caa124c07b71402e1177bb7e6d1f41a62d3b359,,4794075537161466235,37697648ff63763c047639307e4f9b4d4f6ddf58743faee9bc8f54355689046a,16b5c974af8ed51302f5a114377281abd0126ceb5d2b6cbbae46fe124ba2e430,True,False,pass,13373,2318.1067214589566,14222,22.890945042017847,0,0.0,974,62.968719583936036,3980,0.0653601250378415,0.013349083019420505,0.0011337499599903822,2404.0462290429277,False,False,False,True,0.0,36.16371726989746,,0.0,14347,Reasoning bodies exclude closing-think; answer count includes terminal EOS. No pretence these bodies count inserted bridges.
atcoder/abc363_e,FULL_TEXT,2,100,13373,00893b459d638ec78ae89fef9caa124c07b71402e1177bb7e6d1f41a62d3b359,,4330586357930300832,e0a52abbde6c1eadfa10ef5ad2cc2777cbc75c157706fccdd98ba1ab8b4a3327,3cc914856b853a57445c5bcb1394d2d47b433604962006270023daef19d56cd8,True,False,pass,13373,2318.1067214589566,14222,22.890945042017847,0,0.0,1018,65.53036179195624,4205,0.06552399997599423,0.012954208068549633,0.0011337499599903822,2406.607640250935,False,False,False,True,0.0,36.24700450897217,,0.0,14391,Reasoning bodies exclude closing-think; answer count includes terminal EOS. No pretence these bodies count inserted bridges.
atcoder/abc363_e,LARGE_ONLY,0,,13373,00893b459d638ec78ae89fef9caa124c07b71402e1177bb7e6d1f41a62d3b359,,1952695567452995166,6f62c99179e041356d0551cbdff4ffb5e4b6370cc1f819b44419a9e22737e03d,af21a702be7afe9568f67527a8e033854446f5202556914c3ef206f5a07805ab,True,False,pass,13373,2318.1067214589566,0,0,0,0,950,180.82899900100892,3921,0.18879558402113616,0.017570374999195337,0,2499.142086418986,False,False,False,True,0.0,36.28105616569519,,0.0,14323,Reasoning bodies exclude closing-think; answer count includes terminal EOS. No pretence these bodies count inserted bridges.
atcoder/abc363_e,LARGE_ONLY,1,,13373,00893b459d638ec78ae89fef9caa124c07b71402e1177bb7e6d1f41a62d3b359,,6665423676780202911,92db57072c301efb876a1338a080815a05f38481453508d42d8d77c585f6fda4,7cb6ed943276a7fa27fd9c5aa993294163344d1bd322e72a30061552f8b25ca7,True,False,pass,13373,2318.1067214589566,0,0,0,0,989,187.9535796669661,4037,0.1904039159999229,0.06449241697555408,0,2506.315197458898,False,False,False,True,0.0,36.13525891304016,,0.0,14362,Reasoning bodies exclude closing-think; answer count includes terminal EOS. No pretence these bodies count inserted bridges.
atcoder/abc363_e,LARGE_ONLY,2,,13373,00893b459d638ec78ae89fef9caa124c07b71402e1177bb7e6d1f41a62d3b359,,6006492873272913587,d0ec710243cb951b7d66a1f0a8628665530a61f3fddbef41baa50b193c89fcaa,16930663b56a64e488f551fbc5f1abbefb5c6a9f7a176a9829af831658e45b86,True,False,pass,13373,2318.1067214589566,0,0,0,0,1049,199.35120045900112,4234,0.1887957919971086,0.0653230000170879,0,2517.712040709972,False,False,False,True,0.0,35.83886909484863,,0.0,14422,Reasoning bodies exclude closing-think; answer count includes terminal EOS. No pretence these bodies count inserted bridges.
atcoder/abc349_d,SMALL_ONLY,0,0,0,cd7aedb9a78ddf66cd0afeea385d4809a88169e464d2fbeb68f4c1438bc1aded,8555529861293912714,2024423852090043280,e0aeeb864f0e52368d71c28b95fd0e4109d79303f6a781bf4316136245c495ba,b15901d50d88fd6a79e5e8fa5d55f6b48dff1f88b663a3b0c17a59dbffe45a6e,True,False,pass,8793,0.0,1088,1.3740579170407727,8658,457.9675898330752,760,44.52334333304316,3348,0.057747459039092064,0.007538583013229072,0.00023450003936886787,503.9305116252508,False,False,False,True,0.0,0.48161935806274414,,0.0,9418,Reasoning bodies exclude closing-think; answer count includes terminal EOS. No pretence these bodies count inserted bridges.
atcoder/abc349_d,SMALL_ONLY,1,0,0,cd7aedb9a78ddf66cd0afeea385d4809a88169e464d2fbeb68f4c1438bc1aded,8555529861293912714,9116935900427828980,97b014d8c017a3d0940550a6bd44f23180b0c937b1ef46beca52c3d515c0bc6e,d71d012a434b3f2e1dedbb1a3e658be2c62dae512c41e49f3ea781893677c002,True,False,pass,8793,0.0,1088,1.3740579170407727,8658,457.9675898330752,687,40.34914820804261,3012,0.0592610000167042,0.01221441593952477,0.00023450003936886787,499.76250587415416,False,False,False,True,0.0,0.48206567764282227,,0.0,9345,Reasoning bodies exclude closing-think; answer count includes terminal EOS. No pretence these bodies count inserted bridges.
atcoder/abc349_d,SMALL_ONLY,2,0,0,cd7aedb9a78ddf66cd0afeea385d4809a88169e464d2fbeb68f4c1438bc1aded,8555529861293912714,6505627710122895122,65eadab439bfdd4d5db94048f9ce55f1d2267809eadb9b14b85f699facd7c40a,d9bf313f2a1afafbfe8b37b8a512f3068843ee0086e6fd3bcdfc550959ab6614,True,False,pass,8793,0.0,1088,1.3740579170407727,8658,457.9675898330752,725,42.41107554198243,3076,0.059966832981444895,0.009840790997259319,0.00023450003936886787,501.82276541611645,False,False,False,True,0.0,0.48455142974853516,,0.0,9383,Reasoning bodies exclude closing-think; answer count includes terminal EOS. No pretence these bodies count inserted bridges.
atcoder/abc349_d,H10,0,10,879,cd7aedb9a78ddf66cd0afeea385d4809a88169e464d2fbeb68f4c1438bc1aded,8555529861293912714,2024423852090043280,41c5e104983aebf2850cd4105b92bd338c0450d6af28108083bc6ca1203eab55,8ea6d8c8cec3b0b14748348940faadc4d60608794afd979f722d081106808924,True,False,pass,8793,145.13634820800507,1967,2.445685041951947,7434,397.7630382080097,678,39.446283792029135,2919,0.05738591693807393,0.009375249966979027,0.0002531250938773155,584.8583695419948,False,False,False,True,0.0,0.48247194290161133,,0.0,8991,Reasoning bodies exclude closing-think; answer count includes terminal EOS. No pretence these bodies count inserted bridges.
atcoder/abc349_d,H10,1,10,879,cd7aedb9a78ddf66cd0afeea385d4809a88169e464d2fbeb68f4c1438bc1aded,8555529861293912714,9116935900427828980,b3c0d5c8d769fd313d0a3ce48ae70c5ed106c86dddc7185b7b27cbf915ddb12d,c07d6fa76b2c45c9ffbc2111646882daeb84e250858000681f95e9ad61535c96,True,False,pass,8793,145.13634820800507,1967,2.445685041951947,7434,397.7630382080097,635,36.80211008305196,2799,0.059707375010475516,0.009438332985155284,0.0002531250938773155,582.2165803741082,False,False,False,True,0.0,0.47174715995788574,,0.0,8948,Reasoning bodies exclude closing-think; answer count includes terminal EOS. No pretence these bodies count inserted bridges.
atcoder/abc349_d,H10,2,10,879,cd7aedb9a78ddf66cd0afeea385d4809a88169e464d2fbeb68f4c1438bc1aded,8555529861293912714,6505627710122895122,393ce4eecef0243a3bc84c56e7647d31c427637f317daee465bc0b57c6990369,489226326a90c2fbf2dfa8d26a9ed59bbdab1d70b3626df4788256e190d754fc,True,False,pass,8793,145.13634820800507,1967,2.445685041951947,7434,397.7630382080097,696,40.274657125002705,3056,0.05939162499271333,0.00931287498679012,0.0002531250938773155,585.6886862080428,False,False,False,True,0.0,0.4797780513763428,,0.0,9009,Reasoning bodies exclude closing-think; answer count includes terminal EOS. No pretence these bodies count inserted bridges.
atcoder/abc349_d,H25,0,25,2198,cd7aedb9a78ddf66cd0afeea385d4809a88169e464d2fbeb68f4c1438bc1aded,8555529861293912714,2024423852090043280,c8a6d466df6033f293f3edb743fb0483b9dd210d3a5558da566a9275fdfb6d91,bf7cf0547ec1489c7f2b9abeae87c3b1cae47157ddf8e3af76b79a195b4554be,True,False,pass,8793,358.383362875029,3286,4.230316292028874,5215,280.3054850419285,723,41.395230459049344,3164,0.05666858295444399,0.008823249954730272,0.0003386250464245677,684.3802251259913,False,False,False,True,0.0,0.4755690097808838,,0.0,8136,Reasoning bodies exclude closing-think; answer count includes terminal EOS. No pretence these bodies count inserted bridges.
atcoder/abc349_d,H25,1,25,2198,cd7aedb9a78ddf66cd0afeea385d4809a88169e464d2fbeb68f4c1438bc1aded,8555529861293912714,9116935900427828980,4b55812a30ccc050adaa97aedeca32e971dff2e19ca590a332bbb3c3a957c893,ecf34822d25be11a8a61a0670907d4a8828ae0315e92b722d75d8fb75470c5ce,True,False,pass,8793,358.383362875029,3286,4.230316292028874,5215,280.3054850419285,663,37.76193691696972,2988,0.05979750002734363,0.007550499984063208,0.0003386250464245677,680.7487877510139,False,False,False,True,0.0,0.48154497146606445,,0.0,8076,Reasoning bodies exclude closing-think; answer count includes terminal EOS. No pretence these bodies count inserted bridges.
atcoder/abc349_d,H25,2,25,2198,cd7aedb9a78ddf66cd0afeea385d4809a88169e464d2fbeb68f4c1438bc1aded,8555529861293912714,6505627710122895122,c77c6ed639b28a587659fe2abe3b731f5ee66ac09ad6e0ea12942fe736b4719b,1683ec6096f9a4d38cc45302aa46d5bf753ebda22decd98c330dd5cf3d749db3,True,False,pass,8793,358.383362875029,3286,4.230316292028874,5215,280.3054850419285,622,35.44214237504639,2715,0.05826804100070149,0.01584474998526275,0.0003386250464245677,678.4357580000651,False,False,False,True,0.0,0.48255395889282227,,0.0,8035,Reasoning bodies exclude closing-think; answer count includes terminal EOS. No pretence these bodies count inserted bridges.
atcoder/abc349_d,H50,0,50,4396,cd7aedb9a78ddf66cd0afeea385d4809a88169e464d2fbeb68f4c1438bc1aded,8555529861293912714,2024423852090043280,bc2cb3af870ccab23ff97cee8a2de40fd389a1a27272bae0ba74a1e6acdd2cf4,2caf6b329f11b774247a3417fc217268d0a57971dcf048a05b3395a7d0cce77c,True,False,pass,8793,722.6623230410041,5484,7.325648457976058,5742,325.43166904198006,706,42.79415920795873,3107,0.06031229195650667,0.008186332997865975,0.0005316250026226044,1098.282829998876,False,False,False,True,0.0,0.48398923873901367,,0.0,10844,Reasoning bodies exclude closing-think; answer count includes terminal EOS. No pretence these bodies count inserted bridges.
atcoder/abc349_d,H50,1,50,4396,cd7aedb9a78ddf66cd0afeea385d4809a88169e464d2fbeb68f4c1438bc1aded,8555529861293912714,9116935900427828980,7c5fa880371cb21c536e389629702046d76a6f6db20b2e73e7c0606df0a22177,67651cfd76dbfb8c731f39c63d91843769e1173faabb95cccd3d98b934b96b72,True,False,pass,8793,722.6623230410041,5484,7.325648457976058,5742,325.43166904198006,756,45.613790082978085,3242,0.06272866704966873,0.05972816701978445,0.0005316250026226044,1101.1564190830104,False,False,False,True,0.0,0.4742751121520996,,0.0,10894,Reasoning bodies exclude closing-think; answer count includes terminal EOS. No pretence these bodies count inserted bridges.
atcoder/abc349_d,H50,2,50,4396,cd7aedb9a78ddf66cd0afeea385d4809a88169e464d2fbeb68f4c1438bc1aded,8555529861293912714,6505627710122895122,03eda086cc6a728efe4868484fb8b548a51401d04d2a054c747a5e7f6f822a67,7fa8deae6a4e495f94da96ec41bdbac51187fa97975fdafcbec3c5add3d31970,True,False,pass,8793,722.6623230410041,5484,7.325648457976058,5742,325.43166904198006,672,40.474767542094924,3053,0.0621606670320034,0.05200704198796302,0.0005316250026226044,1096.0091074170778,False,False,False,True,0.0,0.4793205261230469,,0.0,10810,Reasoning bodies exclude closing-think; answer count includes terminal EOS. No pretence these bodies count inserted bridges.
atcoder/abc349_d,H75,0,75,6594,cd7aedb9a78ddf66cd0afeea385d4809a88169e464d2fbeb68f4c1438bc1aded,8555529861293912714,2024423852090043280,3b80805d49bd733766eb0913fb943b06499b2bf3ca6380623701463e13c5de05,5e0de8d69007f17e03ef5962026aa69b323ad919bd92b69ff77396db33598f15,True,False,pass,8793,1097.5416931660147,7682,10.840959749999456,2812,161.23864104202949,712,42.367375665926374,3140,0.05855950003024191,0.007958333939313889,0.0006147499661892653,1312.0558022079058,False,False,False,True,0.0,0.4817030429840088,,0.0,10118,Reasoning bodies exclude closing-think; answer count includes terminal EOS. No pretence these bodies count inserted bridges.
atcoder/abc349_d,H75,1,75,6594,cd7aedb9a78ddf66cd0afeea385d4809a88169e464d2fbeb68f4c1438bc1aded,8555529861293912714,9116935900427828980,e6f1d29785405408f2dabbee4b53b5b1fe21c8bdb191c9cbe063582e58b9b23a,f0425c3a1a4740e7583f8a23fbeb5e2445dd17483c5c5c08000f09cedab083f9,True,False,pass,8793,1097.5416931660147,7682,10.840959749999456,2812,161.23864104202949,731,43.38537833397277,3248,0.06103879096917808,0.012407958041876554,0.0006147499661892653,1313.0807337909937,False,False,False,True,0.0,0.48283863067626953,,0.0,10137,Reasoning bodies exclude closing-think; answer count includes terminal EOS. No pretence these bodies count inserted bridges.
atcoder/abc349_d,H75,2,75,6594,cd7aedb9a78ddf66cd0afeea385d4809a88169e464d2fbeb68f4c1438bc1aded,8555529861293912714,6505627710122895122,3a8cbc8448c99715d52630cb3c3eedb43665b10e67563753b5ec34980120be02,e6467bdf9cb61688cbff833afe602d9a4827d71f6eaceb29895ac6d08f62cb98,True,False,pass,8793,1097.5416931660147,7682,10.840959749999456,2812,161.23864104202949,760,45.18211216700729,3440,0.060235874960199,0.01273858395870775,0.0006147499661892653,1314.876995333936,False,False,False,True,0.0,0.4852738380432129,,0.0,10166,Reasoning bodies exclude closing-think; answer count includes terminal EOS. No pretence these bodies count inserted bridges.
atcoder/abc349_d,FULL_TEXT,0,100,8793,cd7aedb9a78ddf66cd0afeea385d4809a88169e464d2fbeb68f4c1438bc1aded,,2024423852090043280,ba6c4e9b82d1a324eae7167800cc3186cbc20f5d76c64ecd73531068b997511d,1492b59cdc0afc51a3719a3a337ce110e260747ac824e97104e2be9834a2ce56,True,False,pass,8793,1484.0926072500297,9881,14.6212014160119,0,0.0,701,41.078248373931274,3080,0.05895183305256069,0.007546750013716519,0.000794916064478457,1539.8593505391036,False,False,False,True,0.0,0.482802152633667,,0.0,9494,Reasoning bodies exclude closing-think; answer count includes terminal EOS. No pretence these bodies count inserted bridges.
atcoder/abc349_d,FULL_TEXT,1,100,8793,cd7aedb9a78ddf66cd0afeea385d4809a88169e464d2fbeb68f4c1438bc1aded,,9116935900427828980,6b1bf206823c510acdc2c8c2fe3ebaefb2b86cebc0d88cb58e52f557a38f99cc,3a7eea7d0253858000954b3c310604d7ef8ab900562d8a613a92b4c00baeb96c,True,False,pass,8793,1484.0926072500297,9881,14.6212014160119,0,0.0,716,41.942116332938895,3196,0.05987437500152737,0.012650332995690405,0.000794916064478457,1540.7292446230422,False,False,False,True,0.0,0.4831664562225342,,0.0,9509,Reasoning bodies exclude closing-think; answer count includes terminal EOS. No pretence these bodies count inserted bridges.
atcoder/abc349_d,FULL_TEXT,2,100,8793,cd7aedb9a78ddf66cd0afeea385d4809a88169e464d2fbeb68f4c1438bc1aded,,6505627710122895122,474ccf13828feec433e01c3ee35ed48f7a6709298f7d3c604ddc1010b3008a67,913e3cc24500c23fa003f9475dde5bc3f1680a1760e79c15e6af90e175057e3d,True,False,pass,8793,1484.0926072500297,9881,14.6212014160119,0,0.0,740,43.28835295792669,3279,0.059697375050745904,0.01110537489876151,0.000794916064478457,1542.0737592899823,False,False,False,True,0.0,0.48919200897216797,,0.0,9533,Reasoning bodies exclude closing-think; answer count includes terminal EOS. No pretence these bodies count inserted bridges.
atcoder/abc349_d,LARGE_ONLY,0,,8793,cd7aedb9a78ddf66cd0afeea385d4809a88169e464d2fbeb68f4c1438bc1aded,,3991505071282915754,4e9421232aef11053e8eda4c2b07315923e3c3edfd7aa72f040ae5879d819bbf,3529e628a66fc4325064938c1fb8bd375056426f429a6dbc735ca68ecd644449,True,False,pass,8793,1484.0926072500297,0,0,0,0,777,139.0224971669959,3476,0.17886545800138265,0.02372737502446398,0,1623.3176972500514,False,False,False,True,0.0,0.4813263416290283,,0.0,9570,Reasoning bodies exclude closing-think; answer count includes terminal EOS. No pretence these bodies count inserted bridges.
atcoder/abc349_d,LARGE_ONLY,1,,8793,cd7aedb9a78ddf66cd0afeea385d4809a88169e464d2fbeb68f4c1438bc1aded,,942208187113506810,8c12a2bd67a0f9bbb6032ee80112a54b6817be04fd0be9c4f2a3578cba770df0,abd27e30e70734a8dd4d81d9c667e436163c4ee4fd9d3bb04d0df76a91df9a0a,True,False,pass,8793,1484.0926072500297,0,0,0,0,810,144.6008307079901,3561,0.18042362498817965,0.046362333989236504,0,1628.9202239169972,False,False,False,True,0.0,0.4833519458770752,,0.0,9603,Reasoning bodies exclude closing-think; answer count includes terminal EOS. No pretence these bodies count inserted bridges.
atcoder/abc349_d,LARGE_ONLY,2,,8793,cd7aedb9a78ddf66cd0afeea385d4809a88169e464d2fbeb68f4c1438bc1aded,,6262984956346230432,9721c60370ec67e00efae6d96d128d672d3518448c22e7f9e94c0df350940f4f,e43a00fc9696cec97522526002f4cbd54ee1218794573f890f0a5a9424125019,True,False,pass,8793,1484.0926072500297,0,0,0,0,792,141.20677362498827,3405,0.17942450003465638,0.0461520419921726,0,1625.5249574170448,False,False,False,True,0.0,0.4748804569244385,,0.0,9585,Reasoning bodies exclude closing-think; answer count includes terminal EOS. No pretence these bodies count inserted bridges.
leetcode/3454,SMALL_ONLY,0,0,0,44a7bc70b096e8094a9f51090432aab02534fe1d16235f7b2bb4c740507db33e,6063841404099389657,4525395040801030342,89c90bfa442c004e0f77b0388f1e0c40e0f7ab61361b2ac534d8985ec607e807,65e56f4adbedf84ed28342ae788bfefe6d644de6bc823886758c6997aef6f2c5,False,False,test_assertion,23004,0.0,410,0.5193583749933168,17866,1041.2969971250277,469,32.72004120796919,2364,0.0696654999628663,0.027970583993010223,0.0003257910721004009,1074.6343585830182,False,False,False,True,0.0,0.06456899642944336,,0.0,18335,Reasoning bodies exclude closing-think; answer count includes terminal EOS. No pretence these bodies count inserted bridges.
leetcode/3454,SMALL_ONLY,1,0,0,44a7bc70b096e8094a9f51090432aab02534fe1d16235f7b2bb4c740507db33e,6063841404099389657,2237720479270336249,f710598ffafe59102c043bfd3ecfb4c58e71fcdddcaaf6c0857d62f9e88a7c09,2694154064b97d20c45a99daba26ecf2fc22d9d2c52496508ba4acb519c706a6,False,False,test_assertion,23004,0.0,410,0.5193583749933168,17866,1041.2969971250277,498,34.388147207093425,2459,0.07123862497974187,0.0774815829936415,0.0003257910721004009,1076.35354870616,False,False,False,True,0.0,0.06337308883666992,,0.0,18364,Reasoning bodies exclude closing-think; answer count includes terminal EOS. No pretence these bodies count inserted bridges.
leetcode/3454,SMALL_ONLY,2,0,0,44a7bc70b096e8094a9f51090432aab02534fe1d16235f7b2bb4c740507db33e,6063841404099389657,4526616340840468436,a165f8ed1e037a2a0047b0122c8974aef1048db7f9f95dbf7ca482613d21f72e,b86cc9e12acfaed81d6f4f8e9e88cf481b52281c34bf625862c05a493c74122c,False,False,test_assertion,23004,0.0,410,0.5193583749933168,17866,1041.2969971250277,502,34.680440000025555,2558,0.07058974995743483,0.09148850000929087,0.0003257910721004009,1076.6591995410854,False,False,False,True,0.0,0.06405448913574219,,0.0,18368,Reasoning bodies exclude closing-think; answer count includes terminal EOS. No pretence these bodies count inserted bridges.
leetcode/3454,H10,0,10,2300,44a7bc70b096e8094a9f51090432aab02534fe1d16235f7b2bb4c740507db33e,6063841404099389657,4525395040801030342,11437ebb8bf51d15f3bfe81b714445c4157e1019e315e1490629914c824cf7ce,0d16467a6ef771a45512028f6289247721cff3502f1916ccd71d257c29059d90,False,False,test_assertion,23004,367.4577575830044,2710,3.4594432910671458,16623,998.5059005829971,445,31.679647958953865,2288,0.07041916693560779,0.01946320792194456,0.0005020000971853733,1401.1931337909773,False,False,False,True,0.0,0.06640172004699707,,0.0,19368,Reasoning bodies exclude closing-think; answer count includes terminal EOS. No pretence these bodies count inserted bridges.
leetcode/3454,H10,1,10,2300,44a7bc70b096e8094a9f51090432aab02534fe1d16235f7b2bb4c740507db33e,6063841404099389657,2237720479270336249,f4ffff32d4af3e290cac2b08b5e69df74dd92f8a720d5e8b5258a22a31520cee,0bc8e2614c41e1f60af5d967f491ea626e285ac5815c0b501ad9206fc7867901,False,False,test_assertion,23004,367.4577575830044,2710,3.4594432910671458,16623,998.5059005829971,458,32.426432749954984,2286,0.07235620904248208,0.07849416707176715,0.0005020000971853733,1402.0008865832351,False,False,False,True,0.0,0.0666193962097168,,0.0,19381,Reasoning bodies exclude closing-think; answer count includes terminal EOS. No pretence these bodies count inserted bridges.
leetcode/3454,H10,2,10,2300,44a7bc70b096e8094a9f51090432aab02534fe1d16235f7b2bb4c740507db33e,6063841404099389657,4526616340840468436,0239d00122e14e96a14ed8f6afbb64e5f8b58ab6802c2493de0c463ba15b49e1,a919b97a08e8c8627aef7207fd3a21f05656cf873aaadde32a3fe29a0955fa65,False,False,test_assertion,23004,367.4577575830044,2710,3.4594432910671458,16623,998.5059005829971,503,35.65179604210425,2612,0.07214012509211898,0.0869277500314638,0.0005020000971853733,1405.2344673743937,False,False,False,True,0.0,0.06451058387756348,,0.0,19426,Reasoning bodies exclude closing-think; answer count includes terminal EOS. No pretence these bodies count inserted bridges.
leetcode/3454,H25,0,25,5751,44a7bc70b096e8094a9f51090432aab02534fe1d16235f7b2bb4c740507db33e,6063841404099389657,4525395040801030342,db47c0feedc65169b40b488a6d537e67f81c15f3ae458cdee657a3bab6463700,f520a8137eb018b58f6732adaef2cb9e1efe89cd328664396cbba40039d042b6,False,False,test_assertion,23004,940.5645815409953,6161,8.47228766605258,11253,685.0718540420057,503,34.444098333013244,2433,0.06844391697086394,0.01213074999395758,0.0007697090040892363,1668.6341659580357,False,False,False,True,0.0,0.06374502182006836,,0.0,17507,Reasoning bodies exclude closing-think; answer count includes terminal EOS. No pretence these bodies count inserted bridges.
leetcode/3454,H25,1,25,5751,44a7bc70b096e8094a9f51090432aab02534fe1d16235f7b2bb4c740507db33e,6063841404099389657,2237720479270336249,1caaf203910a745fac906dfcc0849f5782c498f51e21f85fe3625d44abdc0548,4535ba85ab6ebd90fa4c7b39108dee06fd3b5f00e1fdf1522db3d3b75ae2132a,False,False,test_assertion,23004,940.5645815409953,6161,8.47228766605258,11253,685.0718540420057,488,33.205049374955706,2432,0.06984241702593863,0.01906866696663201,0.0007697090040892363,1667.403453417006,False,False,False,True,0.0,0.0630338191986084,,0.0,17492,Reasoning bodies exclude closing-think; answer count includes terminal EOS. No pretence these bodies count inserted bridges.
leetcode/3454,H25,2,25,5751,44a7bc70b096e8094a9f51090432aab02534fe1d16235f7b2bb4c740507db33e,6063841404099389657,4526616340840468436,7ae0ccdccba387fb805a56a0a06f1756d6720ebff2bd1433f92e2b37d4ada293,29d109add863bfa8e320a6847d3301f15374deb66a5f614403a8a5f752e472b2,False,False,test_assertion,23004,940.5645815409953,6161,8.47228766605258,11253,685.0718540420057,520,35.44520862493664,2543,0.07026541605591774,0.01848908292595297,0.0007697090040892363,1669.6434560819762,False,False,False,True,0.0,0.06401228904724121,,0.0,17524,Reasoning bodies exclude closing-think; answer count includes terminal EOS. No pretence these bodies count inserted bridges.
leetcode/3454,H50,0,50,11502,44a7bc70b096e8094a9f51090432aab02534fe1d16235f7b2bb4c740507db33e,6063841404099389657,4525395040801030342,d3811c87bf323c9417533354fdd110f2fd0bc0c7e295f1d262f3d9e24b426570,416641e23d7a4c59acdc95ee91ba9860a2462a4ad53497d5a9b45eba0f65792c,False,False,test_assertion,23004,1956.0423656660132,11912,18.388938083895482,12320,854.0305965000298,526,41.49023820797447,2587,0.07887870795093477,0.03267704206518829,0.0011116249952465296,2870.0648058329243,False,False,False,True,0.0,0.06396126747131348,,0.0,24348,Reasoning bodies exclude closing-think; answer count includes terminal EOS. No pretence these bodies count inserted bridges.
leetcode/3454,H50,1,50,11502,44a7bc70b096e8094a9f51090432aab02534fe1d16235f7b2bb4c740507db33e,6063841404099389657,2237720479270336249,9db0f4ec4dd8b89e756a3c9830aa3bb3773504fdc2c860d184c1e8e55f66aa4b,e3b594aa9f3de2022f30dabb9876288c7177fa52426c8da830c6d112deba3e8c,False,False,test_assertion,23004,1956.0423656660132,11912,18.388938083895482,12320,854.0305965000298,505,39.60657958302181,2420,0.08036116696894169,0.10569687490351498,0.0011116249952465296,2868.255649499828,False,False,False,True,0.0,0.06606435775756836,,0.0,24327,Reasoning bodies exclude closing-think; answer count includes terminal EOS. No pretence these bodies count inserted bridges.
leetcode/3454,H50,2,50,11502,44a7bc70b096e8094a9f51090432aab02534fe1d16235f7b2bb4c740507db33e,6063841404099389657,4526616340840468436,502de4ba59aae01e4014ab742fa9546ff434c352919ddc31f11aabe4c7148910,1c0eec5b9ef35c67e61dd3d4c7d5da627cccf84b94a0a665fc7d99acfcf54ccf,False,False,test_assertion,23004,1956.0423656660132,11912,18.388938083895482,12320,854.0305965000298,447,34.96909433393739,2200,0.0801192499930039,0.10936074994970113,0.0011116249952465296,2863.621586208814,False,False,False,True,0.0,0.06915593147277832,,0.0,24269,Reasoning bodies exclude closing-think; answer count includes terminal EOS. No pretence these bodies count inserted bridges.
leetcode/3454,H75,0,75,17253,44a7bc70b096e8094a9f51090432aab02534fe1d16235f7b2bb4c740507db33e,6063841404099389657,4525395040801030342,c81ac3186af4e415523532384eafdcb142fdfb3b0ca1b53df81b43293e27becb,f91c93e5946dd72572aff386154b9840fbda05e21c440a618d42c770d405e55c,True,False,pass,23004,3055.3936604579794,17663,30.281903792056255,3277,232.11365529196337,558,41.07431620894931,2691,0.0737162500154227,0.031136207981035113,0.0016047080280259252,3358.969992916973,False,False,False,True,0.0,1.480818271636963,,0.0,21088,Reasoning bodies exclude closing-think; answer count includes terminal EOS. No pretence these bodies count inserted bridges.
leetcode/3454,H75,1,75,17253,44a7bc70b096e8094a9f51090432aab02534fe1d16235f7b2bb4c740507db33e,6063841404099389657,2237720479270336249,e45d325e2321f5934ca2a65ed173b09ddf7ddb08b85877ecd9b35f8054753463,a8e76d13d1d0cf0e2e183d7d097dcfd18b69ccfd6ecea6ffa8eeb13a4c4dec97,True,False,pass,23004,3055.3936604579794,17663,30.281903792056255,3277,232.11365529196337,621,45.50884916691575,2880,0.07472504198085517,0.09592570795211941,0.0016047080280259252,3363.470324166876,False,False,False,True,0.0,1.4575684070587158,,0.0,21151,Reasoning bodies exclude closing-think; answer count includes terminal EOS. No pretence these bodies count inserted bridges.
leetcode/3454,H75,2,75,17253,44a7bc70b096e8094a9f51090432aab02534fe1d16235f7b2bb4c740507db33e,6063841404099389657,4526616340840468436,10cf7394bcb2e6346044cf9e5a4d5e7c7728f11c8e1a40f5a32ca8f106077490,72398ffb9975797a9e262feb2077c8a0fdae633a71d32c35ba149c0e5984a2bd,True,False,pass,23004,3055.3936604579794,17663,30.281903792056255,3277,232.11365529196337,667,48.99408579210285,3245,0.07515116699505597,0.03298070793971419,0.0016047080280259252,3366.8930419170647,False,False,False,True,0.0,1.4587979316711426,,0.0,21197,Reasoning bodies exclude closing-think; answer count includes terminal EOS. No pretence these bodies count inserted bridges.
leetcode/3454,FULL_TEXT,0,100,23004,44a7bc70b096e8094a9f51090432aab02534fe1d16235f7b2bb4c740507db33e,,4525395040801030342,8f58db61d4e62573cf48e5f629da039f1d0334a71eceb4bca8bdf088aa59b519,4272d43390e1774994ac2f820bd13037e7e7f68c61d1ffff986e0fd10c4b58d1,True,False,pass,23004,4247.137847832986,23414,44.33933549991343,0,0.0,582,44.94057008391246,2787,0.07711325003765523,0.01575550006236881,0.0018869579071179032,4336.512509124819,False,False,False,True,0.0,1.4056715965270996,,0.0,23586,Reasoning bodies exclude closing-think; answer count includes terminal EOS. No pretence these bodies count inserted bridges.
leetcode/3454,FULL_TEXT,1,100,23004,44a7bc70b096e8094a9f51090432aab02534fe1d16235f7b2bb4c740507db33e,,2237720479270336249,2b612de820e182e51e117df1f38d411650612aff4be2312737debe3791352526,4fe75645f4d3bb66fbce2314956ab06a64feb629f6c32f23710efcdae16b5cf2,True,False,pass,23004,4247.137847832986,23414,44.33933549991343,0,0.0,558,42.97774770890828,2800,0.07891266699880362,0.07181454100646079,0.0018869579071179032,4334.60754520772,False,False,False,True,0.0,1.3833630084991455,,0.0,23562,Reasoning bodies exclude closing-think; answer count includes terminal EOS. No pretence these bodies count inserted bridges.
leetcode/3454,FULL_TEXT,2,100,23004,44a7bc70b096e8094a9f51090432aab02534fe1d16235f7b2bb4c740507db33e,,4526616340840468436,3bce12b1b5b9f7eac10c51b85dee773977a0433f2e74142c38cb391ca2b34024,0439f480310c5116945bdbd4c8e68aa34cc099b285e8d6c2ec29aee5a1ac5261,True,False,pass,23004,4247.137847832986,23414,44.33933549991343,0,0.0,549,42.220374041004106,2652,0.07926979102194309,0.06378433399368078,0.0018869579071179032,4333.842498456826,False,False,False,True,0.0,1.3652088642120361,,0.0,23553,Reasoning bodies exclude closing-think; answer count includes terminal EOS. No pretence these bodies count inserted bridges.
leetcode/3454,LARGE_ONLY,0,,23004,44a7bc70b096e8094a9f51090432aab02534fe1d16235f7b2bb4c740507db33e,,543480170808355919,6c60a76c5bd9070ef09caad59b7cbc0789ab71eff8aa754b7d5256bf25784df6,1461333909b9406c7948e919c3ed7928cc4ed506672d3893f668a06b625ea27d,True,False,pass,23004,4247.137847832986,0,0,0,0,590,127.33406966604525,2743,0.2152642920264043,0.033973459037952125,0,4374.721155250096,False,False,False,True,0.0,1.3833365440368652,,0.0,23594,Reasoning bodies exclude closing-think; answer count includes terminal EOS. No pretence these bodies count inserted bridges.
leetcode/3454,LARGE_ONLY,1,,23004,44a7bc70b096e8094a9f51090432aab02534fe1d16235f7b2bb4c740507db33e,,6265442449649471108,32900cf12021fdaf51d4b269ca9874acffd7c884dd1af16e19a8aeea3883dba3,9495336ae6c778c068f84f46dd392a98f165010381d2c807bccab6d2d4a3d0a6,True,False,pass,23004,4247.137847832986,0,0,0,0,585,126.010976709018,2810,0.2165818330249749,0.15198712499113753,0,4373.51739350002,False,False,False,True,0.0,1.382249355316162,,0.0,23589,Reasoning bodies exclude closing-think; answer count includes terminal EOS. No pretence these bodies count inserted bridges.
leetcode/3454,LARGE_ONLY,2,,23004,44a7bc70b096e8094a9f51090432aab02534fe1d16235f7b2bb4c740507db33e,,1335873820606558187,63a028ceb35a2b3407c9c3a63fb12f9c869374f97d11a88f73334534cef261ca,113e8104f1e84ff878c2bc2c61973b178702afc5af12bc02fb977c2161d973dc,True,False,pass,23004,4247.137847832986,0,0,0,0,553,119.01939633401344,2703,0.2152470409637317,0.18060279201017693,0,4366.5530939999735,False,False,False,True,0.0,1.3899080753326416,,0.0,23557,Reasoning bodies exclude closing-think; answer count includes terminal EOS. No pretence these bodies count inserted bridges.
atcoder/abc358_e,SMALL_ONLY,0,0,0,1986666db1145a74d235395c675457becbcf6f839941ed53d0171d930673091e,7571734387797933198,8608121737334457318,2dd78b8d3a330a62e403a5b16220b28c849ce8c3d63d3d00ad81a66c43eec8ea,7f629ae3d24be769807a8612148cbf1344b619c71673a63c9a22ad04416b6d5e,True,False,pass,9922,0.0,606,0.7968346659326926,10170,544.1604612079682,813,48.401079292059876,3252,0.05949574999976903,0.008129750029183924,0.00023725000210106373,593.4262379159918,False,False,False,True,0.0,3.557529926300049,,0.0,10983,Reasoning bodies exclude closing-think; answer count includes terminal EOS. No pretence these bodies count inserted bridges.
atcoder/abc358_e,SMALL_ONLY,1,0,0,1986666db1145a74d235395c675457becbcf6f839941ed53d0171d930673091e,7571734387797933198,3741467323020480062,9bcd0543e611ce8e2de28ba63a6928b89c8246b4be832b14f27ea43486e3dbe7,60c8fc71c1ddca2947fbb194fdccac53fed71e08b9d83b158efea5ccb35ae492,True,False,pass,9922,0.0,606,0.7968346659326926,10170,544.1604612079682,800,47.550041166949086,3269,0.08143470797222108,0.01489304204005748,0.00023725000210106373,592.6039020408643,False,False,False,True,0.0,3.5390145778656006,,0.0,10970,Reasoning bodies exclude closing-think; answer count includes terminal EOS. No pretence these bodies count inserted bridges.
atcoder/abc358_e,SMALL_ONLY,2,0,0,1986666db1145a74d235395c675457becbcf6f839941ed53d0171d930673091e,7571734387797933198,6830013288600783622,d3e6b79e2bcc67992caac8804643e9591694cb41eebc60825c9b265b3cfe1c88,45756e832bd564e4e2976c6d2ce718db5a34c6fa67a8cc5f858833db3ea89e48,True,False,pass,9922,0.0,606,0.7968346659326926,10170,544.1604612079682,741,44.020639915950596,3029,0.06073095800820738,0.014255875023081899,0.00023725000210106373,589.0531598728849,False,False,False,True,0.0,3.7632896900177,,0.0,10911,Reasoning bodies exclude closing-think; answer count includes terminal EOS. No pretence these bodies count inserted bridges.
atcoder/abc358_e,H10,0,10,992,1986666db1145a74d235395c675457becbcf6f839941ed53d0171d930673091e,7571734387797933198,8608121737334457318,d57141180d06d1a9469720ad55f417bcfc53b707edf8aeb822f789028950d6e7,c68e9d973cdb822137e3ecf2c427e8949126d447a3f37918c6193a98e75215d2,True,False,pass,9922,159.11491358297644,1598,2.0156112080439925,8771,472.3340010830434,774,45.705023249960504,3177,0.05870245804544538,0.007940374896861613,0.0002442910335958004,679.2364362480002,False,False,False,True,0.0,3.235521078109741,,0.0,10537,Reasoning bodies exclude closing-think; answer count includes terminal EOS. No pretence these bodies count inserted bridges.
atcoder/abc358_e,H10,1,10,992,1986666db1145a74d235395c675457becbcf6f839941ed53d0171d930673091e,7571734387797933198,3741467323020480062,5a0b73ccf1eed20d281fe8e641ce1a3cb847e0345998629da77e470bcc251e1e,be806e55407674c6ea85ff749df2f10300d09a1be08d92f46079c8298a14abfa,True,False,pass,9922,159.11491358297644,1598,2.0156112080439925,8771,472.3340010830434,827,48.89216120901983,3373,0.06123300001490861,0.01330425008200109,0.0002442910335958004,682.4314686242142,False,False,False,True,0.0,3.2385809421539307,,0.0,10590,Reasoning bodies exclude closing-think; answer count includes terminal EOS. No pretence these bodies count inserted bridges.
atcoder/abc358_e,H10,2,10,992,1986666db1145a74d235395c675457becbcf6f839941ed53d0171d930673091e,7571734387797933198,6830013288600783622,77cb4e5f8e9e5cd8faadbd8f3e3a00256966149ea661946b762be75860cf65f4,cb6eb240c2915b75b46ebee45a6b8ad10a25c4e068e831b1b9cc045db78de39a,True,False,pass,9922,159.11491358297644,1598,2.0156112080439925,8771,472.3340010830434,727,42.723899791017175,2946,0.06114720809273422,0.013178666937164962,0.0002442910335958004,676.2629958311445,False,False,False,True,0.0,3.227783679962158,,0.0,10490,Reasoning bodies exclude closing-think; answer count includes terminal EOS. No pretence these bodies count inserted bridges.
atcoder/abc358_e,H25,0,25,2480,1986666db1145a74d235395c675457becbcf6f839941ed53d0171d930673091e,7571734387797933198,8608121737334457318,552afb6c995bf4582d6c5f242cb0d891973cd6b3985e8fd47571f5f9d8ee2a4a,bc988e88bb4bfd7e72a1e0f7b3dbabc576082b4a14160eea39b50d9c4d2a38af,True,False,pass,9922,398.2483252909733,3086,3.9883777080103755,7306,400.35954049997963,803,47.442012584069744,3221,0.05884304200299084,0.007765375077724457,0.00034658401273190975,850.1052110841265,False,False,False,True,0.0,3.520338773727417,,0.0,10589,Reasoning bodies exclude closing-think; answer count includes terminal EOS. No pretence these bodies count inserted bridges.
atcoder/abc358_e,H25,1,25,2480,1986666db1145a74d235395c675457becbcf6f839941ed53d0171d930673091e,7571734387797933198,3741467323020480062,6b1761ea91867d4bd36a849975a4a96e97ed10200340aa7944a6e7a0dcea7e54,f4d3caf8a531dc2e151eb02e92d8b1e6e238a2d6c49eb2e4be5f7cd7043072d4,True,False,pass,9922,398.2483252909733,3086,3.9883777080103755,7306,400.35954049997963,812,47.85455904295668,3242,0.06049870897550136,0.012733083916828036,0.00034658401273190975,850.524380918825,False,False,False,True,0.0,3.512380599975586,,0.0,10598,Reasoning bodies exclude closing-think; answer count includes terminal EOS. No pretence these bodies count inserted bridges.
atcoder/abc358_e,H25,2,25,2480,1986666db1145a74d235395c675457becbcf6f839941ed53d0171d930673091e,7571734387797933198,6830013288600783622,003fb9f956363da92bc9390d9d31bdb3cb313e975377a608705d4a0010bfba0e,10d8442fd94f53047b263d18ccea381153d9a0325b0244e1597695108a22eb4d,True,False,pass,9922,398.2483252909733,3086,3.9883777080103755,7306,400.35954049997963,732,43.116587374941446,2866,0.06119045801460743,0.012762665981426835,0.00034658401273190975,845.7871305819135,False,False,False,True,0.0,3.5203909873962402,,0.0,10518,Reasoning bodies exclude closing-think; answer count includes terminal EOS. No pretence these bodies count inserted bridges.
atcoder/abc358_e,H50,0,50,4961,1986666db1145a74d235395c675457becbcf6f839941ed53d0171d930673091e,7571734387797933198,8608121737334457318,92c183d24bc108d0e93cc8101bcf9326f927a1732ef1c2b387e58f7fe28cda8a,f4ad483480081c18ef05bd1ef5efebd33ddbc39dc5598c5f37ea66c38cb74fa4,True,False,pass,9922,809.3860220409697,5567,7.4367879159981385,5227,294.3102784580551,739,43.878109667100944,3015,0.058712749974802136,0.007766708033159375,0.0005040830001235008,1155.078181623132,False,False,False,True,0.0,3.5209574699401855,,0.0,10927,Reasoning bodies exclude closing-think; answer count includes terminal EOS. No pretence these bodies count inserted bridges.
atcoder/abc358_e,H50,1,50,4961,1986666db1145a74d235395c675457becbcf6f839941ed53d0171d930673091e,7571734387797933198,3741467323020480062,71134f90a505c8a3f08765109a19cf890407fab9cc11a2be070a97d371ebb18c,0f16852d5fdbe68b49befdb1ceaa4d0fdefb4e39816846ae66096dcb0447ebdf,True,False,pass,9922,809.3860220409697,5567,7.4367879159981385,5227,294.3102784580551,746,44.2677841669647,3003,0.06071258394513279,0.014676666003651917,0.0005040830001235008,1155.4767659149365,False,False,False,True,0.0,3.5044333934783936,,0.0,10934,Reasoning bodies exclude closing-think; answer count includes terminal EOS. No pretence these bodies count inserted bridges.
atcoder/abc358_e,H50,2,50,4961,1986666db1145a74d235395c675457becbcf6f839941ed53d0171d930673091e,7571734387797933198,6830013288600783622,6285127ec87e83424834160703493156ba48a9bfb4e381a1db60c03c8f4573ad,7263447976c9449034163b02c24db70318909692fe8e43ced9f3951c2dba5778,True,False,pass,9922,809.3860220409697,5567,7.4367879159981385,5227,294.3102784580551,740,43.97882375004701,2935,0.06051750003825873,0.01398666703607887,0.0005040830001235008,1155.1869204151444,False,False,False,True,0.0,3.541019916534424,,0.0,10928,Reasoning bodies exclude closing-think; answer count includes terminal EOS. No pretence these bodies count inserted bridges.
atcoder/abc358_e,H75,0,75,7441,1986666db1145a74d235395c675457becbcf6f839941ed53d0171d930673091e,7571734387797933198,8608121737334457318,c35073244c254e0a02e353f36a29d3725c065b2221715ced15d3b5da23a08db2,a9936cb7687a37026f306d1ffa20b598de3106fbed370004a75dd289fba5ae2f,True,False,pass,9922,1234.0567795409588,8047,11.367775416001678,5339,315.5407330420567,754,47.444698874955066,3010,0.06300770794041455,0.018125000060535967,0.0006925410125404596,1608.4918121229857,False,False,False,True,0.0,3.545970916748047,,0.0,13534,Reasoning bodies exclude closing-think; answer count includes terminal EOS. No pretence these bodies count inserted bridges.
atcoder/abc358_e,H75,1,75,7441,1986666db1145a74d235395c675457becbcf6f839941ed53d0171d930673091e,7571734387797933198,3741467323020480062,816a8d82fc232bf7e2db5f91a3aed9a58a609a101aa2e661415030b4e295aa5c,6acbbff9a8085504b08f5f17105de96794bb73d8acffad0adbbda9bca95de3d8,True,False,pass,9922,1234.0567795409588,8047,11.367775416001678,5339,315.5407330420567,725,45.427984458976425,2910,0.06265279196668416,0.04634366696700454,0.0006925410125404596,1606.5029614579398,False,False,False,True,0.0,3.5600571632385254,,0.0,13505,Reasoning bodies exclude closing-think; answer count includes terminal EOS. No pretence these bodies count inserted bridges.
atcoder/abc358_e,H75,2,75,7441,1986666db1145a74d235395c675457becbcf6f839941ed53d0171d930673091e,7571734387797933198,6830013288600783622,710964a7f1959a43a5b3d71cdb5557e4be053c4e3171281f9b585151e970752f,8e84a32a6915064d6d72b5c6c552f5a5056119f5bd7e5ac9f53cdb3d268e5fdc,True,False,pass,9922,1234.0567795409588,8047,11.367775416001678,5339,315.5407330420567,778,48.834236333030276,3079,0.06412545801140368,0.04449791694059968,0.0006925410125404596,1609.908840248012,False,False,False,True,0.0,3.534857988357544,,0.0,13558,Reasoning bodies exclude closing-think; answer count includes terminal EOS. No pretence these bodies count inserted bridges.
atcoder/abc358_e,FULL_TEXT,0,100,9922,1986666db1145a74d235395c675457becbcf6f839941ed53d0171d930673091e,,8608121737334457318,51ab64fa62655bc6f1cba5cff1a2356a87e66696d3a7ed476388af93bb8bdf86,9368fd7eebafd42284c4023f681230dd67de2eed52397a4e0324d6119edda079,True,False,pass,9922,1673.3608798749628,10528,15.7133501250064,0,0.0,858,50.753295583999716,3470,0.05952866596635431,0.00833400001283735,0.0008856250206008554,1739.8962738749688,False,False,False,True,0.0,3.5815649032592773,,0.0,10780,Reasoning bodies exclude closing-think; answer count includes terminal EOS. No pretence these bodies count inserted bridges.
atcoder/abc358_e,FULL_TEXT,1,100,9922,1986666db1145a74d235395c675457becbcf6f839941ed53d0171d930673091e,,3741467323020480062,bff510a57de5d69d1d6718946cc05eee79456433097bda05f25ca54bfa16b4c0,c6c12c8f75e2cdcd0f35af8fad737842f06b013e200def0d69f511c83adf7f45,True,False,pass,9922,1673.3608798749628,10528,15.7133501250064,0,0.0,826,48.94052512513008,3283,0.06103558302856982,0.009063999983482063,0.0008856250206008554,1738.085740333132,False,False,False,True,0.0,3.52663254737854,,0.0,10748,Reasoning bodies exclude closing-think; answer count includes terminal EOS. No pretence these bodies count inserted bridges.
atcoder/abc358_e,FULL_TEXT,2,100,9922,1986666db1145a74d235395c675457becbcf6f839941ed53d0171d930673091e,,6830013288600783622,646542582375b82a872d5abdb8f4a08043bd94f7d078bfe2c7e545d551de0747,b0ef3d3944072ec7dbd5aa825075605b702dd14173cfa4cbbc07fffb84f90829,True,False,pass,9922,1673.3608798749628,10528,15.7133501250064,0,0.0,772,45.70802079199348,3015,0.06119799998123199,0.00886783399619162,0.0008856250206008554,1734.8532022509607,False,False,False,True,0.0,3.5278234481811523,,0.0,10694,Reasoning bodies exclude closing-think; answer count includes terminal EOS. No pretence these bodies count inserted bridges.
atcoder/abc358_e,LARGE_ONLY,0,,9922,1986666db1145a74d235395c675457becbcf6f839941ed53d0171d930673091e,,3881136762493040881,c6767b208d6453402985bf008c71763c6c86438f319ba80af36a2b8d51625e30,c2dac0f622ac0d7f09d8a5fbfb5eebb0b9a4e9245761b925737634daf55a3dd0,True,False,pass,9922,1673.3608798749628,0,0,0,0,825,148.93666112492792,3373,0.1793140409863554,0.025196333008352667,0,1822.5020513738855,False,False,False,True,0.0,3.5041561126708984,,0.0,10747,Reasoning bodies exclude closing-think; answer count includes terminal EOS. No pretence these bodies count inserted bridges.
atcoder/abc358_e,LARGE_ONLY,1,,9922,1986666db1145a74d235395c675457becbcf6f839941ed53d0171d930673091e,,2580354605639578390,040d83134ab8b83c1e59b1bd96ba76cc436f551ac1b2ca7aa4d3d255d8486600,c37e02b4d6d644160cfda54a8f28ce8cf09b9ce13cf0987e5bc1574126ae3fb7,True,False,pass,9922,1673.3608798749628,0,0,0,0,834,150.2064951240318,3281,0.1790644169668667,0.06503187498310581,0,1823.8114712909446,False,False,False,True,0.0,3.5032567977905273,,0.0,10756,Reasoning bodies exclude closing-think; answer count includes terminal EOS. No pretence these bodies count inserted bridges.
atcoder/abc358_e,LARGE_ONLY,2,,9922,1986666db1145a74d235395c675457becbcf6f839941ed53d0171d930673091e,,5261113343069359155,b1f11a279f132d51595fb59fc161b5cc364730e7298d1558edfae3fdf43a0e2e,0c9942445123cf4d737b21e5636c1b5100ae7dde25d4d262945d9b75fb4635c6,True,False,pass,9922,1673.3608798749628,0,0,0,0,811,146.05115012498572,3184,0.18078562495065853,0.0680804579751566,0,1819.6608960828744,False,False,False,True,0.0,3.5420289039611816,,0.0,10733,Reasoning bodies exclude closing-think; answer count includes terminal EOS. No pretence these bodies count inserted bridges.
leetcode/3466,SMALL_ONLY,0,0,0,317826465d49a4fa11b135e7c3bf5b80649144a8c3f06393cfca877ccb3d06da,549914331944268541,3003452579435650555,f621e92e698bf40fb5fa336490c655865088d401cd25f635032d2ef812f1b732,29911a1360a61b23da53b3738432b24c1682d8822a9d64990230544a93b9a3d9,True,False,pass,10094,0.0,281,0.39567179197911173,8514,445.0897427079035,638,36.40697316697333,3101,0.05717512499541044,0.019040917046368122,0.00017158302944153547,481.96877529192716,False,False,False,True,0.0,1.1878111362457275,,0.0,9152,Reasoning bodies exclude closing-think; answer count includes terminal EOS. No pretence these bodies count inserted bridges.
leetcode/3466,SMALL_ONLY,1,0,0,317826465d49a4fa11b135e7c3bf5b80649144a8c3f06393cfca877ccb3d06da,549914331944268541,8096119324315324601,f4501b82e067f469b5a994fd53835dacfc1d54ef866e66059270914399f0293d,824cfa66cb4a764b91ca70dabe89b1d6da26e71eb0f96cd3098e0e09bd0c3152,True,False,pass,10094,0.0,281,0.39567179197911173,8514,445.0897427079035,635,36.15018154284917,3066,0.05927795800380409,0.046695124940015376,0.00017158302944153547,481.74174070870504,False,False,False,True,0.0,1.1776559352874756,,0.0,9149,Reasoning bodies exclude closing-think; answer count includes terminal EOS. No pretence these bodies count inserted bridges.
leetcode/3466,SMALL_ONLY,2,0,0,317826465d49a4fa11b135e7c3bf5b80649144a8c3f06393cfca877ccb3d06da,549914331944268541,6725855359449060362,d339aa5f2d668e6d169a67c38d1c5d758babbfcc52b090b8f50ee268ae3ad7a7,6607ca395ffabb177b0eb906bfd7fac3ca3b8612aebfab11249a50deffbda790,True,False,pass,10094,0.0,281,0.39567179197911173,8514,445.0897427079035,666,37.834450750029646,3208,0.05786579102277756,0.04443941602949053,0.00017158302944153547,483.42234203999396,False,False,False,True,0.0,1.2161450386047363,,0.0,9180,Reasoning bodies exclude closing-think; answer count includes terminal EOS. No pretence these bodies count inserted bridges.
leetcode/3466,H10,0,10,1009,317826465d49a4fa11b135e7c3bf5b80649144a8c3f06393cfca877ccb3d06da,549914331944268541,3003452579435650555,ba498dfe166f8ef365ee05f126709cddb3c32724c34577469332d37ce117abd0,a57af80bcfb13f3a5b4f74e946a2681e6c3073cf9a22b857286f4275c1aa8c00,False,False,cpu_timeout,10094,159.3743772499729,1290,1.6519279170315713,7663,405.29183704196475,491,27.978669791016728,2285,0.0573632080340758,0.01327262504491955,0.00022625003475695848,594.3676740830997,False,False,False,True,0.0,12.102089405059814,,0.0,9163,Reasoning bodies exclude closing-think; answer count includes terminal EOS. No pretence these bodies count inserted bridges.
leetcode/3466,H10,1,10,1009,317826465d49a4fa11b135e7c3bf5b80649144a8c3f06393cfca877ccb3d06da,549914331944268541,8096119324315324601,0f7f4806bd2a1ceec6d4208941ce680d4417d8563738b0e353ca371c0b37300d,f604e10ef7e124719684cad43a2de83a973c2f0339fe62344dee2c732092f164,False,False,cpu_timeout,10094,159.3743772499729,1290,1.6519279170315713,7663,405.29183704196475,578,32.95344612596091,2690,0.0595873340498656,0.04056170803960413,0.00022625003475695848,599.3719636270544,False,False,False,True,0.0,12.096183061599731,,0.0,9250,Reasoning bodies exclude closing-think; answer count includes terminal EOS. No pretence these bodies count inserted bridges.
leetcode/3466,H10,2,10,1009,317826465d49a4fa11b135e7c3bf5b80649144a8c3f06393cfca877ccb3d06da,549914331944268541,6725855359449060362,f1627cd3b6915d40d247f0ed67897eb008f5f6b5d5ff23ade3d216ea6e997586,165333c3ff2c698a5ff278bfd30ea9d9fb2c0e94698026e7173b90c263e30277,False,False,cpu_timeout,10094,159.3743772499729,1290,1.6519279170315713,7663,405.29183704196475,577,32.92645349900704,2718,0.05927950004115701,0.04252283298410475,0.00022625003475695848,599.3466242910363,False,False,False,True,0.0,12.10392713546753,,0.0,9249,Reasoning bodies exclude closing-think; answer count includes terminal EOS. No pretence these bodies count inserted bridges.
leetcode/3466,H25,0,25,2523,317826465d49a4fa11b135e7c3bf5b80649144a8c3f06393cfca877ccb3d06da,549914331944268541,3003452579435650555,dd51bf9b10018165b17957421cee9bd771086fabc1ae88809db37d51f0464531,1f1e984629f77e62ec589391a2f621f20b435e5f3c9d107afff58ad55cd6c6a2,True,False,pass,10094,401.8296861249837,2804,3.5533305830322206,4932,262.40409675007686,579,32.45228950004093,2670,0.0552959170890972,0.007071958971209824,0.00034870789386332035,700.3021195420879,False,False,False,True,0.0,1.17926025390625,,0.0,8034,Reasoning bodies exclude closing-think; answer count includes terminal EOS. No pretence these bodies count inserted bridges.
leetcode/3466,H25,1,25,2523,317826465d49a4fa11b135e7c3bf5b80649144a8c3f06393cfca877ccb3d06da,549914331944268541,8096119324315324601,a45459a93bfed7814a281930c52111e1295d81f34fc6885aca74113292133dbf,82598c78639d146e0238f522365ebe32c9f28c234e2bb888054e499542ea0286,True,False,pass,10094,401.8296861249837,2804,3.5533305830322206,4932,262.40409675007686,627,35.06401524995454,2937,0.05826487496960908,0.039393417071551085,0.00034870789386332035,702.9491357079824,False,False,False,True,0.0,1.1976521015167236,,0.0,8082,Reasoning bodies exclude closing-think; answer count includes terminal EOS. No pretence these bodies count inserted bridges.
leetcode/3466,H25,2,25,2523,317826465d49a4fa11b135e7c3bf5b80649144a8c3f06393cfca877ccb3d06da,549914331944268541,6725855359449060362,c1807d4a76306a0f244a33824d1354dd4907965132460847d77baccd166916c5,7cd2e6fe7a815d3e471705b080e5c9fc1a12f38db77bd57f977fbafb89228955,True,False,pass,10094,401.8296861249837,2804,3.5533305830322206,4932,262.40409675007686,571,31.928733457927592,2740,0.05752912501338869,0.038410875014960766,0.00034870789386332035,699.8121356239426,False,False,False,True,0.0,1.1760778427124023,,0.0,8026,Reasoning bodies exclude closing-think; answer count includes terminal EOS. No pretence these bodies count inserted bridges.
leetcode/3466,H50,0,50,5047,317826465d49a4fa11b135e7c3bf5b80649144a8c3f06393cfca877ccb3d06da,549914331944268541,3003452579435650555,7129df72a244ebabfa0d2f4dc8ffe1a304d94ec2e56f65957da4f699042a453a,54ca026f3cdb443fe97f1b9be4af73f7c4c4b2dcb49e632ec4ecdf4f88ce3c07,True,False,pass,10094,819.3062379579642,5328,7.147397499997169,3233,177.55513966700528,683,38.84388124907855,3253,0.05618275003507733,0.008744584047235548,0.0004980419762432575,1042.9180817501037,False,False,False,True,0.0,1.1000430583953857,,0.0,8963,Reasoning bodies exclude closing-think; answer count includes terminal EOS. No pretence these bodies count inserted bridges.
leetcode/3466,H50,1,50,5047,317826465d49a4fa11b135e7c3bf5b80649144a8c3f06393cfca877ccb3d06da,549914331944268541,8096119324315324601,24e372b84e6ee924c06f6b1003ddf3f82dfb6542cfe1f0de067456c4fdf043aa,fca76daaf567ccbaefd102b8a4c8c388c59b99bf79c1042d159114eb97a3dc60,True,False,pass,10094,819.3062379579642,5328,7.147397499997169,3233,177.55513966700528,702,39.962104249047115,3326,0.059098207973875105,0.007666707970201969,0.0004980419762432575,1044.038142331934,False,False,False,True,0.0,1.0929808616638184,,0.0,8982,Reasoning bodies exclude closing-think; answer count includes terminal EOS. No pretence these bodies count inserted bridges.
leetcode/3466,H50,2,50,5047,317826465d49a4fa11b135e7c3bf5b80649144a8c3f06393cfca877ccb3d06da,549914331944268541,6725855359449060362,cf1c9e4d72a82fd338335db2f1b16b5bcd2dd3561f760054ff1dc1cf80353814,941f5422faf1913911eae22e35be7c952288a3fb1468e6e7c0ac945122b10dfe,True,False,pass,10094,819.3062379579642,5328,7.147397499997169,3233,177.55513966700528,740,42.17884499998763,3491,0.05957845808006823,0.007051958004012704,0.0004980419762432575,1046.2547485830146,False,False,False,True,0.0,1.1037836074829102,,0.0,9020,Reasoning bodies exclude closing-think; answer count includes terminal EOS. No pretence these bodies count inserted bridges.
leetcode/3466,H75,0,75,7570,317826465d49a4fa11b135e7c3bf5b80649144a8c3f06393cfca877ccb3d06da,549914331944268541,3003452579435650555,747aaa4f00ae6587c7e0786513f356cb1d7d3fe02036ef769c819f05e87ae2a7,2be391f06c82b14eb3ecf1a7a9bbf21ad16883952a35c1d581a9e2bcb6df25f6,True,False,pass,10094,1249.4063097499893,7851,11.103476541000418,1885,107.19403545896057,604,35.104372250963934,2830,0.05789033300243318,0.007504416978918016,0.0006851250072941184,1402.8742738759029,False,False,False,True,0.0,1.196108102798462,,0.0,10059,Reasoning bodies exclude closing-think; answer count includes terminal EOS. No pretence these bodies count inserted bridges.
leetcode/3466,H75,1,75,7570,317826465d49a4fa11b135e7c3bf5b80649144a8c3f06393cfca877ccb3d06da,549914331944268541,8096119324315324601,56589bcf1cb688b63eb62c9a920738ed4a5319dfc659f34d3f08e192acf6f3fa,f66918db418b8d01dede954857460ca91b74717492ccead8df7b6fa02d2c0f40,True,False,pass,10094,1249.4063097499893,7851,11.103476541000418,1885,107.19403545896057,583,33.91418783296831,2804,0.05877170793246478,0.013982957927510142,0.0006851250072941184,1401.6914493737859,False,False,False,True,0.0,1.2084755897521973,,0.0,10038,Reasoning bodies exclude closing-think; answer count includes terminal EOS. No pretence these bodies count inserted bridges.
leetcode/3466,H75,2,75,7570,317826465d49a4fa11b135e7c3bf5b80649144a8c3f06393cfca877ccb3d06da,549914331944268541,6725855359449060362,f07933f312a1c43fe21615b16bdab754800c5cecd968340bf8f27d9b9bf94a26,6403186693ed1c41058dd9a4abb95597d7df1daee519cfc65e8216c57dbdc9c9,True,False,pass,10094,1249.4063097499893,7851,11.103476541000418,1885,107.19403545896057,611,35.51666658301838,2883,0.05926266696769744,0.012129832990467548,0.0006851250072941184,1403.2925659579341,False,False,False,True,0.0,1.189990758895874,,0.0,10066,Reasoning bodies exclude closing-think; answer count includes terminal EOS. No pretence these bodies count inserted bridges.
leetcode/3466,FULL_TEXT,0,100,10094,317826465d49a4fa11b135e7c3bf5b80649144a8c3f06393cfca877ccb3d06da,,3003452579435650555,3e897433a4aa4a6e18e20deeac3dad678e181d99aa604f060b71dce2e150ab9a,b1a7a4457e6eaf51abfb266f400a6a10ea4e7eb80d0303369957fd6e8533b190,True,False,pass,10094,1695.6527562499978,10375,15.524630291969515,0,0.0,572,33.57183441706002,2685,0.059115833952091634,0.008204624988138676,0.0008484999416396022,1744.8173899179092,False,False,False,True,0.0,1.2000465393066406,,0.0,10666,Reasoning bodies exclude closing-think; answer count includes terminal EOS. No pretence these bodies count inserted bridges.
leetcode/3466,FULL_TEXT,1,100,10094,317826465d49a4fa11b135e7c3bf5b80649144a8c3f06393cfca877ccb3d06da,,8096119324315324601,8c2cc18b3ba004c652ba78d4fc6644d005023c7245a2d1e960a2ce378d2b9a85,b5b29afb6e893acaf2db21b36f2deedd1bc51baa76caca76334c31f2b7b8021e,True,False,pass,10094,1695.6527562499978,10375,15.524630291969515,0,0.0,566,33.14332179306075,2691,0.060388749931007624,0.033773374976590276,0.0008484999416396022,1744.4157189598773,False,False,False,True,0.0,1.1579997539520264,,0.0,10660,Reasoning bodies exclude closing-think; answer count includes terminal EOS. No pretence these bodies count inserted bridges.
leetcode/3466,FULL_TEXT,2,100,10094,317826465d49a4fa11b135e7c3bf5b80649144a8c3f06393cfca877ccb3d06da,,6725855359449060362,eb1f23a3812184c303c4bd232f3c74d8972e0c76fc40ded7a254389e24b60647,9c1833b8bb8232f6d60ece91d8e5e5aa89adca4766d09e355df6a9fae5b18734,True,False,pass,10094,1695.6527562499978,10375,15.524630291969515,0,0.0,624,36.56281274999492,2978,0.06108949996996671,0.027492458932101727,0.0008484999416396022,1747.829629750806,False,False,False,True,0.0,1.1732051372528076,,0.0,10718,Reasoning bodies exclude closing-think; answer count includes terminal EOS. No pretence these bodies count inserted bridges.
leetcode/3466,LARGE_ONLY,0,,10094,317826465d49a4fa11b135e7c3bf5b80649144a8c3f06393cfca877ccb3d06da,,5403934187231123510,79223f54cdb2c9634593aa2efd7fcf372b3e1e88d82ec2f35fb4aa1176a93327,2348e56304b8bd6ec6e29648cb350579f45e61bf57273a2ac36b5d75cfd23dc3,True,False,pass,10094,1695.6527562499978,0,0,0,0,647,116.57691012503346,3164,0.17928854102501646,0.02576641703490168,0,1812.4347213330911,False,False,False,True,0.0,1.1837613582611084,,0.0,10741,Reasoning bodies exclude closing-think; answer count includes terminal EOS. No pretence these bodies count inserted bridges.
leetcode/3466,LARGE_ONLY,1,,10094,317826465d49a4fa11b135e7c3bf5b80649144a8c3f06393cfca877ccb3d06da,,7699816666453319668,41691a60fd248dc6a436bac4055a09e6dbc9ce60001f0661771ecd9fa05c1633,b9e887cb6d8c2bc2a71c31f5ca647a7560ba4b1ce6057c91d6325ffbdff13a08,True,False,pass,10094,1695.6527562499978,0,0,0,0,572,102.64375016698614,2737,0.1809079999802634,0.06258191599044949,0,1798.5399963329546,False,False,False,True,0.0,1.1748714447021484,,0.0,10666,Reasoning bodies exclude closing-think; answer count includes terminal EOS. No pretence these bodies count inserted bridges.
leetcode/3466,LARGE_ONLY,2,,10094,317826465d49a4fa11b135e7c3bf5b80649144a8c3f06393cfca877ccb3d06da,,1399353344785881178,2d6f352cad2be8c4cf24dbcc0c18f741d72361b91f9bef66dfecca9df171920a,b6f402f912098b410a3dd6f499149ae9b3b6eb64ab6ced4a636e7c03bbd4e5dc,True,False,pass,10094,1695.6527562499978,0,0,0,0,608,109.058934291068,2981,0.18156362499576062,0.05159091699169949,0,1804.9448450830532,False,False,False,True,0.0,1.1811258792877197,,0.0,10702,Reasoning bodies exclude closing-think; answer count includes terminal EOS. No pretence these bodies count inserted bridges.
atcoder/abc359_d,SMALL_ONLY,0,0,0,e3185bd5bc967536940c2d2df2b917472978d4b089c844601f75e67e878a1398,4596981014547960717,6535414297461310640,25bbdd1fe1bb6882e7ceaa5db33f3f186f9ce263b7eb29367e09aae9b6c2017e,9aa0168912215163f793260c8861e10271ac96c5d5ecd177d478a3d68b46953a,True,False,pass,9829,0.0,514,0.6781830419786274,13966,777.8430303339846,748,48.28032258304302,3325,0.06421112501993775,0.010601332993246615,0.0001901249634101987,826.8765385419829,False,False,False,True,0.0,2.1742451190948486,,0.0,14714,Reasoning bodies exclude closing-think; answer count includes terminal EOS. No pretence these bodies count inserted bridges.
atcoder/abc359_d,SMALL_ONLY,1,0,0,e3185bd5bc967536940c2d2df2b917472978d4b089c844601f75e67e878a1398,4596981014547960717,9045226885709350700,8208bc08cc1a7faa0c7c1656bb337bd3f60a2aee7d50c2cbfe008c42b8541b50,79d9f10d169a635dd859a2cfef50ccad6fc38e5e9a401d1df27b54421545747f,True,False,pass,9829,0.0,514,0.6781830419786274,13966,777.8430303339846,715,45.908854124951176,3204,0.06618025002535433,0.0551386660663411,0.0001901249634101987,824.5515765419696,False,False,False,True,0.0,2.181697368621826,,0.0,14681,Reasoning bodies exclude closing-think; answer count includes terminal EOS. No pretence these bodies count inserted bridges.
atcoder/abc359_d,SMALL_ONLY,2,0,0,e3185bd5bc967536940c2d2df2b917472978d4b089c844601f75e67e878a1398,4596981014547960717,3615548428059379675,6721341a2e1149d93a78274627533415b09d2c8942ed495248b187f41a6356c4,f98f06da5e4fc24bba314cbff1d9e97ba19a2a2411f183894a5c5e5a25d38774,True,False,pass,9829,0.0,514,0.6781830419786274,13966,777.8430303339846,692,44.39888991613407,3129,0.07942337507847697,0.03226379200350493,0.0001901249634101987,823.0319805841427,False,False,False,True,0.0,2.1587414741516113,,0.0,14658,Reasoning bodies exclude closing-think; answer count includes terminal EOS. No pretence these bodies count inserted bridges.
atcoder/abc359_d,H10,0,10,982,e3185bd5bc967536940c2d2df2b917472978d4b089c844601f75e67e878a1398,4596981014547960717,6535414297461310640,bbf685fb1f32022b43b8691845b99cb7839c5c8a2eaff39e331b52382053f1cf,d96aa4f30ad00141a6c56a9cd726e87a3e2891a762883928585402e150fef34a,True,False,pass,9829,157.32004512503045,1496,1.8673253749730065,10224,558.072481540963,758,46.04074645694345,3349,0.06116325000766665,0.027065083966590464,0.00023849995341151953,763.3890653318376,False,False,False,True,0.0,2.0613012313842773,,0.0,11964,Reasoning bodies exclude closing-think; answer count includes terminal EOS. No pretence these bodies count inserted bridges.
atcoder/abc359_d,H10,1,10,982,e3185bd5bc967536940c2d2df2b917472978d4b089c844601f75e67e878a1398,4596981014547960717,9045226885709350700,411f504d24d4af89a44ed98e74704a5b2b8af50a9c3781d08075c47fd43ad74e,610fa52536377835609bfe96e26db221b03e79d096d56fb1904be3d0c05c617c,True,False,pass,9829,157.32004512503045,1496,1.8673253749730065,10224,558.072481540963,781,47.205442582955584,3443,0.06293924991041422,0.053064291016198695,0.00023849995341151953,764.5815366648021,False,False,False,True,0.0,2.0679211616516113,,0.0,11987,Reasoning bodies exclude closing-think; answer count includes terminal EOS. No pretence these bodies count inserted bridges.
atcoder/abc359_d,H10,2,10,982,e3185bd5bc967536940c2d2df2b917472978d4b089c844601f75e67e878a1398,4596981014547960717,3615548428059379675,27051b8092f8eb64489033505336ee80a9f1ec9aede5a29f88fbd28014990f89,383c27fd52dafcb1b3a3768f2038afe1aa8e65fbf23e21d6cfdfdfedc5d676d9,True,False,pass,9829,157.32004512503045,1496,1.8673253749730065,10224,558.072481540963,734,44.307973916991614,3162,0.06276445800904185,0.05506070901174098,0.00023849995341151953,761.6858896249323,False,False,False,True,0.0,2.058750867843628,,0.0,11940,Reasoning bodies exclude closing-think; answer count includes terminal EOS. No pretence these bodies count inserted bridges.
atcoder/abc359_d,H25,0,25,2457,e3185bd5bc967536940c2d2df2b917472978d4b089c844601f75e67e878a1398,4596981014547960717,6535414297461310640,a968b2548a6a042e5bef3e35265138e5ad8019561751a128f5833034fd11380a,60728a72c84fc544082f0c173d9d169f6987aae8954b08b162e7e9feaa07a98b,True,False,pass,9829,394.1916766249924,2971,3.77293379092589,10986,623.4134407920064,711,45.3888167910045,3321,0.06323416705708951,0.012304040952585638,0.00033529195934534073,1066.8427414988982,False,False,False,True,0.0,2.262277126312256,,0.0,14154,Reasoning bodies exclude closing-think; answer count includes terminal EOS. No pretence these bodies count inserted bridges.
atcoder/abc359_d,H25,1,25,2457,e3185bd5bc967536940c2d2df2b917472978d4b089c844601f75e67e878a1398,4596981014547960717,9045226885709350700,255c93d664688f3471991ee08b56536255ba264abab77391104954a04f55faf5,29d5a6cff9f21fbb26cb281667b6e59090669163a4acc030f9fae227c5f36c85,True,False,pass,9829,394.1916766249924,2971,3.77293379092589,10986,623.4134407920064,773,49.08799725107383,3620,0.06543041695840657,0.04762287496123463,0.00033529195934534073,1070.5794370428775,False,False,False,True,0.0,2.268686056137085,,0.0,14216,Reasoning bodies exclude closing-think; answer count includes terminal EOS. No pretence these bodies count inserted bridges.
atcoder/abc359_d,H25,2,25,2457,e3185bd5bc967536940c2d2df2b917472978d4b089c844601f75e67e878a1398,4596981014547960717,3615548428059379675,874be9eee58de48718208de53f5247074d2ae473ed45b2f367694cf3046b27ec,8f63146ce69add3c1a5fe40dda998c684c5ae37339370116387e9fe2cd4e5479,True,False,pass,9829,394.1916766249924,2971,3.77293379092589,10986,623.4134407920064,745,47.346105541917495,3461,0.06478133308701217,0.04747454100288451,0.00033529195934534073,1068.8367479158915,False,False,False,True,0.0,2.2786805629730225,,0.0,14188,Reasoning bodies exclude closing-think; answer count includes terminal EOS. No pretence these bodies count inserted bridges.
atcoder/abc359_d,H50,0,50,4914,e3185bd5bc967536940c2d2df2b917472978d4b089c844601f75e67e878a1398,4596981014547960717,6535414297461310640,c4821d7f82863d014cc91755baece964e7bf0a08882a095c0b5025b5e792e04f,54d935afd0c5c0c9e4a95408054adfaea0c7afe82264094691b102f524a52c9e,True,False,pass,9829,801.1179850420449,5428,7.267015375080518,4345,241.95763891597744,729,42.43823154096026,3384,0.0578087919857353,0.008896084036678076,0.0005053339991718531,1092.8480810840847,False,False,False,True,0.0,2.2311670780181885,,0.0,9988,Reasoning bodies exclude closing-think; answer count includes terminal EOS. No pretence these bodies count inserted bridges.
atcoder/abc359_d,H50,1,50,4914,e3185bd5bc967536940c2d2df2b917472978d4b089c844601f75e67e878a1398,4596981014547960717,9045226885709350700,249486f59553f0d69a228cd9e73b766023a043804434c24b5b5226d3bc3a3b39,16c8aa0856b21aeac2133afd28aa6d10166d4eeee74dd85ce21c8c3ae44a8c1c,True,False,pass,9829,801.1179850420449,5428,7.267015375080518,4345,241.95763891597744,714,41.53329220903106,3256,0.058901957934722304,0.012334708007983863,0.0005053339991718531,1091.9476735420758,False,False,False,True,0.0,2.207418441772461,,0.0,9973,Reasoning bodies exclude closing-think; answer count includes terminal EOS. No pretence these bodies count inserted bridges.
atcoder/abc359_d,H50,2,50,4914,e3185bd5bc967536940c2d2df2b917472978d4b089c844601f75e67e878a1398,4596981014547960717,3615548428059379675,5845ae4b01e80fd51be2519dd2b53c20b47b12ebc50d4bbec715171ffe8ae816,6f35aabb91781d98eebd92d5739cd6b3557c7142fabe006631b478ae858774b5,True,False,pass,9829,801.1179850420449,5428,7.267015375080518,4345,241.95763891597744,751,43.70949591801036,3336,0.05981729202903807,0.00976820895448327,0.0005053339991718531,1094.122226086096,False,False,False,True,0.0,2.20809006690979,,0.0,10010,Reasoning bodies exclude closing-think; answer count includes terminal EOS. No pretence these bodies count inserted bridges.
atcoder/abc359_d,H75,0,75,7371,e3185bd5bc967536940c2d2df2b917472978d4b089c844601f75e67e878a1398,4596981014547960717,6535414297461310640,0b84deb5bdcd35f8f48184fc428c58245ac64ab1d6c0335abd3f834b2ebee09b,8af5e67845859b9dca174eea9cfd42efa0f06e8928a2accff06841c854156313,True,False,pass,9829,1221.2074513330008,7885,11.169681124971248,3980,231.25632533302996,676,41.03470116702374,3152,0.05933249997906387,0.014875167049467564,0.0006511659594252706,1504.7430177910137,False,False,False,True,0.0,2.6076033115386963,,0.0,12027,Reasoning bodies exclude closing-think; answer count includes terminal EOS. No pretence these bodies count inserted bridges.
atcoder/abc359_d,H75,1,75,7371,e3185bd5bc967536940c2d2df2b917472978d4b089c844601f75e67e878a1398,4596981014547960717,9045226885709350700,76936f2f1f872f77d70cdb56aa020d9807e2a9bcd1d8317c53325279586bef92,fc2df3e0adc250b8e072929452927ff2fe30d32204aed8625d42d9810ecf2d1a,True,False,pass,9829,1221.2074513330008,7885,11.169681124971248,3980,231.25632533302996,750,45.41229487396777,3447,0.06399433291517198,0.056972459075041115,0.0006511659594252706,1509.1673706229194,False,False,False,True,0.0,2.6472156047821045,,0.0,12101,Reasoning bodies exclude closing-think; answer count includes terminal EOS. No pretence these bodies count inserted bridges.
atcoder/abc359_d,H75,2,75,7371,e3185bd5bc967536940c2d2df2b917472978d4b089c844601f75e67e878a1398,4596981014547960717,3615548428059379675,2c8186adcfcd7408984122c904ab47fdbb71e0414230bae2a7f154b4cfffabfd,34622f2d543f79dd654c2beb1cfe51e724702e4c2a2480004e64b399a21ee2d2,True,False,pass,9829,1221.2074513330008,7885,11.169681124971248,3980,231.25632533302996,725,43.99435062590055,3406,0.06300099997315556,0.05238037498202175,0.0006511659594252706,1507.7438409578172,False,False,False,True,0.0,2.667724132537842,,0.0,12076,Reasoning bodies exclude closing-think; answer count includes terminal EOS. No pretence these bodies count inserted bridges.
atcoder/abc359_d,FULL_TEXT,0,100,9829,e3185bd5bc967536940c2d2df2b917472978d4b089c844601f75e67e878a1398,,6535414297461310640,6ff04b06a69a01f9bbc99518beb52203c549066d3a20a6b9dd0f391fba2f7176,606771384086c257f689fc1f6055c7b685d9fe5e8deb6e317dd92e5d11314cb0,True,False,pass,9829,1655.7064016670338,10343,15.452132957987487,0,0.0,749,44.14751191600226,3470,0.059814417036250234,0.008105874992907047,0.0008276660228148103,1715.3747944990755,False,False,False,True,0.0,2.6463091373443604,,0.0,10578,Reasoning bodies exclude closing-think; answer count includes terminal EOS. No pretence these bodies count inserted bridges.
atcoder/abc359_d,FULL_TEXT,1,100,9829,e3185bd5bc967536940c2d2df2b917472978d4b089c844601f75e67e878a1398,,9045226885709350700,54b2f711885027629df7c33a16e4702a496dd591d022168e7efab0b6532005ee,5cf90f7a06dc3a9272133e71e3ab7364a90859c3cc98ffd8a118792d74e67470,True,False,pass,9829,1655.7064016670338,10343,15.452132957987487,0,0.0,745,43.885378333041444,3430,0.060531208058819175,0.011564958025701344,0.0008276660228148103,1715.11683679017,False,False,False,True,0.0,2.65580415725708,,0.0,10574,Reasoning bodies exclude closing-think; answer count includes terminal EOS. No pretence these bodies count inserted bridges.
atcoder/abc359_d,FULL_TEXT,2,100,9829,e3185bd5bc967536940c2d2df2b917472978d4b089c844601f75e67e878a1398,,3615548428059379675,d4eb0c766ae2d81a730a906e3bb4d96585355fe51a1c023d29273f6f96e7985d,2205551751b0f6fa628ec388313f49d6760c6f998fdf503c5280268b4738f0ac,True,False,pass,9829,1655.7064016670338,10343,15.452132957987487,0,0.0,784,46.1520083330106,3607,0.06038749997969717,0.011746875010430813,0.0008276660228148103,1717.3835049990448,False,False,False,True,0.0,2.628910779953003,,0.0,10613,Reasoning bodies exclude closing-think; answer count includes terminal EOS. No pretence these bodies count inserted bridges.
atcoder/abc359_d,LARGE_ONLY,0,,9829,e3185bd5bc967536940c2d2df2b917472978d4b089c844601f75e67e878a1398,,3568751880633798454,1065de0a1e21fe7a325ef94c7bdcc3c87d524806228f278ff7a08c90b2e4044a,50c959418b977afb60d070a5a33171e691bac27afeb32ac38865088bd0a6572a,True,False,pass,9829,1655.7064016670338,0,0,0,0,783,141.175380041881,3594,0.17957574996398762,0.022816959011834115,0,1797.0841744178906,False,False,False,True,0.0,2.6236112117767334,,0.0,10612,Reasoning bodies exclude closing-think; answer count includes terminal EOS. No pretence these bodies count inserted bridges.
atcoder/abc359_d,LARGE_ONLY,1,,9829,e3185bd5bc967536940c2d2df2b917472978d4b089c844601f75e67e878a1398,,5062729654514304931,0dc850bc73867fac6a2695bccac21c24e2cf68cc6d91c36b20f24119744fca9d,c123332a10643d089c89826a13f6f9bc80c7a91fa29e2e716e998f14f98fb5fc,True,False,pass,9829,1655.7064016670338,0,0,0,0,823,147.91706612403505,3859,0.18105066590942442,0.05892745801247656,0,1803.8634459149907,False,False,False,True,0.0,2.622023820877075,,0.0,10652,Reasoning bodies exclude closing-think; answer count includes terminal EOS. No pretence these bodies count inserted bridges.
atcoder/abc359_d,LARGE_ONLY,2,,9829,e3185bd5bc967536940c2d2df2b917472978d4b089c844601f75e67e878a1398,,5717619108668350920,b0fe235b019644233f1d1cc3f8cdf37342eaf20f9f913bb3d943b66497905568,d58718fa7769fd8a81a72df41c78b9e4be5142629aa1487eed18a687c70859e5,True,False,pass,9829,1655.7064016670338,0,0,0,0,716,128.58844420791138,3374,0.18098720803391188,0.05846825009211898,0,1784.5343013330712,False,False,False,True,0.0,2.6441359519958496,,0.0,10545,Reasoning bodies exclude closing-think; answer count includes terminal EOS. No pretence these bodies count inserted bridges.
