kind,path,sha256,task_id,condition,source_loading_seconds,receiver_loading_seconds,mapper_initialization_seconds,checkpoint_load_seconds,started_epoch,completed_epoch
mapper_checkpoint,primary/tasks/atcoder__abc365_a/mapper_loads/108w4mmsquk207_generation_1_1789824975188407083_FIXED_H.json,85d03c7b6fcccc0a474c678d20b8d9311dbd6bc9dcdc0d315524cfe1ddf1d3bd,atcoder/abc365_a,FIXED_H,,,,0.5809744382277131,,
mapper_checkpoint,primary/tasks/atcoder__abc365_a/mapper_loads/108w4mmsquk207_generation_1_1789824975188407083_FIXED_M.json,007253d1e3df111987cd3ca399a683341dfd2d575d85b7a7effb811b017f112e,atcoder/abc365_a,FIXED_M,,,,0.5268427296541631,,
mapper_checkpoint,primary/tasks/atcoder__abc365_a/mapper_loads/108w4mmsquk207_generation_1_1789824975188407083_ROTATING_H.json,a348652f75547ed79d5b991534e27a961511bf3dc188553fdc71b8857d8fa170,atcoder/abc365_a,ROTATING_H,,,,0.9762730081565678,,
mapper_checkpoint,primary/tasks/atcoder__abc365_a/mapper_loads/108w4mmsquk207_generation_1_1789824975188407083_ROTATING_M.json,2acb566b3268b82aa990aaee53bc6e6293b1be5def8f6af937ad90440ee08e25,atcoder/abc365_a,ROTATING_M,,,,1.0080567267723382,,
mapper_checkpoint,primary/tasks/atcoder__abc365_c/mapper_loads/9hlpwazgwe1flj_generation_1_1789832656469872527_FIXED_H.json,576a7e6cb36687643ce44238da80344cb17f2d7ac67bfc28efef8b18f220cfb5,atcoder/abc365_c,FIXED_H,,,,0.5369593149516732,,
mapper_checkpoint,primary/tasks/atcoder__abc365_c/mapper_loads/9hlpwazgwe1flj_generation_1_1789832656469872527_FIXED_M.json,3663c6532f54f3f622ff81ac1a74d89df383e318a967127f53ee2769a833a373,atcoder/abc365_c,FIXED_M,,,,0.5305652569513768,,
mapper_checkpoint,primary/tasks/atcoder__abc365_c/mapper_loads/9hlpwazgwe1flj_generation_1_1789832656469872527_ROTATING_H.json,d9d94131f89ec4f5c68509ca5619242368c0a7c8196c9687de1077de752e9741,atcoder/abc365_c,ROTATING_H,,,,0.5251604849472642,,
mapper_checkpoint,primary/tasks/atcoder__abc365_c/mapper_loads/9hlpwazgwe1flj_generation_1_1789832656469872527_ROTATING_M.json,5ab3af3df2cb6ede5aabd3daf25fb4bc0f70431ac463fc73ba26a0753d0ec8b1,atcoder/abc365_c,ROTATING_M,,,,0.5232752009760588,,
mapper_checkpoint,primary/tasks/atcoder__abc366_c/mapper_loads/oianuofedm84rt_generation_2_1789824916910890488_FIXED_H.json,721195b39183656eadde304ffdffb88c9cb292222ebca9690628be1d8f6e54ba,atcoder/abc366_c,FIXED_H,,,,0.5264150470029563,,
mapper_checkpoint,primary/tasks/atcoder__abc366_c/mapper_loads/oianuofedm84rt_generation_2_1789824916910890488_FIXED_M.json,d70d5cf05c6530916ce16c336a2e6f18a35886c3f5d3e334c436c85d67f46a1d,atcoder/abc366_c,FIXED_M,,,,0.5261843849439174,,
mapper_checkpoint,primary/tasks/atcoder__abc366_c/mapper_loads/oianuofedm84rt_generation_2_1789824916910890488_ROTATING_M.json,afdf0681a5f33bf9749ef9df88ab32a449474acb36e98a0840437e21c0e63708,atcoder/abc366_c,ROTATING_M,,,,0.5198162039741874,,
mapper_checkpoint,primary/tasks/atcoder__abc366_d/mapper_loads/108w4mmsquk207_generation_1_1789824975188407083_FIXED_H.json,0c6c9bac413950f74d0e0ca056d99c613a8271da793884b6ba25f8da18ab1d9e,atcoder/abc366_d,FIXED_H,,,,0.5349841131828725,,
mapper_checkpoint,primary/tasks/atcoder__abc366_d/mapper_loads/108w4mmsquk207_generation_1_1789824975188407083_FIXED_M.json,4faa2d49ca506f1efc84f612626a8621043e4db70122eb0b247fa1dc380d868e,atcoder/abc366_d,FIXED_M,,,,1.762502983212471,,
mapper_checkpoint,primary/tasks/atcoder__abc366_d/mapper_loads/108w4mmsquk207_generation_1_1789824975188407083_ROTATING_H.json,e17eb40b1e7c5aa0130f233df83db75618891d6de89de107911f74eedacccc67,atcoder/abc366_d,ROTATING_H,,,,1.0699551901780069,,
mapper_checkpoint,primary/tasks/atcoder__abc366_d/mapper_loads/108w4mmsquk207_generation_1_1789824975188407083_ROTATING_M.json,0cd1054f9611a22e931981eb88e9425095d2b43e9899f12300b29572ba416812,atcoder/abc366_d,ROTATING_M,,,,0.9965451550669968,,
mapper_checkpoint,primary/tasks/atcoder__abc366_f/mapper_loads/oianuofedm84rt_generation_2_1789824916910890488_FIXED_H.json,c9d991dbfaede1706054b966d7f92d1094a60230fbc4154fc3ef84ff10d424b5,atcoder/abc366_f,FIXED_H,,,,0.4832184750121087,,
mapper_checkpoint,primary/tasks/atcoder__abc366_f/mapper_loads/oianuofedm84rt_generation_2_1789824916910890488_ROTATING_H.json,921d84a922412ac3d3cfdb972e6c66949c0d18b2e297f2845877d1ec4baf9075,atcoder/abc366_f,ROTATING_H,,,,0.4846327870618552,,
mapper_checkpoint,primary/tasks/atcoder__abc366_f/mapper_loads/oianuofedm84rt_generation_2_1789824916910890488_ROTATING_M.json,f92678e4b5572339799f5205bebbaed133ebeca26f0e30c5e557034e46891800,atcoder/abc366_f,ROTATING_M,,,,0.4878197950311005,,
mapper_checkpoint,primary/tasks/atcoder__abc366_g/mapper_loads/9hlpwazgwe1flj_generation_1_1789832656469872527_FIXED_H.json,5fb73c8ad452e561d8991b21f4d6993656051e8799ec8d240cc2c506120bb69c,atcoder/abc366_g,FIXED_H,,,,0.5324331559240818,,
mapper_checkpoint,primary/tasks/atcoder__abc366_g/mapper_loads/9hlpwazgwe1flj_generation_1_1789832656469872527_FIXED_M.json,8bf4db7735fe636ee26e3008d4bc0f447403c27998bf19ec90997d96452032b0,atcoder/abc366_g,FIXED_M,,,,0.5103211610112339,,
mapper_checkpoint,primary/tasks/atcoder__abc366_g/mapper_loads/9hlpwazgwe1flj_generation_1_1789832656469872527_ROTATING_H.json,dfaded7ad600f6ad038f52db13c0c86fb75cce15041097999df040df2f58d550,atcoder/abc366_g,ROTATING_H,,,,0.47831846587359905,,
mapper_checkpoint,primary/tasks/atcoder__abc366_g/mapper_loads/9hlpwazgwe1flj_generation_1_1789832656469872527_ROTATING_M.json,38cd41336d9926dab2c05c3cecc8be7ca5afffcd1a0b2cc56cb672841f3672d1,atcoder/abc366_g,ROTATING_M,,,,0.5214604779612273,,
mapper_checkpoint,primary/tasks/atcoder__abc367_b/mapper_loads/xnm5v7v3p05b0x_generation_0_1789852543547327728_FIXED_H.json,0fe126e853a30bcf91aa829a6f53952d8cf084675b694a707c20799bdbc653e9,atcoder/abc367_b,FIXED_H,,,,0.4831041300203651,,
mapper_checkpoint,primary/tasks/atcoder__abc367_b/mapper_loads/xnm5v7v3p05b0x_generation_0_1789852543547327728_FIXED_M.json,dd91e2f7eb706345f0d42033b5acd4833581c8b7bc6ebf622b2a7902cb652543,atcoder/abc367_b,FIXED_M,,,,0.4862459299620241,,
mapper_checkpoint,primary/tasks/atcoder__abc367_b/mapper_loads/xnm5v7v3p05b0x_generation_0_1789852543547327728_ROTATING_H.json,871fe71efd81797d693880148b41898d5f0a269b20dae125798b0162d5afdde5,atcoder/abc367_b,ROTATING_H,,,,0.4727020189166069,,
mapper_checkpoint,primary/tasks/atcoder__abc367_b/mapper_loads/xnm5v7v3p05b0x_generation_0_1789852543547327728_ROTATING_M.json,c89f23a4cdba200177af73772c0b903cc8a672a60cb6caeb10d2146c509b8f9f,atcoder/abc367_b,ROTATING_M,,,,0.4723224719054997,,
mapper_checkpoint,primary/tasks/atcoder__abc367_e/mapper_loads/nv36660gsdcw11_generation_0_1789824988462409312_FIXED_H.json,8ed382e1ebb73ca0caf25a4ef82c6979b031d0698ee3a8ff97b505dff566b01b,atcoder/abc367_e,FIXED_H,,,,0.5740425977855921,,
mapper_checkpoint,primary/tasks/atcoder__abc367_e/mapper_loads/nv36660gsdcw11_generation_0_1789824988462409312_FIXED_M.json,ffed75720168d11f48977843336648d29da6f26b735114aed39a94db98d5fd3d,atcoder/abc367_e,FIXED_M,,,,0.5656991805881262,,
mapper_checkpoint,primary/tasks/atcoder__abc367_e/mapper_loads/nv36660gsdcw11_generation_0_1789824988462409312_ROTATING_M.json,9a3e1a448d4e2eb555fd6ff739af4eeeed3785e9f0f641c144551d78e3107172,atcoder/abc367_e,ROTATING_M,,,,0.37375993467867374,,
mapper_checkpoint,primary/tasks/atcoder__abc368_c/mapper_loads/w0ycaqip586bjh_generation_0_1789824951358354911_FIXED_H.json,a923af00a1e459f57c88a93b53943b79da8cd55f4209f6908a6b71ba0928d61b,atcoder/abc368_c,FIXED_H,,,,0.41355706565082073,,
mapper_checkpoint,primary/tasks/atcoder__abc368_c/mapper_loads/w0ycaqip586bjh_generation_0_1789824951358354911_FIXED_M.json,f1d86deb9b373c92a093845aa1d472c1437997869712ff5a3ef94cbf8a8f305f,atcoder/abc368_c,FIXED_M,,,,0.4183253338560462,,
mapper_checkpoint,primary/tasks/atcoder__abc368_c/mapper_loads/w0ycaqip586bjh_generation_0_1789824951358354911_ROTATING_H.json,88d7e96c3648a8693d1a78f0dd0a77def364601626ad85bdc7a74c92071ec10c,atcoder/abc368_c,ROTATING_H,,,,0.40990482782945037,,
mapper_checkpoint,primary/tasks/atcoder__abc368_c/mapper_loads/w0ycaqip586bjh_generation_0_1789824951358354911_ROTATING_M.json,7c7ea1cea3052fb0d5a860c10d91316a8f200261285420f8477a78c634c0ae24,atcoder/abc368_c,ROTATING_M,,,,0.41434123180806637,,
mapper_checkpoint,primary/tasks/atcoder__abc368_d/mapper_loads/9hlpwazgwe1flj_generation_1_1789832656469872527_FIXED_H.json,fbe54f09699e90b11bb522cd2447c726d3d577d7d29ef54a8b3b149fbb6ff9ac,atcoder/abc368_d,FIXED_H,,,,0.5275989528745413,,
mapper_checkpoint,primary/tasks/atcoder__abc368_d/mapper_loads/9hlpwazgwe1flj_generation_1_1789832656469872527_FIXED_M.json,ca7e7dd6f62ea70af18fd70b532a0ef514ef188ca949fc620ec997115b2c0d44,atcoder/abc368_d,FIXED_M,,,,0.5348721260670573,,
mapper_checkpoint,primary/tasks/atcoder__abc368_d/mapper_loads/9hlpwazgwe1flj_generation_1_1789832656469872527_ROTATING_H.json,7b42dc86204c3b0ca730da9f0acf9d547ce5952bc56350f524a265226c2d7794,atcoder/abc368_d,ROTATING_H,,,,0.527919836807996,,
mapper_checkpoint,primary/tasks/atcoder__abc368_d/mapper_loads/9hlpwazgwe1flj_generation_1_1789832656469872527_ROTATING_M.json,8b41272b64b42e5c74fc6d4baf7525abd71531bc41a5ff1795bbc6b4ef7b15c0,atcoder/abc368_d,ROTATING_M,,,,0.5239417271222919,,
mapper_checkpoint,primary/tasks/atcoder__abc368_e/mapper_loads/oianuofedm84rt_generation_2_1789824916910890488_FIXED_H.json,93d775314403331231bb0f09de91f7f874f9ccfd80eb69c5df8a8c04dff75c21,atcoder/abc368_e,FIXED_H,,,,0.5124784628860652,,
mapper_checkpoint,primary/tasks/atcoder__abc368_e/mapper_loads/oianuofedm84rt_generation_2_1789824916910890488_FIXED_M.json,9fefe5577743e491103643c3ab64a0b5f16829c5d316dae2608f0e2dfe6231b3,atcoder/abc368_e,FIXED_M,,,,0.5222467728890479,,
mapper_checkpoint,primary/tasks/atcoder__abc368_e/mapper_loads/oianuofedm84rt_generation_2_1789824916910890488_ROTATING_H.json,f15665ec3ff8d0695ac20227cfbd826ad2cc7940888a3cec4878bc44c234abfb,atcoder/abc368_e,ROTATING_H,,,,0.5055691311135888,,
mapper_checkpoint,primary/tasks/atcoder__abc368_e/mapper_loads/oianuofedm84rt_generation_2_1789824916910890488_ROTATING_M.json,41f199079648e532916996312e9b372e7829cc9ef7d3166c2cc06db4e7c541ae,atcoder/abc368_e,ROTATING_M,,,,0.5231378821190447,,
mapper_checkpoint,primary/tasks/atcoder__abc368_f/mapper_loads/oianuofedm84rt_generation_2_1789824916910890488_FIXED_H.json,6cc9a1797fb97c9ecc05c6486a59f255798a67d6a9e15bdd178058c92ee0876a,atcoder/abc368_f,FIXED_H,,,,0.48748120409436524,,
mapper_checkpoint,primary/tasks/atcoder__abc368_f/mapper_loads/oianuofedm84rt_generation_2_1789824916910890488_FIXED_M.json,9c54f9665033c9439446dde30c913a9459edc5fcafe83876c78a1ea5e5e54771,atcoder/abc368_f,FIXED_M,,,,0.480400059139356,,
mapper_checkpoint,primary/tasks/atcoder__abc368_f/mapper_loads/oianuofedm84rt_generation_2_1789824916910890488_ROTATING_H.json,3519a6ec4bee081e4a197e556d120a80ce7082faa419ac0bb4f6cdeeac55e0a9,atcoder/abc368_f,ROTATING_H,,,,0.48510217294096947,,
mapper_checkpoint,primary/tasks/atcoder__abc368_f/mapper_loads/oianuofedm84rt_generation_2_1789824916910890488_ROTATING_M.json,6218622d5a9a037e66ccda2a2f0ffe97adab53d8915614e6527dfa929800c4e1,atcoder/abc368_f,ROTATING_M,,,,0.4831258449703455,,
mapper_checkpoint,primary/tasks/atcoder__abc368_g/mapper_loads/w0ycaqip586bjh_generation_0_1789824951358354911_FIXED_H.json,bda383ea5204f85b64bb4a85515f369136543d9ff4a10271c1f2d68921dfdb83,atcoder/abc368_g,FIXED_H,,,,0.41779230115935206,,
mapper_checkpoint,primary/tasks/atcoder__abc368_g/mapper_loads/w0ycaqip586bjh_generation_0_1789824951358354911_ROTATING_H.json,9ab577dbc5f601805ff99a0aef1bde1e9372209d02e3660e73cd808671d41a0f,atcoder/abc368_g,ROTATING_H,,,,0.4108512788079679,,
mapper_checkpoint,primary/tasks/atcoder__abc368_g/mapper_loads/w0ycaqip586bjh_generation_0_1789824951358354911_ROTATING_M.json,fb2cb1f6561bb2633e168f56de91a39c3f4b458be803093b18f7e1caf1662e63,atcoder/abc368_g,ROTATING_M,,,,0.4114225469529629,,
mapper_checkpoint,primary/tasks/atcoder__abc369_a/mapper_loads/nv36660gsdcw11_generation_0_1789824988462409312_FIXED_H.json,2c069dd2a437eb71e16a82fd721f1baeddc489586c94e02837772951f5b5d468,atcoder/abc369_a,FIXED_H,,,,0.4866187050938606,,
mapper_checkpoint,primary/tasks/atcoder__abc369_a/mapper_loads/nv36660gsdcw11_generation_0_1789824988462409312_FIXED_M.json,4264e9af5355d05919e2cb18c18ffe1d76e1faa6de08de17e2cfbba15a255e0a,atcoder/abc369_a,FIXED_M,,,,0.552459042519331,,
mapper_checkpoint,primary/tasks/atcoder__abc369_a/mapper_loads/nv36660gsdcw11_generation_0_1789824988462409312_ROTATING_H.json,751af3cf40436d586f3aed19a30a362b0c273115077d30cfbeef29dc24c8f2f5,atcoder/abc369_a,ROTATING_H,,,,0.7404743190854788,,
mapper_checkpoint,primary/tasks/atcoder__abc369_a/mapper_loads/nv36660gsdcw11_generation_0_1789824988462409312_ROTATING_M.json,78c634f01d4f8704f9a3da0f679c3ca634549a03cc4b633c2eeebc813c214b92,atcoder/abc369_a,ROTATING_M,,,,0.48038013465702534,,
mapper_checkpoint,primary/tasks/atcoder__abc369_d/mapper_loads/nv36660gsdcw11_generation_0_1789824988462409312_FIXED_H.json,58807cc19eb674ff43861aad2f796ceeca622b72c9959d1293fc237fc5615456,atcoder/abc369_d,FIXED_H,,,,0.48177061416208744,,
mapper_checkpoint,primary/tasks/atcoder__abc369_d/mapper_loads/nv36660gsdcw11_generation_0_1789824988462409312_FIXED_M.json,516301cb666cde6c3b2db894ee2223a4ff8849803dd2244d00c6340aee1ba672,atcoder/abc369_d,FIXED_M,,,,0.4567189123481512,,
mapper_checkpoint,primary/tasks/atcoder__abc369_d/mapper_loads/nv36660gsdcw11_generation_0_1789824988462409312_ROTATING_H.json,5e9d70693eb4ca42a5c2b651aec2a8e86d1b96a83a5482652836161729c5ea0b,atcoder/abc369_d,ROTATING_H,,,,0.4849266894161701,,
mapper_checkpoint,primary/tasks/atcoder__abc369_d/mapper_loads/nv36660gsdcw11_generation_0_1789824988462409312_ROTATING_M.json,1750b308bdc54f520a6618cfc07bce13c8f1d28aea7aa194add8a1fae19e5fb7,atcoder/abc369_d,ROTATING_M,,,,0.4820748120546341,,
mapper_checkpoint,primary/tasks/atcoder__abc370_d/mapper_loads/nv36660gsdcw11_generation_0_1789824988462409312_FIXED_H.json,dd15ef99432a4ab61430d964155862f5a72b7c2b2f2dfb36eab45f01076bf18c,atcoder/abc370_d,FIXED_H,,,,0.3759975787252188,,
mapper_checkpoint,primary/tasks/atcoder__abc370_d/mapper_loads/nv36660gsdcw11_generation_0_1789824988462409312_ROTATING_H.json,94c062fbf9cb35a45775ae1adb18a2fbb24b90295f635ac5b48ad8ac920cae5e,atcoder/abc370_d,ROTATING_H,,,,0.40872934833168983,,
mapper_checkpoint,primary/tasks/atcoder__abc370_d/mapper_loads/nv36660gsdcw11_generation_0_1789824988462409312_ROTATING_M.json,7e9e4f1cc051583ff7cdb6a594e94f05fb9128b2dd4e8b440e981681a0d5ede6,atcoder/abc370_d,ROTATING_M,,,,0.412113668397069,,
mapper_checkpoint,primary/tasks/atcoder__abc370_e/mapper_loads/oianuofedm84rt_generation_2_1789824916910890488_FIXED_H.json,ad4944e433d5985dea4b528809c9a2b4ce33ca29264ab2ce71023e4e376984f3,atcoder/abc370_e,FIXED_H,,,,0.48918069317005575,,
mapper_checkpoint,primary/tasks/atcoder__abc370_e/mapper_loads/oianuofedm84rt_generation_2_1789824916910890488_FIXED_M.json,e5840d420def3fd6483a6d12037b62b76b3fbb9ebdb9b70cfcd27c52192796bd,atcoder/abc370_e,FIXED_M,,,,0.4965759131591767,,
mapper_checkpoint,primary/tasks/atcoder__abc370_e/mapper_loads/oianuofedm84rt_generation_2_1789824916910890488_ROTATING_H.json,16197ecc862348b699b290047fdcca136ccca039873d1924706ec1a3578988bf,atcoder/abc370_e,ROTATING_H,,,,0.4930103230290115,,
mapper_checkpoint,primary/tasks/atcoder__abc370_e/mapper_loads/oianuofedm84rt_generation_2_1789824916910890488_ROTATING_M.json,f2b2e917be16bf3fb21f138e9636287f2d677a782f468a00c385523eb5062550,atcoder/abc370_e,ROTATING_M,,,,0.49381002108566463,,
mapper_checkpoint,primary/tasks/atcoder__abc370_f/mapper_loads/w0ycaqip586bjh_generation_0_1789824951358354911_FIXED_H.json,2cce0acf589e49f29acb6f05ab992ed3e552d6227c2a18b29a79dca2daf1295d,atcoder/abc370_f,FIXED_H,,,,0.4128674059174955,,
mapper_checkpoint,primary/tasks/atcoder__abc370_f/mapper_loads/w0ycaqip586bjh_generation_0_1789824951358354911_FIXED_M.json,467e6d3324a82d61d05cc413a12ca0587b0ab9d2930131f76ee0ff1d6b886a5b,atcoder/abc370_f,FIXED_M,,,,0.41976348310709,,
mapper_checkpoint,primary/tasks/atcoder__abc370_f/mapper_loads/w0ycaqip586bjh_generation_0_1789824951358354911_ROTATING_H.json,29eb6cb6df4d7f94b9944dcd37e479904c0788849c7855c71eb35711ac6b4e63,atcoder/abc370_f,ROTATING_H,,,,0.4082050481811166,,
mapper_checkpoint,primary/tasks/atcoder__abc371_b/mapper_loads/108w4mmsquk207_generation_1_1789824975188407083_FIXED_H.json,9b831a3df8897b6789642cceef59fc1833f4d8c1d9ef7cd63122da871d554429,atcoder/abc371_b,FIXED_H,,,,0.5309200431220233,,
mapper_checkpoint,primary/tasks/atcoder__abc371_b/mapper_loads/108w4mmsquk207_generation_1_1789824975188407083_FIXED_M.json,16088b2262fbf3f8794720f180394c85d4b143de962b439d47c6e449b77935bc,atcoder/abc371_b,FIXED_M,,,,0.5460782451555133,,
mapper_checkpoint,primary/tasks/atcoder__abc371_b/mapper_loads/108w4mmsquk207_generation_1_1789824975188407083_ROTATING_H.json,d67c6dd2de91853a72a3bb80ff3f1d46e84337b6171a7bcc0daab673a28d9bec,atcoder/abc371_b,ROTATING_H,,,,1.018530748784542,,
mapper_checkpoint,primary/tasks/atcoder__abc371_c/mapper_loads/v7ud2o1wx86y9e_generation_0_1789818824225652223_FIXED_H.json,44d38705bc71a8e7f6bfc8593a99c1fc5b06bc905e98ab65f75753d9bd2ba672,atcoder/abc371_c,FIXED_H,,,,0.45244818599894643,,
mapper_checkpoint,primary/tasks/atcoder__abc371_c/mapper_loads/v7ud2o1wx86y9e_generation_0_1789818824225652223_FIXED_M.json,0f5d93ba1c1b3e6a6bd908c29a25c924583d43033163bf9a6006cc80f1cd3fa0,atcoder/abc371_c,FIXED_M,,,,0.9625915349461138,,
mapper_checkpoint,primary/tasks/atcoder__abc371_c/mapper_loads/v7ud2o1wx86y9e_generation_0_1789818824225652223_ROTATING_M.json,a13a8c6f4295334278b903776610067d3228b49ab58a234303a882c56dfe1e2e,atcoder/abc371_c,ROTATING_M,,,,0.8362516448833048,,
mapper_checkpoint,primary/tasks/atcoder__abc372_g/mapper_loads/w0ycaqip586bjh_generation_0_1789824951358354911_FIXED_H.json,bf58a0938ff7cfe5c0c88f2057f92aa97289931a91b7f99afb2530386241a98d,atcoder/abc372_g,FIXED_H,,,,0.4143999759107828,,
mapper_checkpoint,primary/tasks/atcoder__abc372_g/mapper_loads/w0ycaqip586bjh_generation_0_1789824951358354911_FIXED_M.json,b58298a87f2b40e5f619a2ff6c8ee3ecd05ac44ddfbcbea0e34b2ebb54861d18,atcoder/abc372_g,FIXED_M,,,,0.43606582609936595,,
mapper_checkpoint,primary/tasks/atcoder__abc372_g/mapper_loads/w0ycaqip586bjh_generation_0_1789824951358354911_ROTATING_H.json,55baa410aec234ec1fedf79d9a6d5f52b85806aa8a0068ae2818398c8497aa4a,atcoder/abc372_g,ROTATING_H,,,,0.4075858290307224,,
mapper_checkpoint,primary/tasks/atcoder__abc372_g/mapper_loads/w0ycaqip586bjh_generation_0_1789824951358354911_ROTATING_M.json,00b9d22af341012d6736797ceee5d9da722a66b78665d0fb0bca72badf1d2113,atcoder/abc372_g,ROTATING_M,,,,0.4140454367734492,,
mapper_checkpoint,primary/tasks/atcoder__abc373_a/mapper_loads/nv36660gsdcw11_generation_0_1789824988462409312_FIXED_H.json,8afc39e55861266e4240a80c5a6d6c6405d319c57a1d1cbd60b8f2af1f208b54,atcoder/abc373_a,FIXED_H,,,,0.5735448952764273,,
mapper_checkpoint,primary/tasks/atcoder__abc373_a/mapper_loads/nv36660gsdcw11_generation_0_1789824988462409312_FIXED_M.json,8ffcd4df7be4bfefb45af9152932ead17d0ade5fbe6bb72dae8a587b4f5616be,atcoder/abc373_a,FIXED_M,,,,0.509075403213501,,
mapper_checkpoint,primary/tasks/atcoder__abc373_a/mapper_loads/nv36660gsdcw11_generation_0_1789824988462409312_ROTATING_H.json,626368564488ebc499f0ed9a93a1d3ba555265531e86cc3a72e3469c0cb17774,atcoder/abc373_a,ROTATING_H,,,,0.47518972866237164,,
mapper_checkpoint,primary/tasks/atcoder__abc373_a/mapper_loads/nv36660gsdcw11_generation_0_1789824988462409312_ROTATING_M.json,0c8b8975d8d173e8608baa39db271b5ebf736ed9f210b7f62eaaed417574d47c,atcoder/abc373_a,ROTATING_M,,,,0.48646023869514465,,
mapper_checkpoint,primary/tasks/atcoder__abc373_b/mapper_loads/108w4mmsquk207_generation_1_1789824975188407083_FIXED_H.json,b1cdc6bebdcf408d7dc6a117ccaf42c62f937e98f230d201d6c5d2ea7b387266,atcoder/abc373_b,FIXED_H,,,,0.542833250015974,,
mapper_checkpoint,primary/tasks/atcoder__abc373_b/mapper_loads/108w4mmsquk207_generation_1_1789824975188407083_FIXED_M.json,517df3a08dad2f45604e47b39a0eaf750824db4bafd26284cbe2182b3d9d4047,atcoder/abc373_b,FIXED_M,,,,0.5405084621161222,,
mapper_checkpoint,primary/tasks/atcoder__abc373_b/mapper_loads/108w4mmsquk207_generation_1_1789824975188407083_ROTATING_H.json,b76fd111807593e74f0bd16fb0c17aac4a6f82ce56ea383d8aba5137348ddfe8,atcoder/abc373_b,ROTATING_H,,,,1.0748011651448905,,
mapper_checkpoint,primary/tasks/atcoder__abc373_b/mapper_loads/108w4mmsquk207_generation_1_1789824975188407083_ROTATING_M.json,0365694a93aa9823cbe701222809852759f69bebc9ad4623a412751fd877a7ea,atcoder/abc373_b,ROTATING_M,,,,1.198819950222969,,
mapper_checkpoint,primary/tasks/atcoder__abc373_c/mapper_loads/nv36660gsdcw11_generation_0_1789824988462409312_FIXED_H.json,074b78f84bac9c827abad7096b2599dddb240e5d87ba034964199accc68f5e34,atcoder/abc373_c,FIXED_H,,,,0.5272347535938025,,
mapper_checkpoint,primary/tasks/atcoder__abc373_c/mapper_loads/nv36660gsdcw11_generation_0_1789824988462409312_FIXED_M.json,dc846aeb8852f0718ad6e13c7b942478c17bf1e7e0e8f889014f2c1c3ed39df0,atcoder/abc373_c,FIXED_M,,,,0.48780728690326214,,
mapper_checkpoint,primary/tasks/atcoder__abc373_c/mapper_loads/nv36660gsdcw11_generation_0_1789824988462409312_ROTATING_H.json,ffa61e9053fcb0935adc4ebd4463d00750bf2101f0c9aed5bdbe395d89e62c78,atcoder/abc373_c,ROTATING_H,,,,0.4946509748697281,,
mapper_checkpoint,primary/tasks/atcoder__abc373_c/mapper_loads/nv36660gsdcw11_generation_0_1789824988462409312_ROTATING_M.json,93617da4503d26c02e374533efb8e5c14f92a8e0b95e02e250d594ae27b77746,atcoder/abc373_c,ROTATING_M,,,,0.49814433231949806,,
mapper_checkpoint,primary/tasks/atcoder__abc373_e/mapper_loads/oianuofedm84rt_generation_2_1789824916910890488_FIXED_H.json,fde7d28c3ff91508ca97cf07efc61c8e8dcc1373d9f8403787f2b32cbbcab7a1,atcoder/abc373_e,FIXED_H,,,,0.5124250210355967,,
mapper_checkpoint,primary/tasks/atcoder__abc373_e/mapper_loads/oianuofedm84rt_generation_2_1789824916910890488_FIXED_M.json,942770093b6180c38b6844d0fc54cf37f3ab925ab3bf6d6332e31af626b0e49a,atcoder/abc373_e,FIXED_M,,,,0.530110407853499,,
mapper_checkpoint,primary/tasks/atcoder__abc373_e/mapper_loads/oianuofedm84rt_generation_2_1789824916910890488_ROTATING_H.json,2cb3d6b4d42463ac15fcdca3f53193b8138007959f30679201ddfd0cdd60331d,atcoder/abc373_e,ROTATING_H,,,,0.5120348399505019,,
mapper_checkpoint,primary/tasks/atcoder__abc373_e/mapper_loads/oianuofedm84rt_generation_2_1789824916910890488_ROTATING_M.json,575d52c7c531fbc2f3deb879722712bc2ee8e7e771cd913717d3300292e857a7,atcoder/abc373_e,ROTATING_M,,,,0.5163506290409714,,
mapper_checkpoint,primary/tasks/atcoder__abc373_g/mapper_loads/oianuofedm84rt_generation_2_1789824916910890488_FIXED_H.json,c86d4e4b4cbf9bc147dc9ba97fc2b5016817a4635134d1d7fac74b3acd15db48,atcoder/abc373_g,FIXED_H,,,,0.5338026881217957,,
mapper_checkpoint,primary/tasks/atcoder__abc373_g/mapper_loads/oianuofedm84rt_generation_2_1789824916910890488_FIXED_M.json,9aea0f0dd777c0c4555205ee4c0b5681efb2a765204b9f2b0aba3810ee253350,atcoder/abc373_g,FIXED_M,,,,0.5349083449691534,,
mapper_checkpoint,primary/tasks/atcoder__abc373_g/mapper_loads/oianuofedm84rt_generation_2_1789824916910890488_ROTATING_H.json,82f3707020be58054aa63382fdee2bb98ed60ac12683baea2163795f456fbe20,atcoder/abc373_g,ROTATING_H,,,,0.5396013900171965,,
mapper_checkpoint,primary/tasks/atcoder__abc374_a/mapper_loads/9hlpwazgwe1flj_generation_1_1789832656469872527_FIXED_H.json,6306cfe29157589fea49bd3dc61bb1426b0a1fdbb3c1ce7f5a40d4e0f4a2cda2,atcoder/abc374_a,FIXED_H,,,,0.5256251529790461,,
mapper_checkpoint,primary/tasks/atcoder__abc374_a/mapper_loads/9hlpwazgwe1flj_generation_1_1789832656469872527_FIXED_M.json,70262bcd5cac68b76ed4bd289590fd749ad25b3ff4377ffbfaef5a570ffa988e,atcoder/abc374_a,FIXED_M,,,,0.5343031100928783,,
mapper_checkpoint,primary/tasks/atcoder__abc374_a/mapper_loads/9hlpwazgwe1flj_generation_1_1789832656469872527_ROTATING_H.json,96c7569f6dc16f6a7e08a73083c6fc5b948214f5432dcec9559a3e42d50e05c6,atcoder/abc374_a,ROTATING_H,,,,0.517155336914584,,
mapper_checkpoint,primary/tasks/atcoder__abc374_a/mapper_loads/9hlpwazgwe1flj_generation_1_1789832656469872527_ROTATING_M.json,c5ca9ff05851e40186c753f5656a86d5adb209ea246be194e5bd0172245150de,atcoder/abc374_a,ROTATING_M,,,,0.5237751498352736,,
mapper_checkpoint,primary/tasks/atcoder__abc374_b/mapper_loads/w0ycaqip586bjh_generation_0_1789824951358354911_FIXED_H.json,07b116306017a9b775f45b230ad2f51ae0fb9bee3485e3a3e73224233fe95d55,atcoder/abc374_b,FIXED_H,,,,0.41782052209600806,,
mapper_checkpoint,primary/tasks/atcoder__abc374_b/mapper_loads/w0ycaqip586bjh_generation_0_1789824951358354911_FIXED_M.json,6c08cb29d7f8cf16d4673d8de3db68dc9501942b18a67e8891e49fed3bae0b0b,atcoder/abc374_b,FIXED_M,,,,0.42382865492254496,,
mapper_checkpoint,primary/tasks/atcoder__abc374_b/mapper_loads/w0ycaqip586bjh_generation_0_1789824951358354911_ROTATING_H.json,4d7f726856787a07210d26b37eba77cce7fe2e390fb1e048f61a990802aa8ee3,atcoder/abc374_b,ROTATING_H,,,,0.4110145312733948,,
mapper_checkpoint,primary/tasks/atcoder__abc374_b/mapper_loads/w0ycaqip586bjh_generation_0_1789824951358354911_ROTATING_M.json,bb2cbb1548e1e4b6c123e6d9c6c87c18451b6c06770699d32db69c7081d0c134,atcoder/abc374_b,ROTATING_M,,,,0.41023642709478736,,
mapper_checkpoint,primary/tasks/atcoder__abc374_c/mapper_loads/108w4mmsquk207_generation_1_1789824975188407083_FIXED_H.json,24bf7592818b162133a526da876b4a02778d43c01b7632143b51565abea5c0b7,atcoder/abc374_c,FIXED_H,,,,0.5268387882970273,,
mapper_checkpoint,primary/tasks/atcoder__abc374_c/mapper_loads/108w4mmsquk207_generation_1_1789824975188407083_FIXED_M.json,cbb5535248f9fd55bde5b962f984a17941e8b3622863e8c4465d229125ebecac,atcoder/abc374_c,FIXED_M,,,,0.5404183766804636,,
mapper_checkpoint,primary/tasks/atcoder__abc374_c/mapper_loads/108w4mmsquk207_generation_1_1789824975188407083_ROTATING_H.json,16a3fd1d26844cd88ab6e785c993e1103b918d1fc99412fed7488e6420556a48,atcoder/abc374_c,ROTATING_H,,,,0.9302206849679351,,
mapper_checkpoint,primary/tasks/atcoder__abc374_c/mapper_loads/108w4mmsquk207_generation_1_1789824975188407083_ROTATING_M.json,4c88f97155d602de6b85c3c1301ef9ba6265046d090c9a34ba179995ef244310,atcoder/abc374_c,ROTATING_M,,,,1.5893487422727048,,
mapper_checkpoint,primary/tasks/atcoder__abc374_d/mapper_loads/108w4mmsquk207_generation_1_1789824975188407083_FIXED_H.json,a5b56cdd6a5d2f2b4a8513429e3256fbf4df88dc96a2a58493e3da3534894976,atcoder/abc374_d,FIXED_H,,,,0.5061927041970193,,
mapper_checkpoint,primary/tasks/atcoder__abc374_d/mapper_loads/108w4mmsquk207_generation_1_1789824975188407083_FIXED_M.json,d2737a928ab459830656d2b1f16ffe78e06845c1724de98e0508b85e07b8fedc,atcoder/abc374_d,FIXED_M,,,,0.5286568212322891,,
mapper_checkpoint,primary/tasks/atcoder__abc374_d/mapper_loads/108w4mmsquk207_generation_1_1789824975188407083_ROTATING_H.json,0da25b0dfcc47a377dc5b9c28f5290b844739a1a9b3e82c678945791c030e951,atcoder/abc374_d,ROTATING_H,,,,1.0939266718924046,,
mapper_checkpoint,primary/tasks/atcoder__abc374_d/mapper_loads/108w4mmsquk207_generation_1_1789824975188407083_ROTATING_M.json,9b2d9148f4cc725ac1aab896c4fa2eba746812a9bb661656217b838f2a9aec4d,atcoder/abc374_d,ROTATING_M,,,,1.2670338959433138,,
mapper_checkpoint,primary/tasks/atcoder__abc375_a/mapper_loads/mytncdi1st3sjc_generation_0_1789829479706277413_FIXED_H.json,ad106a10fa8420298758e101af919cc782e896cde78b7a6655397827d5b9a3fd,atcoder/abc375_a,FIXED_H,,,,0.6672722473740578,,
mapper_checkpoint,primary/tasks/atcoder__abc375_a/mapper_loads/mytncdi1st3sjc_generation_0_1789829479706277413_FIXED_M.json,c1c813170948a536bfefbc02e4bafff85800c734d900635a25e8d7c6babc4a0d,atcoder/abc375_a,FIXED_M,,,,0.6330211721360683,,
mapper_checkpoint,primary/tasks/atcoder__abc375_a/mapper_loads/mytncdi1st3sjc_generation_0_1789829479706277413_ROTATING_H.json,54dd124e9ec6aa6b1a1efec3484df44a19fd1277d91f28c5adb25930fcde5a21,atcoder/abc375_a,ROTATING_H,,,,0.6307369396090508,,
mapper_checkpoint,primary/tasks/atcoder__abc375_a/mapper_loads/mytncdi1st3sjc_generation_0_1789829479706277413_ROTATING_M.json,d2f08bd88af517e16c0b7e22cbd83a550f91b9765f6dddd2e9ab1b2f2d000013,atcoder/abc375_a,ROTATING_M,,,,0.6197640970349312,,
mapper_checkpoint,primary/tasks/atcoder__abc375_e/mapper_loads/108w4mmsquk207_generation_1_1789824975188407083_FIXED_H.json,c816fafb4e0e539dc1deb34d2cd3ae696f4e623c90326a7963af34dca2f1d2d6,atcoder/abc375_e,FIXED_H,,,,0.5323919416405261,,
mapper_checkpoint,primary/tasks/atcoder__abc375_e/mapper_loads/108w4mmsquk207_generation_1_1789824975188407083_FIXED_M.json,888215bff99b3d44cd52aa4da45a7166a2790253bcf815f1f9f8a45d7f3558ff,atcoder/abc375_e,FIXED_M,,,,0.5300566228106618,,
mapper_checkpoint,primary/tasks/atcoder__abc375_e/mapper_loads/108w4mmsquk207_generation_1_1789824975188407083_ROTATING_H.json,af1ffbe679899f201553fb1f3d3d2bf9a78e1ae7c79b2491c77c9f775c689f32,atcoder/abc375_e,ROTATING_H,,,,0.9817819730378687,,
mapper_checkpoint,primary/tasks/atcoder__abc375_e/mapper_loads/108w4mmsquk207_generation_1_1789824975188407083_ROTATING_M.json,2cdc5a3dbde28bbddca6a1c2595054db63746c6ad677f3a43c2db1b8f04a4e46,atcoder/abc375_e,ROTATING_M,,,,0.9143449463881552,,
mapper_checkpoint,primary/tasks/atcoder__abc375_f/mapper_loads/nv36660gsdcw11_generation_0_1789824988462409312_FIXED_H.json,4cdf26eb2f2bf640ac4a09d29ac30ed8276fad988ca969830ec1f524cb0ef7f7,atcoder/abc375_f,FIXED_H,,,,0.5582309830933809,,
mapper_checkpoint,primary/tasks/atcoder__abc375_f/mapper_loads/nv36660gsdcw11_generation_0_1789824988462409312_FIXED_M.json,ca1feee2eb8c4ff89ddcfc3f48a3ac2b39c0bf53d8a8cde149b51fd3edc31eb2,atcoder/abc375_f,FIXED_M,,,,0.4313468374311924,,
mapper_checkpoint,primary/tasks/atcoder__abc375_f/mapper_loads/nv36660gsdcw11_generation_0_1789824988462409312_ROTATING_H.json,3c7d666e65e6199f89fd9e2014d786377359cb31e236971128dea81a69a048d0,atcoder/abc375_f,ROTATING_H,,,,0.5911689288914204,,
mapper_checkpoint,primary/tasks/atcoder__abc375_f/mapper_loads/nv36660gsdcw11_generation_0_1789824988462409312_ROTATING_M.json,d901cd90327d5185fadcff8cf7430834ccfdae70c335fbc4f2f159238a9f43ce,atcoder/abc375_f,ROTATING_M,,,,0.466785479336977,,
mapper_checkpoint,primary/tasks/atcoder__abc376_f/mapper_loads/nv36660gsdcw11_generation_0_1789824988462409312_FIXED_H.json,38eb5886823901efa1b8d231cc662d218cfb5fa4adbd88ab745f0ad54d941baa,atcoder/abc376_f,FIXED_H,,,,0.5558965094387531,,
mapper_checkpoint,primary/tasks/atcoder__abc376_f/mapper_loads/nv36660gsdcw11_generation_0_1789824988462409312_FIXED_M.json,4ef43e144d19433561163c68e26f92b20bb20165032db988b98ea6bdf4adc7fa,atcoder/abc376_f,FIXED_M,,,,0.5596388801932335,,
mapper_checkpoint,primary/tasks/atcoder__abc376_f/mapper_loads/nv36660gsdcw11_generation_0_1789824988462409312_ROTATING_H.json,af88de680c87aafe995a10a0b78d87f2553d66d88f2cf4b2589536431dd4f838,atcoder/abc376_f,ROTATING_H,,,,0.6219987031072378,,
mapper_checkpoint,primary/tasks/atcoder__abc376_f/mapper_loads/nv36660gsdcw11_generation_0_1789824988462409312_ROTATING_M.json,3d3ed43a6a1b0c6fb87a888dcb3526db04f6d81653ccd3d111f9bfbdc8e4ddec,atcoder/abc376_f,ROTATING_M,,,,0.5586968436837196,,
mapper_checkpoint,primary/tasks/atcoder__abc377_a/mapper_loads/hrtrqibwru06o6_generation_1_1789827321680860919_FIXED_H.json,b45a49e65b6e8a7239b07075fc9bd1a5abd0628434305098524c6429f9abd60f,atcoder/abc377_a,FIXED_H,,,,0.40009037498384714,,
mapper_checkpoint,primary/tasks/atcoder__abc377_a/mapper_loads/hrtrqibwru06o6_generation_1_1789827321680860919_ROTATING_H.json,aed474716d97cde5ce29c996a34457d038d971aeddf01153fa6699c35c8fe78e,atcoder/abc377_a,ROTATING_H,,,,0.40070699201896787,,
mapper_checkpoint,primary/tasks/atcoder__abc377_a/mapper_loads/hrtrqibwru06o6_generation_1_1789827321680860919_ROTATING_M.json,9f27c5b57baa5f28e41449d5ae3fccddfcc80f4ef7547b0bdf78c52a907ac1fa,atcoder/abc377_a,ROTATING_M,,,,0.5002818000502884,,
mapper_checkpoint,primary/tasks/atcoder__abc377_b/mapper_loads/108w4mmsquk207_generation_1_1789824975188407083_FIXED_H.json,818c3b5049550dda7505edb047b27e5b41f881b4e93d3382d5e0145d70b02160,atcoder/abc377_b,FIXED_H,,,,0.5526665979996324,,
mapper_checkpoint,primary/tasks/atcoder__abc377_b/mapper_loads/108w4mmsquk207_generation_1_1789824975188407083_FIXED_M.json,04e88caccf9634df611ee8784c0dc892d3c8b895f0c87cbb28af5c96f9c27e09,atcoder/abc377_b,FIXED_M,,,,0.5438142321072519,,
mapper_checkpoint,primary/tasks/atcoder__abc377_b/mapper_loads/108w4mmsquk207_generation_1_1789824975188407083_ROTATING_H.json,0581a200b4b06744172d2f5d8c5bf996c7b26888767f8fbf7263a381276f0eab,atcoder/abc377_b,ROTATING_H,,,,1.8682330320589244,,
mapper_checkpoint,primary/tasks/atcoder__abc377_b/mapper_loads/108w4mmsquk207_generation_1_1789824975188407083_ROTATING_M.json,d7f33a34770654e93f0e87cc458b054db3e1a4f47c15f20fadd368ff4424fc8c,atcoder/abc377_b,ROTATING_M,,,,0.9254969167523086,,
mapper_checkpoint,primary/tasks/atcoder__abc377_c/mapper_loads/nv36660gsdcw11_generation_0_1789824988462409312_FIXED_H.json,3ea7341ac1c29079e6e4d4d4d3e0de1c957b5ef7db98ac618f68796c0faff762,atcoder/abc377_c,FIXED_H,,,,0.4813743382692337,,
mapper_checkpoint,primary/tasks/atcoder__abc377_c/mapper_loads/nv36660gsdcw11_generation_0_1789824988462409312_FIXED_M.json,43388170a0c5e6060c66e4be43489162a7ee48bacc9741016efc4523badf2080,atcoder/abc377_c,FIXED_M,,,,0.559595750644803,,
mapper_checkpoint,primary/tasks/atcoder__abc377_c/mapper_loads/nv36660gsdcw11_generation_0_1789824988462409312_ROTATING_H.json,9a9f6d0589aedf80ca1b5269f9b047d2d795aae715ed0a6707613e5b1aca228c,atcoder/abc377_c,ROTATING_H,,,,0.36339040845632553,,
mapper_checkpoint,primary/tasks/atcoder__abc377_c/mapper_loads/nv36660gsdcw11_generation_0_1789824988462409312_ROTATING_M.json,32516e20cbd32610aabcd19c7296c309b08f1ff68f2c200cca97dda07efcfe84,atcoder/abc377_c,ROTATING_M,,,,0.4851618595421314,,
mapper_checkpoint,primary/tasks/atcoder__abc377_d/mapper_loads/w0ycaqip586bjh_generation_0_1789824951358354911_FIXED_H.json,9c60439c9226b0f9eed1542c78309de61fac2ebc74116852ff4c5d54b7805870,atcoder/abc377_d,FIXED_H,,,,0.4199992436915636,,
mapper_checkpoint,primary/tasks/atcoder__abc377_d/mapper_loads/w0ycaqip586bjh_generation_0_1789824951358354911_FIXED_M.json,532e405beecb7775a1fcc3ef4817d1a701803dccbbbcf5d163188046645a05ae,atcoder/abc377_d,FIXED_M,,,,0.42128964606672525,,
mapper_checkpoint,primary/tasks/atcoder__abc377_d/mapper_loads/w0ycaqip586bjh_generation_0_1789824951358354911_ROTATING_M.json,524695b0a254a0e2914247dfbef6bf3fe44d881008cf9a0a011608561f99f125,atcoder/abc377_d,ROTATING_M,,,,0.5025103827938437,,
mapper_checkpoint,primary/tasks/atcoder__abc377_g/mapper_loads/9hlpwazgwe1flj_generation_1_1789832656469872527_FIXED_H.json,34d5003fe8274bac0405dd4491e11dd6294df5e99c40887e688f85a287ee80c1,atcoder/abc377_g,FIXED_H,,,,0.514535792870447,,
mapper_checkpoint,primary/tasks/atcoder__abc377_g/mapper_loads/9hlpwazgwe1flj_generation_1_1789832656469872527_FIXED_M.json,045659e8cc4aba14640b9f9e65984b558d865ca91dd48c800a2802a567946e3c,atcoder/abc377_g,FIXED_M,,,,0.5245657220948488,,
mapper_checkpoint,primary/tasks/atcoder__abc377_g/mapper_loads/9hlpwazgwe1flj_generation_1_1789832656469872527_ROTATING_H.json,d40274fd9b16ad287db00d24751b3ecb3a2ef61490021db20da8c312d7df876d,atcoder/abc377_g,ROTATING_H,,,,0.5169406710192561,,
mapper_checkpoint,primary/tasks/atcoder__abc377_g/mapper_loads/9hlpwazgwe1flj_generation_1_1789832656469872527_ROTATING_M.json,9d4f79991c91a4f485bea82e9d03505c9c1fd9e3622605817010181a7b29e85b,atcoder/abc377_g,ROTATING_M,,,,0.49836388509720564,,
mapper_checkpoint,primary/tasks/atcoder__abc378_c/mapper_loads/oianuofedm84rt_generation_2_1789824916910890488_FIXED_M.json,09c0288edccaeff9b97067ffc3341f833a48ca7e5a907f209e2a4ad1e5f9dfa4,atcoder/abc378_c,FIXED_M,,,,0.4760855040512979,,
mapper_checkpoint,primary/tasks/atcoder__abc378_c/mapper_loads/oianuofedm84rt_generation_2_1789824916910890488_ROTATING_H.json,9e6e07ef960568873edd441096e55059b70c3dbc7b020b2ae26e9f6f020878f6,atcoder/abc378_c,ROTATING_H,,,,0.4695793390274048,,
mapper_checkpoint,primary/tasks/atcoder__abc378_c/mapper_loads/oianuofedm84rt_generation_2_1789824916910890488_ROTATING_M.json,6f5688f1a7c6e39dc89be7d28358663dd0f1885dc3dafc6b4dc8fd1b9698ff4f,atcoder/abc378_c,ROTATING_M,,,,0.46772745810449123,,
mapper_checkpoint,primary/tasks/atcoder__abc378_e/mapper_loads/oianuofedm84rt_generation_2_1789824916910890488_FIXED_H.json,ed3e4a88cfc470d4ab7eaef5f5ad863f6c26c95718ce293180c14e0b792a0885,atcoder/abc378_e,FIXED_H,,,,0.5025976898614317,,
mapper_checkpoint,primary/tasks/atcoder__abc378_e/mapper_loads/oianuofedm84rt_generation_2_1789824916910890488_FIXED_M.json,0393cd2f3af508055a39dde5e8058b2713170890b40a6720b07bb8a9048aa191,atcoder/abc378_e,FIXED_M,,,,0.49081613402813673,,
mapper_checkpoint,primary/tasks/atcoder__abc378_e/mapper_loads/oianuofedm84rt_generation_2_1789824916910890488_ROTATING_H.json,059f9ce12618e344a1004a854fc669d8ec41a6e0202a2061286bd42dc7dadbe0,atcoder/abc378_e,ROTATING_H,,,,0.4791232410352677,,
mapper_checkpoint,primary/tasks/atcoder__abc378_f/mapper_loads/nv36660gsdcw11_generation_0_1789824988462409312_FIXED_H.json,2ba4de7bd97c70edfd7f161b451a5ed534e3664262c0bfbbc7ff5fbd5692bef4,atcoder/abc378_f,FIXED_H,,,,0.4046143405139446,,
mapper_checkpoint,primary/tasks/atcoder__abc378_f/mapper_loads/nv36660gsdcw11_generation_0_1789824988462409312_ROTATING_H.json,46148402fc9d3ce6bcf1a4e6c0c14f63ab1195bda503fc64efecd6f0b7886831,atcoder/abc378_f,ROTATING_H,,,,0.5576492287218571,,
mapper_checkpoint,primary/tasks/atcoder__abc378_f/mapper_loads/nv36660gsdcw11_generation_0_1789824988462409312_ROTATING_M.json,5584027f7bffae96840afe1161abcbb25231e40e44d4d36437b1c4a4c4c91bd6,atcoder/abc378_f,ROTATING_M,,,,0.5365011021494865,,
mapper_checkpoint,primary/tasks/atcoder__abc378_g/mapper_loads/9hlpwazgwe1flj_generation_1_1789832656469872527_FIXED_H.json,39e8c35c260d88d11aba3e2fc3dadc20cf494ea0a8526a33b0ec8253ab5d0b3c,atcoder/abc378_g,FIXED_H,,,,0.5254905500914901,,
mapper_checkpoint,primary/tasks/atcoder__abc378_g/mapper_loads/9hlpwazgwe1flj_generation_1_1789832656469872527_FIXED_M.json,6c132371853038583abaed47885dedf0ce5c94cd84e2557f4e3d3ee87e6cdc23,atcoder/abc378_g,FIXED_M,,,,0.5339915091171861,,
mapper_checkpoint,primary/tasks/atcoder__abc378_g/mapper_loads/9hlpwazgwe1flj_generation_1_1789832656469872527_ROTATING_H.json,e72afb818432475e18aa23b0daafe65d9b486e0fcfda3f59d8479059aafd370d,atcoder/abc378_g,ROTATING_H,,,,0.5240435029845685,,
mapper_checkpoint,primary/tasks/atcoder__abc378_g/mapper_loads/9hlpwazgwe1flj_generation_1_1789832656469872527_ROTATING_M.json,ae391533c345d15df5bcf41a6d7ff094a956c8e8beba0628ec5fb29898f0ae49,atcoder/abc378_g,ROTATING_M,,,,0.5196247969288379,,
mapper_checkpoint,primary/tasks/atcoder__abc379_c/mapper_loads/oianuofedm84rt_generation_2_1789824916910890488_FIXED_H.json,fbe0b1d9249c7ac6da97e5cc8091e5ce767dca2a1c207d3a930686f9f6d51ba8,atcoder/abc379_c,FIXED_H,,,,0.48513323883526027,,
mapper_checkpoint,primary/tasks/atcoder__abc379_c/mapper_loads/oianuofedm84rt_generation_2_1789824916910890488_FIXED_M.json,76a505165becebe81b690d44a1a26823e59f58627f17df4459f991b4d396cefb,atcoder/abc379_c,FIXED_M,,,,0.4779367190785706,,
mapper_checkpoint,primary/tasks/atcoder__abc379_c/mapper_loads/oianuofedm84rt_generation_2_1789824916910890488_ROTATING_H.json,c11c681e25b7626672b1855aff751873a4d59da1de762a8277aad6ab2561139d,atcoder/abc379_c,ROTATING_H,,,,0.4821477110963315,,
mapper_checkpoint,primary/tasks/atcoder__abc379_c/mapper_loads/oianuofedm84rt_generation_2_1789824916910890488_ROTATING_M.json,f78e63b840ab48bd82e11cf49c870ac47acdd0ded7cbb12e43962d394c31621b,atcoder/abc379_c,ROTATING_M,,,,0.4818907759618014,,
mapper_checkpoint,primary/tasks/atcoder__abc379_d/mapper_loads/108w4mmsquk207_generation_1_1789824975188407083_FIXED_H.json,c00df07a1f7e30124a7b2276fb6cf2228a4d7dcdb64a77ff022cec0cd32a7af6,atcoder/abc379_d,FIXED_H,,,,0.5420876299031079,,
mapper_checkpoint,primary/tasks/atcoder__abc379_d/mapper_loads/108w4mmsquk207_generation_1_1789824975188407083_FIXED_M.json,8144b9994fa91d9a22f1eba99d456145827e381830dab7e6264746e6235f63a8,atcoder/abc379_d,FIXED_M,,,,0.5638715270906687,,
mapper_checkpoint,primary/tasks/atcoder__abc379_d/mapper_loads/108w4mmsquk207_generation_1_1789824975188407083_ROTATING_H.json,b6555d66d58375154c094e0d1344f2df968facb6afbb03dcc3d1e1f694680752,atcoder/abc379_d,ROTATING_H,,,,1.5491946060210466,,
mapper_checkpoint,primary/tasks/atcoder__abc380_b/mapper_loads/9hlpwazgwe1flj_generation_1_1789832656469872527_FIXED_H.json,0ecc09a92714a9c9a7def8ccf6818d47355f47009e26ff823a44355aaf79ec4d,atcoder/abc380_b,FIXED_H,,,,0.5343125921208411,,
mapper_checkpoint,primary/tasks/atcoder__abc380_b/mapper_loads/9hlpwazgwe1flj_generation_1_1789832656469872527_FIXED_M.json,9f829afe2e936de0ef450fd84e1d0bdc085188888cf153c9a1702c2bec2f6d1b,atcoder/abc380_b,FIXED_M,,,,0.5329359830357134,,
mapper_checkpoint,primary/tasks/atcoder__abc380_b/mapper_loads/9hlpwazgwe1flj_generation_1_1789832656469872527_ROTATING_M.json,a064b6ad7407e874e3aab26cdbfa8f251810613850e16820ffd8d2f5723f4b6c,atcoder/abc380_b,ROTATING_M,,,,0.5278393789194524,,
mapper_checkpoint,primary/tasks/atcoder__abc380_g/mapper_loads/108w4mmsquk207_generation_1_1789824975188407083_FIXED_H.json,274e5c1e0ac63bfc4252036625f9c815539a90edadf6c6951b937e0612fa18ad,atcoder/abc380_g,FIXED_H,,,,0.5348288719542325,,
mapper_checkpoint,primary/tasks/atcoder__abc380_g/mapper_loads/108w4mmsquk207_generation_1_1789824975188407083_FIXED_M.json,6e4516d8e0929b909cf67949c1cba25d4017fd0539c8c6804fb2fce615ab2028,atcoder/abc380_g,FIXED_M,,,,0.546651491895318,,
mapper_checkpoint,primary/tasks/atcoder__abc380_g/mapper_loads/108w4mmsquk207_generation_1_1789824975188407083_ROTATING_H.json,63c156e1a8dfbca9bb5d93bd94470a61918c8af8514bac6eaa0a69c8f5425552,atcoder/abc380_g,ROTATING_H,,,,0.9426490538753569,,
mapper_checkpoint,primary/tasks/atcoder__abc380_g/mapper_loads/108w4mmsquk207_generation_1_1789824975188407083_ROTATING_M.json,e4fd9a8b8af5b84e2607b1492d6e41a736f304848ed36d01a4573cfe35adaf1a,atcoder/abc380_g,ROTATING_M,,,,1.0316547323018312,,
mapper_checkpoint,primary/tasks/atcoder__abc381_b/mapper_loads/oianuofedm84rt_generation_2_1789824916910890488_FIXED_H.json,3c5edcc04fa992d3e21245ac0e1e47bdc300ca9998d8758a532603c5a7ec8aa2,atcoder/abc381_b,FIXED_H,,,,0.4860234239604324,,
mapper_checkpoint,primary/tasks/atcoder__abc381_b/mapper_loads/oianuofedm84rt_generation_2_1789824916910890488_FIXED_M.json,060aa5a4b07e37dff83bbaf853db7867602554977d4d14f632a2c879b0926fdd,atcoder/abc381_b,FIXED_M,,,,0.49268106697127223,,
mapper_checkpoint,primary/tasks/atcoder__abc381_b/mapper_loads/oianuofedm84rt_generation_2_1789824916910890488_ROTATING_H.json,8e2cd62c51134475d6d3c13eaddbabbe83e973c90f3a0a5c070ed9d55338ca84,atcoder/abc381_b,ROTATING_H,,,,0.4764381779823452,,
mapper_checkpoint,primary/tasks/atcoder__abc381_b/mapper_loads/oianuofedm84rt_generation_2_1789824916910890488_ROTATING_M.json,36ba25d4acfbefd026e21a47cc0cb4df3938de063a9166b3cc9536ec2e3f06a5,atcoder/abc381_b,ROTATING_M,,,,0.4787756388541311,,
mapper_checkpoint,primary/tasks/atcoder__abc381_d/mapper_loads/9hlpwazgwe1flj_generation_1_1789832656469872527_FIXED_H.json,e3893380891d60e30615d486cddc5a5f08e753456010a0868755a45c854961d2,atcoder/abc381_d,FIXED_H,,,,0.5190010180231184,,
mapper_checkpoint,primary/tasks/atcoder__abc381_d/mapper_loads/9hlpwazgwe1flj_generation_1_1789832656469872527_FIXED_M.json,10014626f3c1e1589909dcd846249f1a5be6b80700ce009454acad09ca883ab1,atcoder/abc381_d,FIXED_M,,,,0.5192975238896906,,
mapper_checkpoint,primary/tasks/atcoder__abc381_d/mapper_loads/9hlpwazgwe1flj_generation_1_1789832656469872527_ROTATING_H.json,d507d6c61f230c9cb959803a41de1be3d79306737bccd6acd6799083d33b13d7,atcoder/abc381_d,ROTATING_H,,,,0.52665283693932,,
mapper_checkpoint,primary/tasks/atcoder__abc381_d/mapper_loads/9hlpwazgwe1flj_generation_1_1789832656469872527_ROTATING_M.json,fb1825b134f486b87fb37f611ad472d2fa222157b19eec95fdc7ac32ddb3db1d,atcoder/abc381_d,ROTATING_M,,,,0.5128112798556685,,
mapper_checkpoint,primary/tasks/atcoder__abc381_e/mapper_loads/nv36660gsdcw11_generation_0_1789824988462409312_FIXED_H.json,2e3d204fbd1f78484064d6dc9ee643f7cddb246239f0443888abe6146b9b6552,atcoder/abc381_e,FIXED_H,,,,0.7387643251568079,,
mapper_checkpoint,primary/tasks/atcoder__abc381_e/mapper_loads/nv36660gsdcw11_generation_0_1789824988462409312_FIXED_M.json,127f2c22f70ad586a80afdf2b18ea8f432bb2301a0ba9ede563da945aecadd49,atcoder/abc381_e,FIXED_M,,,,0.5600636601448059,,
mapper_checkpoint,primary/tasks/atcoder__abc381_e/mapper_loads/nv36660gsdcw11_generation_0_1789824988462409312_ROTATING_H.json,dccede04af397cd94108ed0f33d9eac1ab62b5d9015e6e9ca7450ca6902fcb81,atcoder/abc381_e,ROTATING_H,,,,0.5561550632119179,,
mapper_checkpoint,primary/tasks/atcoder__abc382_b/mapper_loads/oianuofedm84rt_generation_2_1789824916910890488_FIXED_H.json,68754cf4b34b5cfba06914b42eb638ffbaf363a9fb7a80be06557ec5639a8782,atcoder/abc382_b,FIXED_H,,,,0.46937771211378276,,
mapper_checkpoint,primary/tasks/atcoder__abc382_b/mapper_loads/oianuofedm84rt_generation_2_1789824916910890488_ROTATING_H.json,f3e54ca71b2fe7b8b0c9b9d348439599666850d0268ecf970d800fba946500d8,atcoder/abc382_b,ROTATING_H,,,,0.4676834710408002,,
mapper_checkpoint,primary/tasks/atcoder__abc382_b/mapper_loads/oianuofedm84rt_generation_2_1789824916910890488_ROTATING_M.json,04aad803f8ec1d206ca9963e80cdc6c1cb1f0948644f2034297fd38b68c81189,atcoder/abc382_b,ROTATING_M,,,,0.48248842009343207,,
mapper_checkpoint,primary/tasks/atcoder__abc384_a/mapper_loads/nv36660gsdcw11_generation_0_1789824988462409312_FIXED_H.json,be81ca067d3a45c29b31abadec2a549a7aeb18dcb8be49a318ffed5f6e3e6eb1,atcoder/abc384_a,FIXED_H,,,,0.3966520372778177,,
mapper_checkpoint,primary/tasks/atcoder__abc384_a/mapper_loads/nv36660gsdcw11_generation_0_1789824988462409312_FIXED_M.json,f600a025d4d5695c9d8b094e9a34631af15f2ca476ef8516ddc7774b2cd24e78,atcoder/abc384_a,FIXED_M,,,,0.49233781918883324,,
mapper_checkpoint,primary/tasks/atcoder__abc384_a/mapper_loads/nv36660gsdcw11_generation_0_1789824988462409312_ROTATING_H.json,ccfc75a742facf415de7d7a75f1925cee04a73320951e12d071df212e573f498,atcoder/abc384_a,ROTATING_H,,,,0.5113442111760378,,
mapper_checkpoint,primary/tasks/atcoder__abc384_a/mapper_loads/nv36660gsdcw11_generation_0_1789824988462409312_ROTATING_M.json,1e6502b3704fbc76033099d161d897ed65384e11a66e1528d86cf459f102730b,atcoder/abc384_a,ROTATING_M,,,,0.5523622501641512,,
mapper_checkpoint,primary/tasks/atcoder__abc385_a/mapper_loads/108w4mmsquk207_generation_1_1789824975188407083_FIXED_M.json,47b8461b35ba97114f6e43fcf9ecef883d9bf00968a37a72c2f475cc7d502bdd,atcoder/abc385_a,FIXED_M,,,,0.5328696737997234,,
mapper_checkpoint,primary/tasks/atcoder__abc385_a/mapper_loads/108w4mmsquk207_generation_1_1789824975188407083_ROTATING_H.json,13030d3e74d9dda3b4f19c3c47e4122e4ba8141f89248ea582a3567e91cd7f6f,atcoder/abc385_a,ROTATING_H,,,,0.9224432287737727,,
mapper_checkpoint,primary/tasks/atcoder__abc385_a/mapper_loads/108w4mmsquk207_generation_1_1789824975188407083_ROTATING_M.json,50de7e20a8f4ba36ae72d3fd1bbe6de4e33787d043bc9d7d74c25b63312c7ee8,atcoder/abc385_a,ROTATING_M,,,,0.9951196946203709,,
mapper_checkpoint,primary/tasks/atcoder__abc385_b/mapper_loads/108w4mmsquk207_generation_1_1789824975188407083_FIXED_H.json,52170cb68ae0987a4f74e81f7095aa293f5ce3643030a20bc5e20044db2a8f67,atcoder/abc385_b,FIXED_H,,,,0.5264368881471455,,
mapper_checkpoint,primary/tasks/atcoder__abc385_b/mapper_loads/108w4mmsquk207_generation_1_1789824975188407083_FIXED_M.json,bbde0b1cae48e1a539a0f53c38086d695c735b50acd963551d464adc47421355,atcoder/abc385_b,FIXED_M,,,,0.5280376370064914,,
mapper_checkpoint,primary/tasks/atcoder__abc385_b/mapper_loads/108w4mmsquk207_generation_1_1789824975188407083_ROTATING_H.json,2df72f1cec2b65bddf148f9e905df68b865ac13a5ddc5aed232d05310364d350,atcoder/abc385_b,ROTATING_H,,,,1.0244414689950645,,
mapper_checkpoint,primary/tasks/atcoder__abc385_b/mapper_loads/108w4mmsquk207_generation_1_1789824975188407083_ROTATING_M.json,faf8b2eb3fa134bdc36965b0e0d329ccb535612473754947f3ee64398800ee8f,atcoder/abc385_b,ROTATING_M,,,,0.9757326389662921,,
mapper_checkpoint,primary/tasks/atcoder__abc385_c/mapper_loads/nv36660gsdcw11_generation_0_1789824988462409312_FIXED_H.json,690bb724e1fba41912c343903da7948adc1df61b26b28fea5c5be315aafb5862,atcoder/abc385_c,FIXED_H,,,,0.5622432325035334,,
mapper_checkpoint,primary/tasks/atcoder__abc385_c/mapper_loads/nv36660gsdcw11_generation_0_1789824988462409312_FIXED_M.json,33b042a431c2d4d96ac42239f61125c0aa6800f9247d733c4f099b2a439a99fb,atcoder/abc385_c,FIXED_M,,,,0.5721093080937862,,
mapper_checkpoint,primary/tasks/atcoder__abc385_c/mapper_loads/nv36660gsdcw11_generation_0_1789824988462409312_ROTATING_H.json,109aa7a4199a81a5762e0b971dddb1afe72738eb694f78daf1a8c2f1a7bb9fc9,atcoder/abc385_c,ROTATING_H,,,,0.6123730074614286,,
mapper_checkpoint,primary/tasks/atcoder__abc385_c/mapper_loads/nv36660gsdcw11_generation_0_1789824988462409312_ROTATING_M.json,2b2a60bd7e7a21a85ba9aff6574d225aea73ccdd0f344d7525a9679278a5acea,atcoder/abc385_c,ROTATING_M,,,,0.48927392438054085,,
mapper_checkpoint,primary/tasks/atcoder__abc385_e/mapper_loads/nv36660gsdcw11_generation_0_1789824988462409312_FIXED_H.json,559c1d0d81bb813512c04fc9bd318c04bfd18fc7ae5adc885594623c45fa4281,atcoder/abc385_e,FIXED_H,,,,0.48701850697398186,,
mapper_checkpoint,primary/tasks/atcoder__abc385_e/mapper_loads/nv36660gsdcw11_generation_0_1789824988462409312_FIXED_M.json,9c23bfa3382d4dd299cf41b270f9e4f3edb270b53a44d83c48c7730115d6a7b4,atcoder/abc385_e,FIXED_M,,,,0.42069899663329124,,
mapper_checkpoint,primary/tasks/atcoder__abc385_e/mapper_loads/nv36660gsdcw11_generation_0_1789824988462409312_ROTATING_H.json,7f9fb1bf872df01cb2d50f0cdd8738ea0e9f94bdb8d231dd1b42ed35d618b449,atcoder/abc385_e,ROTATING_H,,,,0.418545663356781,,
mapper_checkpoint,primary/tasks/atcoder__abc385_e/mapper_loads/nv36660gsdcw11_generation_0_1789824988462409312_ROTATING_M.json,1e31d90ee1abe3a0d65e5ccd2a0509dac9095084a3aad4d1c96966fcf6f820e2,atcoder/abc385_e,ROTATING_M,,,,0.5794524122029543,,
mapper_checkpoint,primary/tasks/atcoder__abc385_f/mapper_loads/9hlpwazgwe1flj_generation_1_1789832656469872527_FIXED_M.json,b8cf4ec47b76f64c9f183fc8f2dc2370a227a537ee8a40d491ee3f9f9955f914,atcoder/abc385_f,FIXED_M,,,,0.5291572429705411,,
mapper_checkpoint,primary/tasks/atcoder__abc385_f/mapper_loads/9hlpwazgwe1flj_generation_1_1789832656469872527_ROTATING_H.json,acf4c33beecce1d7fdaa27e0695a2e6892e016e23dab2f164b0f9614c5a9b494,atcoder/abc385_f,ROTATING_H,,,,0.5210755651351064,,
mapper_checkpoint,primary/tasks/atcoder__abc385_f/mapper_loads/9hlpwazgwe1flj_generation_1_1789832656469872527_ROTATING_M.json,98737273ea0733f9ecbff52363970315671a42e7e84c788998d2791f177532cf,atcoder/abc385_f,ROTATING_M,,,,0.5297756739892066,,
mapper_checkpoint,primary/tasks/atcoder__abc386_a/mapper_loads/nv36660gsdcw11_generation_0_1789824988462409312_FIXED_M.json,2c9658677e96130a5c3577b857da25e54bdd7132511892a379ccd3035143861a,atcoder/abc386_a,FIXED_M,,,,0.5651234406977892,,
mapper_checkpoint,primary/tasks/atcoder__abc386_a/mapper_loads/nv36660gsdcw11_generation_0_1789824988462409312_ROTATING_H.json,de66abc91ce590e661811ab2e883bd99406878e3bc66c271da9e63dd60c23133,atcoder/abc386_a,ROTATING_H,,,,0.737419281154871,,
mapper_checkpoint,primary/tasks/atcoder__abc386_a/mapper_loads/nv36660gsdcw11_generation_0_1789824988462409312_ROTATING_M.json,95c4685b8fa0bdc93e7e00933b6dec161b2d4881174f4b68aee0ce7977181e5f,atcoder/abc386_a,ROTATING_M,,,,0.5489273108541965,,
mapper_checkpoint,primary/tasks/atcoder__abc386_e/mapper_loads/nv36660gsdcw11_generation_0_1789824988462409312_FIXED_H.json,6e557d1d331fa69792d435b1fed0ad43afa6c1faf217df334d4dda5e4316c591,atcoder/abc386_e,FIXED_H,,,,0.5743883494287729,,
mapper_checkpoint,primary/tasks/atcoder__abc386_e/mapper_loads/nv36660gsdcw11_generation_0_1789824988462409312_FIXED_M.json,4fce41e3a19f0b52c876ca624eadcabee0aff7ffc306e294e6567f22dddb0b30,atcoder/abc386_e,FIXED_M,,,,0.5619727298617363,,
mapper_checkpoint,primary/tasks/atcoder__abc386_e/mapper_loads/nv36660gsdcw11_generation_0_1789824988462409312_ROTATING_H.json,aa148bb9030271d8125c70a7e32a9595d40a74a661977e8b8532af93441d59d3,atcoder/abc386_e,ROTATING_H,,,,0.47787079960107803,,
mapper_checkpoint,primary/tasks/atcoder__abc386_e/mapper_loads/nv36660gsdcw11_generation_0_1789824988462409312_ROTATING_M.json,4ee3f0b0804690fe4dbba32a498bddcc134e9c18892b9b8eaef003607fc5274e,atcoder/abc386_e,ROTATING_M,,,,0.4732877444475889,,
mapper_checkpoint,primary/tasks/atcoder__abc386_f/mapper_loads/oianuofedm84rt_generation_2_1789824916910890488_FIXED_H.json,668c03ac08b9fc8b5529efddd65096d647e1fa0ca243e47a65b335cd14c580a6,atcoder/abc386_f,FIXED_H,,,,0.4830616151448339,,
mapper_checkpoint,primary/tasks/atcoder__abc386_f/mapper_loads/oianuofedm84rt_generation_2_1789824916910890488_FIXED_M.json,a5c954e0a495c6b4b87117cb6afa4e4bd7b706bfa6395ec96c9257fcdf0eeaa8,atcoder/abc386_f,FIXED_M,,,,0.4806255919393152,,
mapper_checkpoint,primary/tasks/atcoder__abc386_f/mapper_loads/oianuofedm84rt_generation_2_1789824916910890488_ROTATING_H.json,54992da1bcc61966edfb61d8870fccaa297e524f4e3e95eddc810612d7ad85c2,atcoder/abc386_f,ROTATING_H,,,,0.4939834971446544,,
mapper_checkpoint,primary/tasks/atcoder__abc386_f/mapper_loads/oianuofedm84rt_generation_2_1789824916910890488_ROTATING_M.json,a6352b56ba1d5012633acf2a7817d5fe7b9fc34098d6ec5ad71861ed2a8284ca,atcoder/abc386_f,ROTATING_M,,,,0.48178217001259327,,
mapper_checkpoint,primary/tasks/atcoder__abc387_a/mapper_loads/mytncdi1st3sjc_generation_0_1789829479706277413_FIXED_H.json,3139cbc1253d6e0a6dae8891df9362334b60a7e2451f823f30e271dbf854bbf0,atcoder/abc387_a,FIXED_H,,,,0.5875885002315044,,
mapper_checkpoint,primary/tasks/atcoder__abc387_a/mapper_loads/mytncdi1st3sjc_generation_0_1789829479706277413_FIXED_M.json,51896d5fd6ca45b76ab53416008a8f9cdfcbcd2c1f21833bc3c6338d3819033e,atcoder/abc387_a,FIXED_M,,,,0.6037695035338402,,
mapper_checkpoint,primary/tasks/atcoder__abc387_a/mapper_loads/mytncdi1st3sjc_generation_0_1789829479706277413_ROTATING_H.json,f632ab7c990006c5d7fc3d20a373cb72d314c364acf7d4853b41467eb732952e,atcoder/abc387_a,ROTATING_H,,,,0.5927594229578972,,
mapper_checkpoint,primary/tasks/atcoder__abc387_a/mapper_loads/mytncdi1st3sjc_generation_0_1789829479706277413_ROTATING_M.json,465b357b434b8563d1073c7eb92dc5ec93cb31dcb577affe80e90cacb6ff0903,atcoder/abc387_a,ROTATING_M,,,,0.5914707072079182,,
mapper_checkpoint,primary/tasks/atcoder__abc387_c/mapper_loads/oianuofedm84rt_generation_2_1789824916910890488_FIXED_H.json,116b9583c6d2c6216a7ec566894550ace0501b63ec0b588e171f3b0b78dd35c8,atcoder/abc387_c,FIXED_H,,,,0.49563762289471924,,
mapper_checkpoint,primary/tasks/atcoder__abc387_c/mapper_loads/oianuofedm84rt_generation_2_1789824916910890488_ROTATING_H.json,6a638739810509a522889f12dc3f3808d0efeab24976b707ebbdfd2e57bc65cf,atcoder/abc387_c,ROTATING_H,,,,0.4730895319953561,,
mapper_checkpoint,primary/tasks/atcoder__abc387_c/mapper_loads/oianuofedm84rt_generation_2_1789824916910890488_ROTATING_M.json,403b29bd51d05e8b071b4d9adf3d2f0c4498546fff09a880d13270bae9cb0da7,atcoder/abc387_c,ROTATING_M,,,,0.4850381261203438,,
mapper_checkpoint,primary/tasks/atcoder__abc387_f/mapper_loads/9hlpwazgwe1flj_generation_1_1789832656469872527_FIXED_H.json,e0ab569fb115feeb0f415bfd003ab8d1bbdc8564b243eba5c528755ba974c2ec,atcoder/abc387_f,FIXED_H,,,,0.5319371239747852,,
mapper_checkpoint,primary/tasks/atcoder__abc387_f/mapper_loads/9hlpwazgwe1flj_generation_1_1789832656469872527_FIXED_M.json,8bdc9be30e0157e183b47208a9d15e7e32838697aa5727bb9971036c23e558db,atcoder/abc387_f,FIXED_M,,,,0.5352553469128907,,
mapper_checkpoint,primary/tasks/atcoder__abc387_f/mapper_loads/9hlpwazgwe1flj_generation_1_1789832656469872527_ROTATING_H.json,616615dd1568a19dd45cea4010b1cd688a604b38d85e0a8dec42f7f33d2a6c18,atcoder/abc387_f,ROTATING_H,,,,0.5243345631752163,,
mapper_checkpoint,primary/tasks/atcoder__abc387_f/mapper_loads/9hlpwazgwe1flj_generation_1_1789832656469872527_ROTATING_M.json,fe7fc1762ae0c9887f6a52356a158b87bb6e665cddc70b520f1018a4665ee9d5,atcoder/abc387_f,ROTATING_M,,,,0.5264461690094322,,
mapper_checkpoint,primary/tasks/atcoder__abc388_d/mapper_loads/nv36660gsdcw11_generation_0_1789824988462409312_FIXED_H.json,4d68d0263a266f32643085ce008d707814befa702c6bad73571849c9c0e7fbd5,atcoder/abc388_d,FIXED_H,,,,0.5650510527193546,,
mapper_checkpoint,primary/tasks/atcoder__abc388_d/mapper_loads/nv36660gsdcw11_generation_0_1789824988462409312_ROTATING_H.json,9e4e4c8a860458fe51603001f9ddd66f1e658cf6be68160860e2f2326e2049ea,atcoder/abc388_d,ROTATING_H,,,,0.5670768562704325,,
mapper_checkpoint,primary/tasks/atcoder__abc388_d/mapper_loads/nv36660gsdcw11_generation_0_1789824988462409312_ROTATING_M.json,86fa23b9e4c0f81474751a032b4a759aa1a58e51fd091ce6aaf308cd68f21436,atcoder/abc388_d,ROTATING_M,,,,0.599613169208169,,
mapper_checkpoint,primary/tasks/atcoder__abc388_e/mapper_loads/9hlpwazgwe1flj_generation_1_1789832656469872527_FIXED_H.json,09e84a3c9c5001378c309b719469d5d18329ae5817c126c2c7e3311c5d277c96,atcoder/abc388_e,FIXED_H,,,,0.521235923981294,,
mapper_checkpoint,primary/tasks/atcoder__abc388_e/mapper_loads/9hlpwazgwe1flj_generation_1_1789832656469872527_FIXED_M.json,5727e5a2405d765c738f53a55ce0d472b84db302087be618122064569ed2efe8,atcoder/abc388_e,FIXED_M,,,,0.5429205428808928,,
mapper_checkpoint,primary/tasks/atcoder__abc388_e/mapper_loads/9hlpwazgwe1flj_generation_1_1789832656469872527_ROTATING_H.json,d1128e510a2ac250cef9dbf64e2aabe1f50c58687779f9ddb6bad4728f5bee14,atcoder/abc388_e,ROTATING_H,,,,0.5222246001940221,,
mapper_checkpoint,primary/tasks/atcoder__abc388_e/mapper_loads/9hlpwazgwe1flj_generation_1_1789832656469872527_ROTATING_M.json,e935898802826b50b7a80a55e608d47dac25b86bed9239150604019c6d252d96,atcoder/abc388_e,ROTATING_M,,,,0.5238489250186831,,
mapper_checkpoint,primary/tasks/atcoder__abc388_f/mapper_loads/108w4mmsquk207_generation_1_1789824975188407083_FIXED_H.json,7de7ac459c0053cf871c0345ed3919c35a2dd6ead7d2a021d894588d0346e9c8,atcoder/abc388_f,FIXED_H,,,,0.5360828530974686,,
mapper_checkpoint,primary/tasks/atcoder__abc388_f/mapper_loads/108w4mmsquk207_generation_1_1789824975188407083_FIXED_M.json,e2fee98eb44d5ec0be95ba34b254576e280a1e7e3617ccb9b0761d6a53ef4917,atcoder/abc388_f,FIXED_M,,,,0.5609064348973334,,
mapper_checkpoint,primary/tasks/atcoder__abc388_f/mapper_loads/108w4mmsquk207_generation_1_1789824975188407083_ROTATING_H.json,450d1ecdb895d6394324f0a7d6ce339864a0921b12e74834d8911b59d9c9eef8,atcoder/abc388_f,ROTATING_H,,,,1.0234885872341692,,
mapper_checkpoint,primary/tasks/atcoder__abc388_f/mapper_loads/108w4mmsquk207_generation_1_1789824975188407083_ROTATING_M.json,905cab32e48578f613d745700557a81219e86a185510440eaa40c04bba736d8a,atcoder/abc388_f,ROTATING_M,,,,1.1267088600434363,,
mapper_checkpoint,primary/tasks/atcoder__abc389_b/mapper_loads/oianuofedm84rt_generation_2_1789824916910890488_FIXED_H.json,272301d7aec9a2139b586343f5f5095fb5bc66d9509d399314da0b87dc69adfb,atcoder/abc389_b,FIXED_H,,,,0.486974606057629,,
mapper_checkpoint,primary/tasks/atcoder__abc389_b/mapper_loads/oianuofedm84rt_generation_2_1789824916910890488_FIXED_M.json,8e9f13a65e6800d7d5eb2544f85854c4138eeabbae009c7364f24c983eaa9f65,atcoder/abc389_b,FIXED_M,,,,0.4811615899670869,,
mapper_checkpoint,primary/tasks/atcoder__abc389_b/mapper_loads/oianuofedm84rt_generation_2_1789824916910890488_ROTATING_H.json,18748af139977074283ce71d0551b6552aee14e715cc9f8d9886969c81ff2c71,atcoder/abc389_b,ROTATING_H,,,,0.47777856793254614,,
mapper_checkpoint,primary/tasks/atcoder__abc389_b/mapper_loads/oianuofedm84rt_generation_2_1789824916910890488_ROTATING_M.json,7c9bffc9173f64d768d9b344ad2dd16853184787d26dbec7181c4a781ca3520f,atcoder/abc389_b,ROTATING_M,,,,0.4824026341084391,,
mapper_checkpoint,primary/tasks/atcoder__abc389_d/mapper_loads/9hlpwazgwe1flj_generation_1_1789832656469872527_FIXED_H.json,8f876b4f1a1e3256fa3d4c4036cbdf89feeb5b6d1312103d7aed4141b0cfd92a,atcoder/abc389_d,FIXED_H,,,,0.5249385419301689,,
mapper_checkpoint,primary/tasks/atcoder__abc389_d/mapper_loads/9hlpwazgwe1flj_generation_1_1789832656469872527_FIXED_M.json,9f1427463f81be295e7311d56a5539e02bf2de28cf464cafd326001624e4aba0,atcoder/abc389_d,FIXED_M,,,,0.5352594060823321,,
mapper_checkpoint,primary/tasks/atcoder__abc389_d/mapper_loads/9hlpwazgwe1flj_generation_1_1789832656469872527_ROTATING_H.json,1b30d2d61c7260e536fe3b36a1c4d06e0da934292b8bbc11b9f47bf0040c98e9,atcoder/abc389_d,ROTATING_H,,,,0.5254077159333974,,
mapper_checkpoint,primary/tasks/atcoder__abc390_a/mapper_loads/oianuofedm84rt_generation_2_1789824916910890488_FIXED_H.json,90ce2815b9332ac41c33f8cafc9bb3303f786c0cdee56dc483b90e7851d7f2b0,atcoder/abc390_a,FIXED_H,,,,0.4906436000019312,,
mapper_checkpoint,primary/tasks/atcoder__abc390_a/mapper_loads/oianuofedm84rt_generation_2_1789824916910890488_FIXED_M.json,8f569a119f15fc161534ef03a6ad163ade7d152476583786aa4da0025e03ecf3,atcoder/abc390_a,FIXED_M,,,,0.48632506001740694,,
mapper_checkpoint,primary/tasks/atcoder__abc390_a/mapper_loads/oianuofedm84rt_generation_2_1789824916910890488_ROTATING_H.json,682b092391b5b9532dfa0d44288228c9f78866834071b79a0e59ea2f8f0c6028,atcoder/abc390_a,ROTATING_H,,,,0.49750813096761703,,
mapper_checkpoint,primary/tasks/atcoder__abc390_d/mapper_loads/108w4mmsquk207_generation_1_1789824975188407083_FIXED_H.json,606bc7b96125bbcc503fca7c485ae211f004e0b64e037e299415e2b1404b5bbf,atcoder/abc390_d,FIXED_H,,,,0.5835942579433322,,
mapper_checkpoint,primary/tasks/atcoder__abc390_d/mapper_loads/108w4mmsquk207_generation_1_1789824975188407083_FIXED_M.json,c6e432c3ec0cb951bb98f6200c38910ccaa230079f714bb9908f12d2f5615d84,atcoder/abc390_d,FIXED_M,,,,0.5548377898521721,,
mapper_checkpoint,primary/tasks/atcoder__abc390_d/mapper_loads/108w4mmsquk207_generation_1_1789824975188407083_ROTATING_H.json,c2eb7a99b189be2a803c4775265cf171d3edd07bde38d5dd6508e366781521e6,atcoder/abc390_d,ROTATING_H,,,,1.2332288334146142,,
mapper_checkpoint,primary/tasks/atcoder__abc390_e/mapper_loads/w0ycaqip586bjh_generation_0_1789824951358354911_FIXED_H.json,7575c364193bae8cf29a06eb821e0c96516c6e845e8689a5c3bbf19208eb6866,atcoder/abc390_e,FIXED_H,,,,0.4198963949456811,,
mapper_checkpoint,primary/tasks/atcoder__abc390_e/mapper_loads/w0ycaqip586bjh_generation_0_1789824951358354911_ROTATING_H.json,13ce9caf28183d686d8faeeea186f8544471d9098cb2487ef2097e5a0c8ba966,atcoder/abc390_e,ROTATING_H,,,,0.4196663028560579,,
mapper_checkpoint,primary/tasks/atcoder__abc390_e/mapper_loads/w0ycaqip586bjh_generation_0_1789824951358354911_ROTATING_M.json,167a240075e4e35712e899ca6cfb67c2be010baec474c8968be74a78bbbf5e53,atcoder/abc390_e,ROTATING_M,,,,0.41597541281953454,,
mapper_checkpoint,primary/tasks/atcoder__abc391_a/mapper_loads/xnm5v7v3p05b0x_generation_0_1789852543547327728_FIXED_H.json,e994f5ee2ccd0ea3b12ec7b1d39a94cca1c4f080e8d01487dc7c38c42e8877e0,atcoder/abc391_a,FIXED_H,,,,0.4927030431572348,,
mapper_checkpoint,primary/tasks/atcoder__abc391_a/mapper_loads/xnm5v7v3p05b0x_generation_0_1789852543547327728_ROTATING_H.json,a86017e84993d6780db78b0e5cb3f6935bca8aeb5effb847bc6d943c832a9e1c,atcoder/abc391_a,ROTATING_H,,,,0.4904507009778172,,
mapper_checkpoint,primary/tasks/atcoder__abc391_a/mapper_loads/xnm5v7v3p05b0x_generation_0_1789852543547327728_ROTATING_M.json,bb9f103af35415d665e85daa4657111b35fe04d1be597731b15b80666172b622,atcoder/abc391_a,ROTATING_M,,,,0.4786082739010453,,
mapper_checkpoint,primary/tasks/atcoder__abc391_b/mapper_loads/108w4mmsquk207_generation_1_1789824975188407083_FIXED_H.json,c8a6fc48125882f33280f940c7a365459a333258775ce5601ab1dfb3d0f26739,atcoder/abc391_b,FIXED_H,,,,0.5322954570874572,,
mapper_checkpoint,primary/tasks/atcoder__abc391_b/mapper_loads/108w4mmsquk207_generation_1_1789824975188407083_FIXED_M.json,b32bafe2a55d2d6957bb2bf51accc95d63b8183d078b39679dc781a773ae1a76,atcoder/abc391_b,FIXED_M,,,,0.5533204600214958,,
mapper_checkpoint,primary/tasks/atcoder__abc391_b/mapper_loads/108w4mmsquk207_generation_1_1789824975188407083_ROTATING_H.json,c4e4b4ee9d1036074542c35e9143fbabb4a4b5e16365d223210164f57cc9a547,atcoder/abc391_b,ROTATING_H,,,,1.0642189742065966,,
mapper_checkpoint,primary/tasks/atcoder__abc391_b/mapper_loads/108w4mmsquk207_generation_1_1789824975188407083_ROTATING_M.json,d150983a64f5d8da8e39ef55222993d1a4e417f1c1ec1e1b6446a101d7f3e2bb,atcoder/abc391_b,ROTATING_M,,,,0.9515834366902709,,
mapper_checkpoint,primary/tasks/atcoder__abc391_e/mapper_loads/108w4mmsquk207_generation_1_1789824975188407083_FIXED_H.json,e6dbf6f7599a01dcc0fe7ab4c32f4a71c3f1ec046a56bfc15e01c33a2d7fce45,atcoder/abc391_e,FIXED_H,,,,0.5409666760824621,,
mapper_checkpoint,primary/tasks/atcoder__abc391_e/mapper_loads/108w4mmsquk207_generation_1_1789824975188407083_FIXED_M.json,74342dd78501efad5f71e2743cd56efe00de8c677c6bba92d6ff20b8dd82a0f6,atcoder/abc391_e,FIXED_M,,,,0.5356801338493824,,
mapper_checkpoint,primary/tasks/atcoder__abc391_e/mapper_loads/108w4mmsquk207_generation_1_1789824975188407083_ROTATING_H.json,86b1b378b586cb8897cb6a55627af40468c88ffc16c6e1a6452888a33f8ec8e6,atcoder/abc391_e,ROTATING_H,,,,1.0575892343185842,,
mapper_checkpoint,primary/tasks/atcoder__abc391_f/mapper_loads/108w4mmsquk207_generation_1_1789824975188407083_FIXED_H.json,c9b34725cb9ee76f9831dbba96e0bd5b49f7c74991aebad0173b8ce52e26eff3,atcoder/abc391_f,FIXED_H,,,,0.5491823549382389,,
mapper_checkpoint,primary/tasks/atcoder__abc391_f/mapper_loads/108w4mmsquk207_generation_1_1789824975188407083_FIXED_M.json,b3c642185641fbe01a4bfa013ec41e24f6038214ceab78263c2f59303c4e237b,atcoder/abc391_f,FIXED_M,,,,0.5706415409222245,,
mapper_checkpoint,primary/tasks/atcoder__abc391_f/mapper_loads/108w4mmsquk207_generation_1_1789824975188407083_ROTATING_M.json,08dcc2934ee0873708e39727e03e036e58b8c2ee9ad930f1a4d2d27cee8f0526,atcoder/abc391_f,ROTATING_M,,,,0.9807519507594407,,
mapper_checkpoint,primary/tasks/atcoder__abc392_b/mapper_loads/108w4mmsquk207_generation_1_1789824975188407083_FIXED_H.json,f4ed4e617bc6c4389df742b8195460a05fa9d671ea64eca82ae8ed6e47156879,atcoder/abc392_b,FIXED_H,,,,0.5286940759979188,,
mapper_checkpoint,primary/tasks/atcoder__abc392_b/mapper_loads/108w4mmsquk207_generation_1_1789824975188407083_ROTATING_H.json,e932346089e69834f740bb5f7a00fa463672b78ad1e08432338bce7dfe31803a,atcoder/abc392_b,ROTATING_H,,,,0.930665350984782,,
mapper_checkpoint,primary/tasks/atcoder__abc392_b/mapper_loads/108w4mmsquk207_generation_1_1789824975188407083_ROTATING_M.json,cb18fd2863cf48d64ed8737463e4d4eb0667a1986e13c03aa54f902a64525fa5,atcoder/abc392_b,ROTATING_M,,,,0.9608370019122958,,
mapper_checkpoint,primary/tasks/atcoder__abc392_c/mapper_loads/oianuofedm84rt_generation_2_1789824916910890488_FIXED_H.json,08668a858cad4d09f3a8274a572876893e084c7f3248ba51b849980b5e786fed,atcoder/abc392_c,FIXED_H,,,,0.4901645809877664,,
mapper_checkpoint,primary/tasks/atcoder__abc392_c/mapper_loads/oianuofedm84rt_generation_2_1789824916910890488_FIXED_M.json,18dcfe0e8f4e1a20d85640a8577659e1dc5886c757b95d346eba6882b7a8563f,atcoder/abc392_c,FIXED_M,,,,0.4974039748776704,,
mapper_checkpoint,primary/tasks/atcoder__abc392_c/mapper_loads/oianuofedm84rt_generation_2_1789824916910890488_ROTATING_M.json,5c396518ae92c112b5bee24ff61544ec482b9e68658f13a221f1def35570641b,atcoder/abc392_c,ROTATING_M,,,,0.49197147181257606,,
mapper_checkpoint,primary/tasks/atcoder__abc393_a/mapper_loads/108w4mmsquk207_generation_1_1789824975188407083_FIXED_H.json,0101e1c2ccd5598a39aac8dc4b22259349a7c99ff48f6b1608eeefa3c3ee190f,atcoder/abc393_a,FIXED_H,,,,0.5638899807818234,,
mapper_checkpoint,primary/tasks/atcoder__abc393_a/mapper_loads/108w4mmsquk207_generation_1_1789824975188407083_ROTATING_H.json,02efe9be21f4e2a2ce8e60abcab046159c997cf551fa40635dd099a4c5f18d70,atcoder/abc393_a,ROTATING_H,,,,1.0124586927704513,,
mapper_checkpoint,primary/tasks/atcoder__abc393_a/mapper_loads/108w4mmsquk207_generation_1_1789824975188407083_ROTATING_M.json,7b435bf3078fdd5073692b629d03dca41fc0351e423b619a4282f8d646bd9cd0,atcoder/abc393_a,ROTATING_M,,,,0.9693980352021754,,
mapper_checkpoint,primary/tasks/atcoder__abc393_b/mapper_loads/hrtrqibwru06o6_generation_0_1789827321632969286_FIXED_H.json,23618736a94c82d9c20bcca3f18b1727ecbc41b8dd20a452ce2f2cef3d7ed560,atcoder/abc393_b,FIXED_H,,,,0.4567746911197901,,
mapper_checkpoint,primary/tasks/atcoder__abc393_b/mapper_loads/hrtrqibwru06o6_generation_0_1789827321632969286_ROTATING_H.json,39a43c7821df9b1ef5ba6c5a39faee62d142a22e165e430968f70ce417924860,atcoder/abc393_b,ROTATING_H,,,,0.4483059491030872,,
mapper_checkpoint,primary/tasks/atcoder__abc393_b/mapper_loads/hrtrqibwru06o6_generation_0_1789827321632969286_ROTATING_M.json,4a04bfd2431af0901f8e8fd9165355ad006cab91186f637907a665d32a9cc929,atcoder/abc393_b,ROTATING_M,,,,0.4556271000765264,,
mapper_checkpoint,primary/tasks/atcoder__abc393_f/mapper_loads/w0ycaqip586bjh_generation_0_1789824951358354911_FIXED_H.json,6b377b9deaf75df0988a40ea7c2a28d34c1bdd04a0795211eafd13e8411f2f12,atcoder/abc393_f,FIXED_H,,,,0.42599104391410947,,
mapper_checkpoint,primary/tasks/atcoder__abc393_f/mapper_loads/w0ycaqip586bjh_generation_0_1789824951358354911_FIXED_M.json,3f706fea4c045b4f9b4958979c6fa91ff74b027905012cf3395f6b7c79a88955,atcoder/abc393_f,FIXED_M,,,,0.4251540726982057,,
mapper_checkpoint,primary/tasks/atcoder__abc393_f/mapper_loads/w0ycaqip586bjh_generation_0_1789824951358354911_ROTATING_H.json,7efda21e4c5e701bb790d87e4da6042aad15379d66795ba700a3e3c3c36275f3,atcoder/abc393_f,ROTATING_H,,,,0.41752525605261326,,
mapper_checkpoint,primary/tasks/atcoder__abc393_f/mapper_loads/w0ycaqip586bjh_generation_0_1789824951358354911_ROTATING_M.json,8fec78b7785758e30c872dd17d551056248db9a31ebe952dc00e4492bc5654c2,atcoder/abc393_f,ROTATING_M,,,,0.4137684949673712,,
mapper_checkpoint,primary/tasks/atcoder__abc394_b/mapper_loads/nv36660gsdcw11_generation_0_1789824988462409312_FIXED_H.json,c0d70a02c8d956254e54130869d130fe48433fd842fa96ef724ddc1ffdf206b3,atcoder/abc394_b,FIXED_H,,,,0.48802317306399345,,
mapper_checkpoint,primary/tasks/atcoder__abc394_b/mapper_loads/nv36660gsdcw11_generation_0_1789824988462409312_ROTATING_H.json,a3b9863749a31ada8df078afcd1d08cbfa39e202c3ba10d46ead2a8f1b357c0c,atcoder/abc394_b,ROTATING_H,,,,0.47418268769979477,,
mapper_checkpoint,primary/tasks/atcoder__abc394_b/mapper_loads/nv36660gsdcw11_generation_0_1789824988462409312_ROTATING_M.json,a99a0cf4dea3bb4e91bb8199299ab011108cbb5e6e2cdab0f454ce8ec9bbac6f,atcoder/abc394_b,ROTATING_M,,,,0.49202346056699753,,
mapper_checkpoint,primary/tasks/atcoder__abc394_g/mapper_loads/v7ud2o1wx86y9e_generation_0_1789818824225652223_FIXED_H.json,b6f03a07c81198b57912e4543dc28f9de4fd01f4a015430d13b1a46cce8e762f,atcoder/abc394_g,FIXED_H,,,,0.46350849606096745,,
mapper_checkpoint,primary/tasks/atcoder__abc394_g/mapper_loads/v7ud2o1wx86y9e_generation_0_1789818824225652223_FIXED_M.json,2dbfab8d1d904e05fada91feeb141dfd53369f81a593a0a0715ea67cadf6c2be,atcoder/abc394_g,FIXED_M,,,,0.8586127003654838,,
mapper_checkpoint,primary/tasks/atcoder__abc394_g/mapper_loads/v7ud2o1wx86y9e_generation_0_1789818824225652223_ROTATING_H.json,51d5b9ef6c8279160a8f7a0e560d0a2b959980cf0ea2db3617d92f0ab8e6a30c,atcoder/abc394_g,ROTATING_H,,,,0.8163168812170625,,
mapper_checkpoint,primary/tasks/atcoder__abc394_g/mapper_loads/v7ud2o1wx86y9e_generation_0_1789818824225652223_ROTATING_M.json,b64c7a899a90446db608f1e9cba2ef3308f81cf0aee64ffe5ccddac506a775b5,atcoder/abc394_g,ROTATING_M,,,,0.45484994910657406,,
mapper_checkpoint,primary/tasks/atcoder__abc395_b/mapper_loads/oianuofedm84rt_generation_2_1789824916910890488_FIXED_M.json,807f0d95e5e3bf1114f3170f4e1d6e88535a49f696dad019e1e8b128fcd1f6e9,atcoder/abc395_b,FIXED_M,,,,0.5278441428672522,,
mapper_checkpoint,primary/tasks/atcoder__abc395_b/mapper_loads/oianuofedm84rt_generation_2_1789824916910890488_ROTATING_H.json,dc6572d15bc95194c18c5770286619f2d7acc74cc1d88a4680b57e9a78ede6bb,atcoder/abc395_b,ROTATING_H,,,,0.5244572018273175,,
mapper_checkpoint,primary/tasks/atcoder__abc395_b/mapper_loads/oianuofedm84rt_generation_2_1789824916910890488_ROTATING_M.json,eaba14e91c21278ed328fb9b449f4d628a9d9922121ee402af700ec7f40b49a5,atcoder/abc395_b,ROTATING_M,,,,0.519837292842567,,
mapper_checkpoint,primary/tasks/atcoder__abc395_e/mapper_loads/nv36660gsdcw11_generation_0_1789824988462409312_FIXED_H.json,45482048b4ccb15dc0c81fe015a254308b15d54cec7622be6602f9d90eaae977,atcoder/abc395_e,FIXED_H,,,,0.551809947937727,,
mapper_checkpoint,primary/tasks/atcoder__abc395_e/mapper_loads/nv36660gsdcw11_generation_0_1789824988462409312_FIXED_M.json,34a09dcaa86a31e33c43ce1b82c4f1386f087eff470e0a070badebfaa8b34ce7,atcoder/abc395_e,FIXED_M,,,,0.5686681997030973,,
mapper_checkpoint,primary/tasks/atcoder__abc395_e/mapper_loads/nv36660gsdcw11_generation_0_1789824988462409312_ROTATING_H.json,00283025dccecc1d1a9d3aeb0db63d60e7d472f26502e7892d8ad82b5525dfb9,atcoder/abc395_e,ROTATING_H,,,,0.4563643205910921,,
mapper_checkpoint,primary/tasks/atcoder__abc395_e/mapper_loads/nv36660gsdcw11_generation_0_1789824988462409312_ROTATING_M.json,041cdfd9916968bf50892ef7859701399e1b884421d16d89451679396cafe0d7,atcoder/abc395_e,ROTATING_M,,,,0.4924321807920933,,
mapper_checkpoint,primary/tasks/atcoder__abc396_b/mapper_loads/nv36660gsdcw11_generation_0_1789824988462409312_FIXED_H.json,82217620c8295353a5bbe18862b3a5b4a3fffe1e4eb08264fae937945ff988bd,atcoder/abc396_b,FIXED_H,,,,0.4813524279743433,,
mapper_checkpoint,primary/tasks/atcoder__abc396_b/mapper_loads/nv36660gsdcw11_generation_0_1789824988462409312_FIXED_M.json,30d64cd29a450fc0af573660dee9b2c22622deddd0b120c1d3e8c1fbe28beed2,atcoder/abc396_b,FIXED_M,,,,0.5608992539346218,,
mapper_checkpoint,primary/tasks/atcoder__abc396_b/mapper_loads/nv36660gsdcw11_generation_0_1789824988462409312_ROTATING_H.json,8b0dbfbb26c398837c3f5c70623f3a2f988bfb0bb45dd08f14a42bcd691076a7,atcoder/abc396_b,ROTATING_H,,,,0.4815670885145664,,
mapper_checkpoint,primary/tasks/atcoder__abc396_b/mapper_loads/nv36660gsdcw11_generation_0_1789824988462409312_ROTATING_M.json,cd18433ad712d5f3dffd7165db07f387b7b2e73df52f68383127c47aa4d4b392,atcoder/abc396_b,ROTATING_M,,,,0.48292657546699047,,
mapper_checkpoint,primary/tasks/atcoder__abc396_c/mapper_loads/nv36660gsdcw11_generation_0_1789824988462409312_FIXED_H.json,f4376fe2b9660a9e9365ecbb2109c45624ada93f9db8074ff5c96559b2a2aff5,atcoder/abc396_c,FIXED_H,,,,0.5646337755024433,,
mapper_checkpoint,primary/tasks/atcoder__abc396_c/mapper_loads/nv36660gsdcw11_generation_0_1789824988462409312_FIXED_M.json,a5d7df9bd9e1212a4bf4b2195c4879797473173f42b6276aee26610e6163a47e,atcoder/abc396_c,FIXED_M,,,,0.5665964148938656,,
mapper_checkpoint,primary/tasks/atcoder__abc396_c/mapper_loads/nv36660gsdcw11_generation_0_1789824988462409312_ROTATING_H.json,3394228ff945663b8767b7a84b882ab808ac98bab36876566c8a4f47e3f7f894,atcoder/abc396_c,ROTATING_H,,,,0.5672087054699659,,
mapper_checkpoint,primary/tasks/atcoder__abc396_f/mapper_loads/nv36660gsdcw11_generation_0_1789824988462409312_FIXED_H.json,6960b8eb3b8c1cc68a0f076177464febc0b1e2362e4b841c1e02b304ddc9b349,atcoder/abc396_f,FIXED_H,,,,0.5691959448158741,,
mapper_checkpoint,primary/tasks/atcoder__abc396_f/mapper_loads/nv36660gsdcw11_generation_0_1789824988462409312_FIXED_M.json,136b84d849c4bafb856a991d83c9c41062e08f9df91b814e6c8aecf5c1ee3483,atcoder/abc396_f,FIXED_M,,,,0.5621722601354122,,
mapper_checkpoint,primary/tasks/atcoder__abc396_f/mapper_loads/nv36660gsdcw11_generation_0_1789824988462409312_ROTATING_H.json,b1d52cbd40b1e0af3d7b300a2e60b8e903fe0908f9a5b0ab22c058f28806d610,atcoder/abc396_f,ROTATING_H,,,,0.5572123173624277,,
mapper_checkpoint,primary/tasks/atcoder__abc396_f/mapper_loads/nv36660gsdcw11_generation_0_1789824988462409312_ROTATING_M.json,ec7d8d2500e7bdfdcdf8c9a818efa63d7527aa652f2312c1a17708c83d4aabf5,atcoder/abc396_f,ROTATING_M,,,,0.5517960749566555,,
mapper_checkpoint,primary/tasks/atcoder__abc397_b/mapper_loads/nv36660gsdcw11_generation_0_1789824988462409312_FIXED_H.json,6fb57d0ef3b2aa6be7dbb49f874be59a49e9b93355614e3bf93f1f4b5a94066e,atcoder/abc397_b,FIXED_H,,,,0.4866680260747671,,
mapper_checkpoint,primary/tasks/atcoder__abc397_b/mapper_loads/nv36660gsdcw11_generation_0_1789824988462409312_FIXED_M.json,14405543972675236126f35c7ca9eafaafe16d7888a076ee6bdaf2116225ef4a,atcoder/abc397_b,FIXED_M,,,,0.4627376068383455,,
mapper_checkpoint,primary/tasks/atcoder__abc397_b/mapper_loads/nv36660gsdcw11_generation_0_1789824988462409312_ROTATING_H.json,0caa666ac5765789deec7a28cb2f19265caaf6ae958111cb50dad1ffe42d583b,atcoder/abc397_b,ROTATING_H,,,,0.48879017122089863,,
mapper_checkpoint,primary/tasks/atcoder__abc398_a/mapper_loads/w0ycaqip586bjh_generation_0_1789824951358354911_FIXED_H.json,db3a72d5d709bc965068508d09d43ea0ba31b48afbfd2cdf43914c0834d732c0,atcoder/abc398_a,FIXED_H,,,,0.4235392897389829,,
mapper_checkpoint,primary/tasks/atcoder__abc398_a/mapper_loads/w0ycaqip586bjh_generation_0_1789824951358354911_FIXED_M.json,2079dab527b8f780523c84d77d0fe1dc627f519ac0ae4605aacc72ded8a148c9,atcoder/abc398_a,FIXED_M,,,,0.4203841779381037,,
mapper_checkpoint,primary/tasks/atcoder__abc398_a/mapper_loads/w0ycaqip586bjh_generation_0_1789824951358354911_ROTATING_H.json,bffd0851cfabfe2684ccd81871c09d325d319258da5ebfe10743437f1b623e24,atcoder/abc398_a,ROTATING_H,,,,0.41346519719809294,,
mapper_checkpoint,primary/tasks/atcoder__abc398_a/mapper_loads/w0ycaqip586bjh_generation_0_1789824951358354911_ROTATING_M.json,e782c7820c83d4ad8c9e76f69326f6125147576f4457d6be6d488cf77fcc5419,atcoder/abc398_a,ROTATING_M,,,,0.41457501193508506,,
mapper_checkpoint,primary/tasks/atcoder__abc398_b/mapper_loads/108w4mmsquk207_generation_1_1789824975188407083_FIXED_H.json,9bca4c46d0552a1d3d27f4614895907b3f3fab1d6b7681f1b6c63a1e5d0eb8c6,atcoder/abc398_b,FIXED_H,,,,0.5403481759130955,,
mapper_checkpoint,primary/tasks/atcoder__abc398_b/mapper_loads/108w4mmsquk207_generation_1_1789824975188407083_FIXED_M.json,48b79268f5ed051b3931d3c250fc306834f41ea17fdc7adc9d8f1acb6689dd19,atcoder/abc398_b,FIXED_M,,,,0.5315850581973791,,
mapper_checkpoint,primary/tasks/atcoder__abc398_b/mapper_loads/108w4mmsquk207_generation_1_1789824975188407083_ROTATING_H.json,2aebbc81249df5944dfb0b314c67391dfe48ff380b096ee2df06f3f2bdc01095,atcoder/abc398_b,ROTATING_H,,,,1.040853003039956,,
mapper_checkpoint,primary/tasks/atcoder__abc398_d/mapper_loads/w0ycaqip586bjh_generation_0_1789824951358354911_FIXED_H.json,245cb2735c92db9dfbd6fcd1cec997dab687cc43bf5b6ffa8bfdeb77ea80fff7,atcoder/abc398_d,FIXED_H,,,,0.4134259060956538,,
mapper_checkpoint,primary/tasks/atcoder__abc398_d/mapper_loads/w0ycaqip586bjh_generation_0_1789824951358354911_FIXED_M.json,db9359dc51866bcd5884a07ae66fdf1a8153e7ae7e4922e49b94d8d8453ac0c4,atcoder/abc398_d,FIXED_M,,,,0.42440490890294313,,
mapper_checkpoint,primary/tasks/atcoder__abc398_d/mapper_loads/w0ycaqip586bjh_generation_0_1789824951358354911_ROTATING_H.json,ad2eb84145fe3050fa806234e0775ab61cc49a78b33dee003313118aa9f87dcf,atcoder/abc398_d,ROTATING_H,,,,0.5011008568108082,,
mapper_checkpoint,primary/tasks/atcoder__abc398_d/mapper_loads/w0ycaqip586bjh_generation_0_1789824951358354911_ROTATING_M.json,18bcfe0667b8c378f109c2978d82a7a6fd54685562c24e7995c7f16d479491ba,atcoder/abc398_d,ROTATING_M,,,,0.5080073778517544,,
mapper_checkpoint,primary/tasks/atcoder__abc398_f/mapper_loads/mytncdi1st3sjc_generation_0_1789829479706277413_FIXED_H.json,e61db703fc0ba42e3180c194849b4b8041a3d9937e6053f3073b4361f9fe2b70,atcoder/abc398_f,FIXED_H,,,,0.636675987392664,,
mapper_checkpoint,primary/tasks/atcoder__abc398_f/mapper_loads/mytncdi1st3sjc_generation_0_1789829479706277413_FIXED_M.json,178a2d92225011b7e2f068fcb031552acec06ac9f7b680cb65f4b98d786bf1e2,atcoder/abc398_f,FIXED_M,,,,0.6058333832770586,,
mapper_checkpoint,primary/tasks/atcoder__abc398_f/mapper_loads/mytncdi1st3sjc_generation_0_1789829479706277413_ROTATING_M.json,9b71f0b06fcd7957442c3a04b3092c12399000783bb8c5583df9048370df1db6,atcoder/abc398_f,ROTATING_M,,,,0.6299495603889227,,
mapper_checkpoint,primary/tasks/atcoder__abc398_g/mapper_loads/w0ycaqip586bjh_generation_0_1789824951358354911_FIXED_H.json,05885f5ac8b2330347ea5287355d6e75dcb69bd39f4f6ceee046a560e1bbf9ed,atcoder/abc398_g,FIXED_H,,,,0.4208827721886337,,
mapper_checkpoint,primary/tasks/atcoder__abc398_g/mapper_loads/w0ycaqip586bjh_generation_0_1789824951358354911_FIXED_M.json,b7542d2f6c6e862044f87faac12e69da9c00efada39d6d9fe135faa0f638c733,atcoder/abc398_g,FIXED_M,,,,0.42054246505722404,,
mapper_checkpoint,primary/tasks/atcoder__abc398_g/mapper_loads/w0ycaqip586bjh_generation_0_1789824951358354911_ROTATING_H.json,51ab5d65eab7065f5a7cbf2520bc87a18e8cc551d2cec2c9c74ec8263049811b,atcoder/abc398_g,ROTATING_H,,,,0.5066227172501385,,
mapper_checkpoint,primary/tasks/atcoder__abc399_b/mapper_loads/108w4mmsquk207_generation_1_1789824975188407083_FIXED_H.json,a92b38de0e59417664ad05304fa57ad19c7822ca97ea90978a7499f7c5431d70,atcoder/abc399_b,FIXED_H,,,,0.5333460830152035,,
mapper_checkpoint,primary/tasks/atcoder__abc399_b/mapper_loads/108w4mmsquk207_generation_1_1789824975188407083_FIXED_M.json,987deafc9a0c76a7719ece2ab0d3e010e1e899923bdb581087cd026a493da56f,atcoder/abc399_b,FIXED_M,,,,0.5616447352804244,,
mapper_checkpoint,primary/tasks/atcoder__abc399_b/mapper_loads/108w4mmsquk207_generation_1_1789824975188407083_ROTATING_H.json,ebff870de6a2cff204dbf49e7185741e9886e1c82f56838899355ac2fa43f726,atcoder/abc399_b,ROTATING_H,,,,1.3739363048225641,,
mapper_checkpoint,primary/tasks/atcoder__abc399_b/mapper_loads/108w4mmsquk207_generation_1_1789824975188407083_ROTATING_M.json,0cb224bc27ab93e25ffd177ee80ed4cee305de668b26738c8af72b9ff7a722f0,atcoder/abc399_b,ROTATING_M,,,,1.0125056328251958,,
mapper_checkpoint,primary/tasks/atcoder__abc399_e/mapper_loads/108w4mmsquk207_generation_1_1789824975188407083_FIXED_H.json,859e998f3d61c17dc2f370a256720fe07e2b736eca756881704d4f1457a0894b,atcoder/abc399_e,FIXED_H,,,,0.5344048221595585,,
mapper_checkpoint,primary/tasks/atcoder__abc399_e/mapper_loads/108w4mmsquk207_generation_1_1789824975188407083_FIXED_M.json,42e7acd395c50cf04d7f3aba201829165076801ecc21ddea548ad4fc99639eb4,atcoder/abc399_e,FIXED_M,,,,0.5312786721624434,,
mapper_checkpoint,primary/tasks/atcoder__abc399_e/mapper_loads/108w4mmsquk207_generation_1_1789824975188407083_ROTATING_M.json,f62f4ed7f7a88bafd3deb7d3ce2fa1a7567ca0848a4e446abb353c22699d7e32,atcoder/abc399_e,ROTATING_M,,,,0.9033037791959941,,
mapper_checkpoint,primary/tasks/atcoder__abc400_b/mapper_loads/9hlpwazgwe1flj_generation_1_1789832656469872527_FIXED_H.json,dbc7dbc3b710ce220889ffee52b6527427d6db5b6a9bf8e28d45a6d6954de262,atcoder/abc400_b,FIXED_H,,,,0.5294353649951518,,
mapper_checkpoint,primary/tasks/atcoder__abc400_b/mapper_loads/9hlpwazgwe1flj_generation_1_1789832656469872527_FIXED_M.json,ce55154193ed7adb88c40d23703b9112d38c566b90218be65ef912efc63ba903,atcoder/abc400_b,FIXED_M,,,,0.5293599190190434,,
mapper_checkpoint,primary/tasks/atcoder__abc400_b/mapper_loads/9hlpwazgwe1flj_generation_1_1789832656469872527_ROTATING_H.json,054d75089a102d300f4660c840388ced7702726948062ac898f9a13ae9e92e5f,atcoder/abc400_b,ROTATING_H,,,,0.5213754680007696,,
mapper_checkpoint,primary/tasks/atcoder__abc400_b/mapper_loads/9hlpwazgwe1flj_generation_1_1789832656469872527_ROTATING_M.json,e02dc16761b1e32d4bfb8dbfe0d2c8c205c5ec26f9933841901be090ea430e44,atcoder/abc400_b,ROTATING_M,,,,0.5202039878349751,,
mapper_checkpoint,primary/tasks/atcoder__abc400_d/mapper_loads/108w4mmsquk207_generation_1_1789824975188407083_FIXED_H.json,d41013a45919afb51aafcd756f5f0c571726776e03c50555c144b0b20797865d,atcoder/abc400_d,FIXED_H,,,,0.5182852768339217,,
mapper_checkpoint,primary/tasks/atcoder__abc400_d/mapper_loads/108w4mmsquk207_generation_1_1789824975188407083_FIXED_M.json,df2d4e930c8660ae1f95078601214b95d6f83a0a81e26b4ed82b7571a0ebd83d,atcoder/abc400_d,FIXED_M,,,,0.5146834407933056,,
mapper_checkpoint,primary/tasks/atcoder__abc400_d/mapper_loads/108w4mmsquk207_generation_1_1789824975188407083_ROTATING_H.json,3ade68e48c1e0bfe828bec532dbdbf471f3a5fd45070b471150fe4f2693d7cf7,atcoder/abc400_d,ROTATING_H,,,,1.0397662790492177,,
mapper_checkpoint,primary/tasks/atcoder__abc400_d/mapper_loads/108w4mmsquk207_generation_1_1789824975188407083_ROTATING_M.json,abe34ec99bf2036c3e0bc6a4887b6880baf78da27e0f0f277927c9e9b8353321,atcoder/abc400_d,ROTATING_M,,,,0.9682347318157554,,
mapper_checkpoint,primary/tasks/atcoder__abc400_e/mapper_loads/oianuofedm84rt_generation_2_1789824916910890488_FIXED_H.json,31dd0588939d1ddf63120fadeab1763ca3837880764e0caa04a011bf6d42fa6e,atcoder/abc400_e,FIXED_H,,,,0.5002853667829186,,
mapper_checkpoint,primary/tasks/atcoder__abc400_e/mapper_loads/oianuofedm84rt_generation_2_1789824916910890488_ROTATING_H.json,8d9e98ede5bccabe1827c3e7963bd07fc6f9aa128a7da91689a99f7c02a8d146,atcoder/abc400_e,ROTATING_H,,,,0.4909169189631939,,
mapper_checkpoint,primary/tasks/atcoder__abc400_e/mapper_loads/oianuofedm84rt_generation_2_1789824916910890488_ROTATING_M.json,9c12c20e8b726f8afa5a64f72c73c4660cd19ad254c01243d2851cb4ec0e48d4,atcoder/abc400_e,ROTATING_M,,,,0.4894265220500529,,
mapper_checkpoint,primary/tasks/atcoder__abc400_g/mapper_loads/108w4mmsquk207_generation_1_1789824975188407083_FIXED_H.json,03b380aad828eadd43f491cc0a8af0edee5e15730943d74f89f3b0831da7ebdc,atcoder/abc400_g,FIXED_H,,,,0.5347248972393572,,
mapper_checkpoint,primary/tasks/atcoder__abc400_g/mapper_loads/108w4mmsquk207_generation_1_1789824975188407083_FIXED_M.json,6f014c487d1429e78f7d9c9ec85a06ab36fa0eb9c95d1cd6872aaa8f8e8e521e,atcoder/abc400_g,FIXED_M,,,,0.5280200871638954,,
mapper_checkpoint,primary/tasks/atcoder__abc400_g/mapper_loads/108w4mmsquk207_generation_1_1789824975188407083_ROTATING_H.json,564e71ee18e3bb49cd8325c7e0826faaa1e2369acf936c56dd3359cccf0cab3d,atcoder/abc400_g,ROTATING_H,,,,1.0398138030432165,,
mapper_checkpoint,primary/tasks/atcoder__abc400_g/mapper_loads/108w4mmsquk207_generation_1_1789824975188407083_ROTATING_M.json,6e5cd4077a58273fbbf475db402af2ea026c6526ec0f98d0b8dfeccd0e459d26,atcoder/abc400_g,ROTATING_M,,,,0.955236712936312,,
mapper_checkpoint,primary/tasks/atcoder__arc181_a/mapper_loads/w0ycaqip586bjh_generation_0_1789824951358354911_FIXED_H.json,aef1360cd953de6247be74e3aaea4946298968aada24e8835c0181c488d09741,atcoder/arc181_a,FIXED_H,,,,0.5183439459651709,,
mapper_checkpoint,primary/tasks/atcoder__arc181_a/mapper_loads/w0ycaqip586bjh_generation_0_1789824951358354911_FIXED_M.json,91deb65b193ffa6e8e33bb2a51932854dd98146c18b17bdc328a0de466438ff6,atcoder/arc181_a,FIXED_M,,,,0.4221018170937896,,
mapper_checkpoint,primary/tasks/atcoder__arc181_a/mapper_loads/w0ycaqip586bjh_generation_0_1789824951358354911_ROTATING_M.json,95cfe8127b590d7c63b99081bde0359a348fee229fac36238a63b634fcea4409,atcoder/arc181_a,ROTATING_M,,,,0.4202444329857826,,
mapper_checkpoint,primary/tasks/atcoder__arc182_c/mapper_loads/nv36660gsdcw11_generation_0_1789824988462409312_FIXED_H.json,d08e24150bd7b3e889b18302eb7259c7d3b9ccc4a7c99d0aa5f981abe301b614,atcoder/arc182_c,FIXED_H,,,,0.5766672231256962,,
mapper_checkpoint,primary/tasks/atcoder__arc182_c/mapper_loads/nv36660gsdcw11_generation_0_1789824988462409312_ROTATING_H.json,3520a9a0e147d4b26a88e56d976bdf2d893152a2d6b6205f30dd7731492bfb64,atcoder/arc182_c,ROTATING_H,,,,0.5585218239575624,,
mapper_checkpoint,primary/tasks/atcoder__arc182_c/mapper_loads/nv36660gsdcw11_generation_0_1789824988462409312_ROTATING_M.json,71cb5bbee440c640fa745e1e369172d070ad66126a24991f3ac158790003171c,atcoder/arc182_c,ROTATING_M,,,,0.4206670857965946,,
mapper_checkpoint,primary/tasks/atcoder__arc183_b/mapper_loads/108w4mmsquk207_generation_1_1789824975188407083_FIXED_M.json,6198085f78d347711980637d630b683d269a110c40603a267d3700974969826d,atcoder/arc183_b,FIXED_M,,,,0.5317503758706152,,
mapper_checkpoint,primary/tasks/atcoder__arc183_b/mapper_loads/108w4mmsquk207_generation_1_1789824975188407083_ROTATING_H.json,ba4a4a2c487fec3a2ae351269086ddba0ae4d37b41391336bad52a0e55c531b3,atcoder/arc183_b,ROTATING_H,,,,1.15433196304366,,
mapper_checkpoint,primary/tasks/atcoder__arc183_b/mapper_loads/108w4mmsquk207_generation_1_1789824975188407083_ROTATING_M.json,3ee113949313dd6b3c4f6788b8424b2925dd6190067660f5b1d0a08b23f027e0,atcoder/arc183_b,ROTATING_M,,,,0.981956556905061,,
mapper_checkpoint,primary/tasks/atcoder__arc183_c/mapper_loads/oianuofedm84rt_generation_2_1789824916910890488_FIXED_H.json,93ae18defd75eca18763ce925fe67db62e91cc9486889bcd021ea45df3e3088a,atcoder/arc183_c,FIXED_H,,,,0.48389410600066185,,
mapper_checkpoint,primary/tasks/atcoder__arc183_c/mapper_loads/oianuofedm84rt_generation_2_1789824916910890488_FIXED_M.json,679ab571e6f319df842420f0ebfcc40e173d84ea4ab3c575d7d398fdce3d086a,atcoder/arc183_c,FIXED_M,,,,0.4731214130297303,,
mapper_checkpoint,primary/tasks/atcoder__arc183_c/mapper_loads/oianuofedm84rt_generation_2_1789824916910890488_ROTATING_H.json,9d94a2322d496e7b5f24c31ee84a3bf4ca5e092314d2362342a67bfa8e874e4d,atcoder/arc183_c,ROTATING_H,,,,0.47527850791811943,,
mapper_checkpoint,primary/tasks/atcoder__arc183_c/mapper_loads/oianuofedm84rt_generation_2_1789824916910890488_ROTATING_M.json,f5094e5281ace0c709ea6b5164a8761bf9001d2adee2192ed4e26ce70fa47c53,atcoder/arc183_c,ROTATING_M,,,,0.505764652043581,,
mapper_checkpoint,primary/tasks/atcoder__arc185_b/mapper_loads/w0ycaqip586bjh_generation_0_1789824951358354911_FIXED_H.json,aa038c531367151c00210cc48a7d92c342a9bdac245f35e9caba9179563a09ec,atcoder/arc185_b,FIXED_H,,,,0.49041745997965336,,
mapper_checkpoint,primary/tasks/atcoder__arc185_b/mapper_loads/w0ycaqip586bjh_generation_0_1789824951358354911_FIXED_M.json,d817c95803418d3b61d844c9e2d5e224e99ffd9dcbfeae05b8910406f9522846,atcoder/arc185_b,FIXED_M,,,,0.41854204796254635,,
mapper_checkpoint,primary/tasks/atcoder__arc185_b/mapper_loads/w0ycaqip586bjh_generation_0_1789824951358354911_ROTATING_H.json,56f85110504ba085c7b2e28ac16b34b3bc4a3d44a72ad24e9b8d0272ba7ee4ab,atcoder/arc185_b,ROTATING_H,,,,0.4181745322421193,,
mapper_checkpoint,primary/tasks/atcoder__arc185_b/mapper_loads/w0ycaqip586bjh_generation_0_1789824951358354911_ROTATING_M.json,13b9f7120d01df78652ea37205bb63a5dacbdbd2263f7a6958b6028bb67382c2,atcoder/arc185_b,ROTATING_M,,,,0.41182346921414137,,
mapper_checkpoint,primary/tasks/atcoder__arc185_c/mapper_loads/108w4mmsquk207_generation_1_1789824975188407083_FIXED_H.json,1b9b407f1ebbcaafbc3528a731e50f6d7912a699021a7b6b93a44db7b220cf63,atcoder/arc185_c,FIXED_H,,,,0.5652024121955037,,
mapper_checkpoint,primary/tasks/atcoder__arc185_c/mapper_loads/108w4mmsquk207_generation_1_1789824975188407083_ROTATING_H.json,ecbeb3d654e61f748f558f9b9cf9484aaa0db19510b626ed216ab833b2111641,atcoder/arc185_c,ROTATING_H,,,,1.1829086700454354,,
mapper_checkpoint,primary/tasks/atcoder__arc185_c/mapper_loads/108w4mmsquk207_generation_1_1789824975188407083_ROTATING_M.json,5f2a27218826d06cb9100e23039857b6e918cca7ef01f17d87ba17971e2410f0,atcoder/arc185_c,ROTATING_M,,,,0.9754042252898216,,
mapper_checkpoint,primary/tasks/atcoder__arc185_d/mapper_loads/nv36660gsdcw11_generation_0_1789824988462409312_FIXED_H.json,e4492e70efe082350646210daba7461fe7e0f31cb0da7ccf272e9e640d2ae722,atcoder/arc185_d,FIXED_H,,,,0.4360129553824663,,
mapper_checkpoint,primary/tasks/atcoder__arc185_d/mapper_loads/nv36660gsdcw11_generation_0_1789824988462409312_FIXED_M.json,6ca255f658a59757f8f7122f4df2cfc441886bc072edb87160a096188c6d5c0b,atcoder/arc185_d,FIXED_M,,,,0.3838492799550295,,
mapper_checkpoint,primary/tasks/atcoder__arc185_d/mapper_loads/nv36660gsdcw11_generation_0_1789824988462409312_ROTATING_H.json,c4cfe5505e7a69a00cdcd45e7aab8c494428f0d73da680fe402696c70ca1b8f4,atcoder/arc185_d,ROTATING_H,,,,0.45590981654822826,,
mapper_checkpoint,primary/tasks/atcoder__arc185_d/mapper_loads/nv36660gsdcw11_generation_0_1789824988462409312_ROTATING_M.json,f29c3603ec78ffff8805f729e24a8579e698143f9667c0b5fa6a2acd228b3041,atcoder/arc185_d,ROTATING_M,,,,0.7066525276750326,,
mapper_checkpoint,primary/tasks/atcoder__arc187_b/mapper_loads/nv36660gsdcw11_generation_0_1789824988462409312_FIXED_H.json,6d7b996e4051f201679e22b28af807c5ba8f7f556806bfed4f3db89bf76f8763,atcoder/arc187_b,FIXED_H,,,,0.42204765416681767,,
mapper_checkpoint,primary/tasks/atcoder__arc187_b/mapper_loads/nv36660gsdcw11_generation_0_1789824988462409312_FIXED_M.json,f1e71bf6c07dcdb60347c5d5c7a4de41970feb3d2c31d55d2b3753f2ac6f9e63,atcoder/arc187_b,FIXED_M,,,,0.559781989082694,,
mapper_checkpoint,primary/tasks/atcoder__arc187_b/mapper_loads/nv36660gsdcw11_generation_0_1789824988462409312_ROTATING_M.json,02056fcdc475be78083590a777c5c54503d9c1437d06c0fea69862803262fadb,atcoder/arc187_b,ROTATING_M,,,,0.4042650070041418,,
mapper_checkpoint,primary/tasks/atcoder__arc188_a/mapper_loads/w0ycaqip586bjh_generation_0_1789824951358354911_FIXED_H.json,cd7725531505cc09dac3c2cc322374876a9d4a0f4492fb976f69a3d6bdbaf556,atcoder/arc188_a,FIXED_H,,,,0.42264890391379595,,
mapper_checkpoint,primary/tasks/atcoder__arc188_a/mapper_loads/w0ycaqip586bjh_generation_0_1789824951358354911_ROTATING_H.json,c49b708137175cc1d94c7bd2fca4a6971d259aeec35d35d3f9dd6c0f14f07672,atcoder/arc188_a,ROTATING_H,,,,0.41374880308285356,,
mapper_checkpoint,primary/tasks/atcoder__arc188_a/mapper_loads/w0ycaqip586bjh_generation_0_1789824951358354911_ROTATING_M.json,ad96ab78f4b60bfa7936b6bcaf87b655716b9a23bc8885caacfe842035192ad3,atcoder/arc188_a,ROTATING_M,,,,0.416963507886976,,
mapper_checkpoint,primary/tasks/atcoder__arc188_c/mapper_loads/108w4mmsquk207_generation_1_1789824975188407083_FIXED_H.json,f422b58115fdc2831eb47e0990a121258fc6c8530d37256f890921ec951d1ae3,atcoder/arc188_c,FIXED_H,,,,0.5541908871382475,,
mapper_checkpoint,primary/tasks/atcoder__arc188_c/mapper_loads/108w4mmsquk207_generation_1_1789824975188407083_ROTATING_H.json,e335968f3db42a8688a1f505b0a30e33d1e41558d94ded681fed8aa5115d5117,atcoder/arc188_c,ROTATING_H,,,,1.0297348140738904,,
mapper_checkpoint,primary/tasks/atcoder__arc188_c/mapper_loads/108w4mmsquk207_generation_1_1789824975188407083_ROTATING_M.json,9aae8fd0c8e7d8402aa845901c03e3979b23996d439fc78f161563a417d9affc,atcoder/arc188_c,ROTATING_M,,,,1.4103795681148767,,
mapper_checkpoint,primary/tasks/atcoder__arc188_d/mapper_loads/108w4mmsquk207_generation_1_1789824975188407083_FIXED_H.json,80eab193b69b8e78987511aac38d6d1581b822faa479d41a8efc0124896c5b5a,atcoder/arc188_d,FIXED_H,,,,0.5328738992102444,,
mapper_checkpoint,primary/tasks/atcoder__arc188_d/mapper_loads/108w4mmsquk207_generation_1_1789824975188407083_FIXED_M.json,44d2fa80a5fdaa7f366be4e297612b6fa29c89df8970e1bfea9b6ca56be9102b,atcoder/arc188_d,FIXED_M,,,,2.908537067938596,,
mapper_checkpoint,primary/tasks/atcoder__arc188_d/mapper_loads/108w4mmsquk207_generation_1_1789824975188407083_ROTATING_H.json,857a080c4119dd0d5e27b91dc570ac0039b6ac17cedaf47856980cc3f069fc7a,atcoder/arc188_d,ROTATING_H,,,,0.9086116510443389,,
mapper_checkpoint,primary/tasks/atcoder__arc188_d/mapper_loads/108w4mmsquk207_generation_1_1789824975188407083_ROTATING_M.json,c9e2816cb8f3bd057331a674de706f1306c6deede37ef1b0a8faf257bb0f5988,atcoder/arc188_d,ROTATING_M,,,,0.8951546219177544,,
mapper_checkpoint,primary/tasks/atcoder__arc189_b/mapper_loads/oianuofedm84rt_generation_2_1789824916910890488_FIXED_H.json,55b23ba85f1f2a627ef40ad85ada477964a66ff38a7959cbcef00add6ab6d8a1,atcoder/arc189_b,FIXED_H,,,,0.498036147095263,,
mapper_checkpoint,primary/tasks/atcoder__arc189_b/mapper_loads/oianuofedm84rt_generation_2_1789824916910890488_FIXED_M.json,8cb4d34c8eabb34b95234be3efe75c20c21f332bfa553431fadb1ccda9131d3f,atcoder/arc189_b,FIXED_M,,,,0.4861700120382011,,
mapper_checkpoint,primary/tasks/atcoder__arc189_b/mapper_loads/oianuofedm84rt_generation_2_1789824916910890488_ROTATING_M.json,0d832e84aacb09da2d17234e1b9addc4ae53e43f62300d6be8984e1810318379,atcoder/arc189_b,ROTATING_M,,,,0.4759228730108589,,
mapper_checkpoint,primary/tasks/atcoder__arc189_c/mapper_loads/108w4mmsquk207_generation_1_1789824975188407083_FIXED_H.json,fd76190c57410a5065185a269ba212f92cff0cebbfa1ee2e2ee3bc6bb0598737,atcoder/arc189_c,FIXED_H,,,,0.5314823696389794,,
mapper_checkpoint,primary/tasks/atcoder__arc189_c/mapper_loads/108w4mmsquk207_generation_1_1789824975188407083_FIXED_M.json,eb9313c8d19405535e04eed3e4af1dd7284a7e73cab71fbb5b27f0db21e7b0ed,atcoder/arc189_c,FIXED_M,,,,0.5473831952549517,,
mapper_checkpoint,primary/tasks/atcoder__arc189_c/mapper_loads/108w4mmsquk207_generation_1_1789824975188407083_ROTATING_H.json,5bb1ee82da0c0042eab1435019aac955b40ec4561e51398fdc43dde0432445a0,atcoder/arc189_c,ROTATING_H,,,,1.025950158946216,,
mapper_checkpoint,primary/tasks/atcoder__arc189_c/mapper_loads/108w4mmsquk207_generation_1_1789824975188407083_ROTATING_M.json,af77f90b7ca2d17d5c97b735ec9298ab99bd385bd5ddd907fdbffaee2382f285,atcoder/arc189_c,ROTATING_M,,,,6.013863516040146,,
mapper_checkpoint,primary/tasks/atcoder__arc189_d/mapper_loads/oianuofedm84rt_generation_2_1789824916910890488_FIXED_H.json,fbab1c3bbd4b0624a4c940f9b591cc759484a222ea4c702f26cab3879dfb7592,atcoder/arc189_d,FIXED_H,,,,0.5064292130991817,,
mapper_checkpoint,primary/tasks/atcoder__arc189_d/mapper_loads/oianuofedm84rt_generation_2_1789824916910890488_FIXED_M.json,99b45b1795f6afb49a3dc2b660aedc44c63983b9df139daa1faeb2cade5ddb39,atcoder/arc189_d,FIXED_M,,,,0.5163757370319217,,
mapper_checkpoint,primary/tasks/atcoder__arc189_d/mapper_loads/oianuofedm84rt_generation_2_1789824916910890488_ROTATING_H.json,6b00298febf7cdeb3749634a06ca544065093d6b0322b93c63eb638f578929e7,atcoder/arc189_d,ROTATING_H,,,,0.538749021012336,,
mapper_checkpoint,primary/tasks/atcoder__arc189_d/mapper_loads/oianuofedm84rt_generation_2_1789824916910890488_ROTATING_M.json,d1e96cb0512eed8eab424790b95391ab590acf3ada987b879bf90d0036baf222,atcoder/arc189_d,ROTATING_M,,,,0.5147833421360701,,
mapper_checkpoint,primary/tasks/atcoder__arc190_c/mapper_loads/v7ud2o1wx86y9e_generation_0_1789818824225652223_FIXED_H.json,bd37a13eb40f6ab2bf22619eba249f4c8b420547e74f131c0c32b470bc1bc882,atcoder/arc190_c,FIXED_H,,,,0.8502146620303392,,
mapper_checkpoint,primary/tasks/atcoder__arc190_c/mapper_loads/v7ud2o1wx86y9e_generation_0_1789818824225652223_FIXED_M.json,7923785860445f09b9bfe837c41c6b727c711f82d0b357ccb689328449ed4d44,atcoder/arc190_c,FIXED_M,,,,0.8995483149774373,,
mapper_checkpoint,primary/tasks/atcoder__arc190_c/mapper_loads/v7ud2o1wx86y9e_generation_0_1789818824225652223_ROTATING_H.json,7bd12f9acc7960a58c0ef4632cc5b3fae7a530b03a059a273db2a39c758084a0,atcoder/arc190_c,ROTATING_H,,,,0.8094984441995621,,
mapper_checkpoint,primary/tasks/atcoder__arc190_c/mapper_loads/v7ud2o1wx86y9e_generation_0_1789818824225652223_ROTATING_M.json,51970171e723b42cfd354ab20c51ba23e883f259a909a73e4d2dd49d14a3c4b6,atcoder/arc190_c,ROTATING_M,,,,1.0940533257089555,,
mapper_checkpoint,primary/tasks/atcoder__arc192_b/mapper_loads/108w4mmsquk207_generation_1_1789824975188407083_FIXED_H.json,18fb4f23abd02ec7e461760cb22a0acf71eadc2d61cba9eef1e71c6e9ee55ac4,atcoder/arc192_b,FIXED_H,,,,0.5385713181458414,,
mapper_checkpoint,primary/tasks/atcoder__arc192_b/mapper_loads/108w4mmsquk207_generation_1_1789824975188407083_ROTATING_H.json,36ea54c0d9626a252f86412f2155d1466db1cc9a31a95111298e00a99e114839,atcoder/arc192_b,ROTATING_H,,,,0.9627669570036232,,
mapper_checkpoint,primary/tasks/atcoder__arc192_b/mapper_loads/108w4mmsquk207_generation_1_1789824975188407083_ROTATING_M.json,ec917e16ef743739f60af32b148164327b08cc03ad0fbd3713ebef4d8fbac132,atcoder/arc192_b,ROTATING_M,,,,0.9326470657251775,,
mapper_checkpoint,primary/tasks/atcoder__arc192_d/mapper_loads/9hlpwazgwe1flj_generation_1_1789832656469872527_FIXED_H.json,fde376cc0a517c2fd5ecbe851cd162c1e39a15f897c88ba9475cb987d749193d,atcoder/arc192_d,FIXED_H,,,,0.5345373949967325,,
mapper_checkpoint,primary/tasks/atcoder__arc192_d/mapper_loads/9hlpwazgwe1flj_generation_1_1789832656469872527_ROTATING_H.json,6bde8376e87e9a12e4f48d9e11d95b5f2c866b1581a4c4c609680bbe5e0959df,atcoder/arc192_d,ROTATING_H,,,,0.5254126009531319,,
mapper_checkpoint,primary/tasks/atcoder__arc192_d/mapper_loads/9hlpwazgwe1flj_generation_1_1789832656469872527_ROTATING_M.json,ea52a2d2eafafbc3dfabb1a2c9cd19b0dc15edfc939733ca58851be7c571aa61,atcoder/arc192_d,ROTATING_M,,,,0.5260620289482176,,
mapper_checkpoint,primary/tasks/atcoder__arc192_e/mapper_loads/9hlpwazgwe1flj_generation_1_1789832656469872527_FIXED_H.json,603fdeb187191f2d1da9b94b245eb57a2764f898d488a2e15cab8a132a34c263,atcoder/arc192_e,FIXED_H,,,,0.5064438041299582,,
mapper_checkpoint,primary/tasks/atcoder__arc192_e/mapper_loads/9hlpwazgwe1flj_generation_1_1789832656469872527_FIXED_M.json,ee5faed06479eb6906f5905f99e3f748312ab61d86e2508017d66a0fc88fb816,atcoder/arc192_e,FIXED_M,,,,0.5176116127986461,,
mapper_checkpoint,primary/tasks/atcoder__arc192_e/mapper_loads/9hlpwazgwe1flj_generation_1_1789832656469872527_ROTATING_H.json,b34c31dede6f62b4ee823374d25ae306aab422dc9a62e90e0b4e7199ff5326a5,atcoder/arc192_e,ROTATING_H,,,,0.5041640289127827,,
mapper_checkpoint,primary/tasks/atcoder__arc192_e/mapper_loads/9hlpwazgwe1flj_generation_1_1789832656469872527_ROTATING_M.json,c84273081b21660449c92aa7e77d3a7bc094e52cbddc512b95b2deef8c1cd176,atcoder/arc192_e,ROTATING_M,,,,0.500042777042836,,
mapper_checkpoint,primary/tasks/atcoder__arc193_a/mapper_loads/108w4mmsquk207_generation_1_1789824975188407083_FIXED_H.json,70e526a361208d1cd9a2e9985c1c8140c5415b37bf69478e8cc273b5216cb72a,atcoder/arc193_a,FIXED_H,,,,0.5884120538830757,,
mapper_checkpoint,primary/tasks/atcoder__arc193_a/mapper_loads/108w4mmsquk207_generation_1_1789824975188407083_FIXED_M.json,0a490f28b8d0351eafe3b9fb63eb4b8c36a164dca61ac8de873ac001fdeb492f,atcoder/arc193_a,FIXED_M,,,,0.5283762700855732,,
mapper_checkpoint,primary/tasks/atcoder__arc193_a/mapper_loads/108w4mmsquk207_generation_1_1789824975188407083_ROTATING_H.json,105b5d6713a6046e9ceeb2c2ccd67a46aeef2bd09833c4c6fb8c1577aed71ddc,atcoder/arc193_a,ROTATING_H,,,,1.076657869387418,,
mapper_checkpoint,primary/tasks/atcoder__arc193_a/mapper_loads/108w4mmsquk207_generation_1_1789824975188407083_ROTATING_M.json,61a0cb3131f77a1f9ad0c8b9e842c4d7583aa1aef6fa266b0a4fc81f63c6eeaa,atcoder/arc193_a,ROTATING_M,,,,1.1900958442129195,,
mapper_checkpoint,primary/tasks/atcoder__arc194_c/mapper_loads/oianuofedm84rt_generation_2_1789824916910890488_FIXED_H.json,e5d75ffa1e91433fe339687b617b309c0cdd8138cf77845517597cf8277a37b1,atcoder/arc194_c,FIXED_H,,,,0.5214047611225396,,
mapper_checkpoint,primary/tasks/atcoder__arc194_c/mapper_loads/oianuofedm84rt_generation_2_1789824916910890488_FIXED_M.json,060883877808c84671624fa5bb01edf59fcc454578807ca3071e0ad15b900027,atcoder/arc194_c,FIXED_M,,,,0.5303768790327013,,
mapper_checkpoint,primary/tasks/atcoder__arc194_c/mapper_loads/oianuofedm84rt_generation_2_1789824916910890488_ROTATING_H.json,4d21e18453d11171f48813ab04629d39b0a79fc9a485838504b62bdc612ba37c,atcoder/arc194_c,ROTATING_H,,,,0.5125327839050442,,
mapper_checkpoint,primary/tasks/atcoder__arc194_c/mapper_loads/oianuofedm84rt_generation_2_1789824916910890488_ROTATING_M.json,cd221d1bf92b688906270bbbdc872cf49a9c6b8daaca5605e9336d58fe85d3d9,atcoder/arc194_c,ROTATING_M,,,,0.5221952979918569,,
mapper_checkpoint,primary/tasks/atcoder__arc194_d/mapper_loads/w0ycaqip586bjh_generation_0_1789824951358354911_FIXED_H.json,a410e3a93b4c6c49781cf9c6e6474bac455284784d04b56353276aa6955e510c,atcoder/arc194_d,FIXED_H,,,,0.510248901322484,,
mapper_checkpoint,primary/tasks/atcoder__arc194_d/mapper_loads/w0ycaqip586bjh_generation_0_1789824951358354911_FIXED_M.json,5fb68dc1b6dffd366cf52f64b5828cfe45547bc0638ee5730c3bb5bec5c8ab11,atcoder/arc194_d,FIXED_M,,,,0.41845765616744757,,
mapper_checkpoint,primary/tasks/atcoder__arc194_d/mapper_loads/w0ycaqip586bjh_generation_0_1789824951358354911_ROTATING_H.json,023949df5913d1c0dc3c35b8b9e47623fc968430c0c0a2288b19bc5ea056fa60,atcoder/arc194_d,ROTATING_H,,,,0.41548139601945877,,
mapper_checkpoint,primary/tasks/atcoder__arc194_d/mapper_loads/w0ycaqip586bjh_generation_0_1789824951358354911_ROTATING_M.json,b7a1c54d7c74a7c45b803fcc85d0eb091261e3a1c8ab30fb62efb14f4d7f3961,atcoder/arc194_d,ROTATING_M,,,,0.419438729993999,,
mapper_checkpoint,primary/tasks/atcoder__arc194_e/mapper_loads/108w4mmsquk207_generation_1_1789824975188407083_FIXED_H.json,d6f121bf185142069b65a487ff4ece42d6359c436c0d0a743c03d2ae56c7ba04,atcoder/arc194_e,FIXED_H,,,,0.5556734171696007,,
mapper_checkpoint,primary/tasks/atcoder__arc194_e/mapper_loads/108w4mmsquk207_generation_1_1789824975188407083_ROTATING_H.json,456e06800909d21659c12d5e229dbd636c9b97dc7ae8ba048e48bd9d775f1c04,atcoder/arc194_e,ROTATING_H,,,,1.150510701816529,,
mapper_checkpoint,primary/tasks/atcoder__arc194_e/mapper_loads/108w4mmsquk207_generation_1_1789824975188407083_ROTATING_M.json,4427f57848b8ae94ed394e64e72552ab6858a3c44d59ebcaadd7e8554801cbaf,atcoder/arc194_e,ROTATING_M,,,,1.053524739574641,,
mapper_checkpoint,primary/tasks/atcoder__arc195_a/mapper_loads/108w4mmsquk207_generation_1_1789824975188407083_FIXED_H.json,d785054138fbdeb427a60133551dddc950f43df404dc079209aa9f942e6bb830,atcoder/arc195_a,FIXED_H,,,,0.5403308616951108,,
mapper_checkpoint,primary/tasks/atcoder__arc195_a/mapper_loads/108w4mmsquk207_generation_1_1789824975188407083_FIXED_M.json,857d37f907b9b90b0dbe9c22eacdc888c36ab613f3513238ac80acbe52ef8df8,atcoder/arc195_a,FIXED_M,,,,0.5548915527760983,,
mapper_checkpoint,primary/tasks/atcoder__arc195_a/mapper_loads/108w4mmsquk207_generation_1_1789824975188407083_ROTATING_M.json,7454623a05173a46747988b21b4de28e41fa955950e2263b6c016d587a11a9a3,atcoder/arc195_a,ROTATING_M,,,,0.9308252590708435,,
mapper_checkpoint,primary/tasks/atcoder__arc196_c/mapper_loads/oianuofedm84rt_generation_2_1789824916910890488_FIXED_H.json,1c1cc5957a6048fcc5fa17daa810fc1746de1d50a024f820712d86088b7f200e,atcoder/arc196_c,FIXED_H,,,,0.5292921289801598,,
mapper_checkpoint,primary/tasks/atcoder__arc196_c/mapper_loads/oianuofedm84rt_generation_2_1789824916910890488_FIXED_M.json,a0edd8b4ba74cf7e6a63913f19e298c2c667cabbc4ab43c5ffbaecb9a46a5c76,atcoder/arc196_c,FIXED_M,,,,0.49203897221013904,,
mapper_checkpoint,primary/tasks/atcoder__arc196_c/mapper_loads/oianuofedm84rt_generation_2_1789824916910890488_ROTATING_H.json,3519cd2635cb1cb6eab4484d471cb7a39e97cba6d1f861ac29a1f549b4f29d33,atcoder/arc196_c,ROTATING_H,,,,0.4951263889670372,,
mapper_checkpoint,primary/tasks/atcoder__arc196_c/mapper_loads/oianuofedm84rt_generation_2_1789824916910890488_ROTATING_M.json,bfb05b446355ab9b4880647425f16e0ff640cedeb0f9d76b49e501701023b645,atcoder/arc196_c,ROTATING_M,,,,0.5181306989397854,,
mapper_checkpoint,primary/tasks/leetcode__3485/mapper_loads/108w4mmsquk207_generation_1_1789824975188407083_FIXED_H.json,9a87e4029420603706d57317db5d87c4161f870996e3434d89250c020904ba56,leetcode/3485,FIXED_H,,,,0.5414865468628705,,
mapper_checkpoint,primary/tasks/leetcode__3485/mapper_loads/108w4mmsquk207_generation_1_1789824975188407083_FIXED_M.json,3d1ab8d8fcf65b3724fd14b1a1dd6f7ec4ef2e626361b4f9937207e716457247,leetcode/3485,FIXED_M,,,,0.5332638807594776,,
mapper_checkpoint,primary/tasks/leetcode__3485/mapper_loads/108w4mmsquk207_generation_1_1789824975188407083_ROTATING_H.json,36ecce3398bc5f2496550def9d29bf61db2412d4fcc8f5f9338aaca29ab7b7e6,leetcode/3485,ROTATING_H,,,,1.422824782319367,,
mapper_checkpoint,primary/tasks/leetcode__3485/mapper_loads/108w4mmsquk207_generation_1_1789824975188407083_ROTATING_M.json,805a10496de1a5e29b621c9757a5b570bb2168102a9b04a04a8a8217a8813036,leetcode/3485,ROTATING_M,,,,0.9188930969685316,,
mapper_checkpoint,primary/tasks/leetcode__3495/mapper_loads/w0ycaqip586bjh_generation_0_1789824951358354911_FIXED_H.json,a1e71d64c4f862899bb97444f0a6cca66f45adba2c221650197b45cae565cdab,leetcode/3495,FIXED_H,,,,0.425550919957459,,
mapper_checkpoint,primary/tasks/leetcode__3495/mapper_loads/w0ycaqip586bjh_generation_0_1789824951358354911_FIXED_M.json,49a4d89d11522e1f3eb706eea3839bc0099e5de6161b46f800f027f2dd1c570b,leetcode/3495,FIXED_M,,,,0.41852614330127835,,
mapper_checkpoint,primary/tasks/leetcode__3495/mapper_loads/w0ycaqip586bjh_generation_0_1789824951358354911_ROTATING_M.json,f0a21e2bab18f6dc39ca15039d0d0bcfacd240455fcd0088bb42776c43696ba8,leetcode/3495,ROTATING_M,,,,0.4115295112133026,,
mapper_checkpoint,primary/tasks/leetcode__3502/mapper_loads/108w4mmsquk207_generation_0_1789824974811030339_FIXED_H.json,3e970b555ff778039fc6b3ae163d8bc3d5fdc0a7f947261d307bab10626bdb56,leetcode/3502,FIXED_H,,,,0.5561601393856108,,
mapper_checkpoint,primary/tasks/leetcode__3502/mapper_loads/108w4mmsquk207_generation_0_1789824974811030339_FIXED_M.json,405160136b6bfcb8a2539fcf5f6180084a72ead2ebe739e8a18fd0f968473d5c,leetcode/3502,FIXED_M,,,,0.5418206579051912,,
mapper_checkpoint,primary/tasks/leetcode__3502/mapper_loads/108w4mmsquk207_generation_0_1789824974811030339_ROTATING_H.json,ca8996f509df43482065d5f1bb2062af934461a4cc4e698ed527cc8aa83971b3,leetcode/3502,ROTATING_H,,,,1.1416028114035726,,
mapper_checkpoint,primary/tasks/leetcode__3502/mapper_loads/108w4mmsquk207_generation_0_1789824974811030339_ROTATING_M.json,89267d925b7983216b3cc2958a1514db45466d21d99d6e37fdbaa640c8d043ca,leetcode/3502,ROTATING_M,,,,1.0226296121254563,,
mapper_checkpoint,primary/tasks/leetcode__3510/mapper_loads/nv36660gsdcw11_generation_0_1789824988462409312_FIXED_H.json,95c55a9ee882493817192dcb4e1afc24d50257cc4561e26916105491743e9889,leetcode/3510,FIXED_H,,,,0.42955577187240124,,
mapper_checkpoint,primary/tasks/leetcode__3510/mapper_loads/nv36660gsdcw11_generation_0_1789824988462409312_FIXED_M.json,e67d427bf65e87abc8b5f531f354ea76229bd5e7e429ca0612bad29e83633a7b,leetcode/3510,FIXED_M,,,,0.43836414627730846,,
mapper_checkpoint,primary/tasks/leetcode__3510/mapper_loads/nv36660gsdcw11_generation_0_1789824988462409312_ROTATING_H.json,1a1ee6e49e32cb9e44c454f4e1a3a9176f814017e0b14187410a2fabec30b865,leetcode/3510,ROTATING_H,,,,0.5807106122374535,,
mapper_checkpoint,primary/tasks/leetcode__3510/mapper_loads/nv36660gsdcw11_generation_0_1789824988462409312_ROTATING_M.json,d7f6f772a912141734a9956e9b36e023c7c16b6af34466a245181fcc20063f58,leetcode/3510,ROTATING_M,,,,0.5591948796063662,,
mapper_checkpoint,primary/tasks/leetcode__3518/mapper_loads/108w4mmsquk207_generation_1_1789824975188407083_FIXED_H.json,0d6534a862b1d65eca72c345502de9c5eae725564e609d555e5e8d4c73648b43,leetcode/3518,FIXED_H,,,,0.5335033978335559,,
mapper_checkpoint,primary/tasks/leetcode__3518/mapper_loads/108w4mmsquk207_generation_1_1789824975188407083_FIXED_M.json,4bfb336112ac8ec5d5af160d0932da793ddbf5768477741929c6b16a0f79a73c,leetcode/3518,FIXED_M,,,,0.536625110078603,,
mapper_checkpoint,primary/tasks/leetcode__3518/mapper_loads/108w4mmsquk207_generation_1_1789824975188407083_ROTATING_H.json,a44e41e522e69971ce4ce4911931541d96f87c8efbf79fe1e44e619c1b29445a,leetcode/3518,ROTATING_H,,,,0.9517158903181553,,
mapper_checkpoint,primary/tasks/leetcode__3518/mapper_loads/108w4mmsquk207_generation_1_1789824975188407083_ROTATING_M.json,f95e7675733131a950a548fdf4b4caa691a8bd0ee11cf78fc5ae961053a59d74,leetcode/3518,ROTATING_M,,,,0.953099521342665,,
mapper_checkpoint,primary/tasks/leetcode__3522/mapper_loads/nv36660gsdcw11_generation_0_1789824988462409312_FIXED_H.json,fbcbbbb647b28cc363ca8adec820ff8df2d9af7d468a53f7332774c07b132a78,leetcode/3522,FIXED_H,,,,0.5776644758880138,,
mapper_checkpoint,primary/tasks/leetcode__3522/mapper_loads/nv36660gsdcw11_generation_0_1789824988462409312_FIXED_M.json,23fe3510dc568a23d2f1f71134225abb66aa533d0d3d46a7a95b1434d28abd42,leetcode/3522,FIXED_M,,,,0.5704848077148199,,
mapper_checkpoint,primary/tasks/leetcode__3522/mapper_loads/nv36660gsdcw11_generation_0_1789824988462409312_ROTATING_H.json,f6183f33f701f4f363170b9703ac9f4158b1eb660c53076a5a2bbce99340445f,leetcode/3522,ROTATING_H,,,,0.5610596165060997,,
mapper_checkpoint,primary/tasks/leetcode__3522/mapper_loads/nv36660gsdcw11_generation_0_1789824988462409312_ROTATING_M.json,3376c1aa0ad86b26f3b8b106da738951ef65fe3128afa3ce73c0863d7b5f99e2,leetcode/3522,ROTATING_M,,,,0.4899581018835306,,
mapper_checkpoint,primary/tasks/leetcode__3525/mapper_loads/oianuofedm84rt_generation_2_1789824916910890488_FIXED_H.json,529d9ce8e5070701d15f9390069bbacbc327ff6cce7cc806cef8a3749bb86b76,leetcode/3525,FIXED_H,,,,0.48491143388673663,,
mapper_checkpoint,primary/tasks/leetcode__3525/mapper_loads/oianuofedm84rt_generation_2_1789824916910890488_FIXED_M.json,6bcbd41dbd013ac95c02cf600ca9edd5709989baa7398cc783ef59025f2bc54a,leetcode/3525,FIXED_M,,,,0.4876300629694015,,
mapper_checkpoint,primary/tasks/leetcode__3525/mapper_loads/oianuofedm84rt_generation_2_1789824916910890488_ROTATING_H.json,31ec7d1825c17bfd5db6dc5c9afeda731beec17c164533e12aef43e65151d1be,leetcode/3525,ROTATING_H,,,,0.5085184799972922,,
mapper_checkpoint,primary/tasks/leetcode__3525/mapper_loads/oianuofedm84rt_generation_2_1789824916910890488_ROTATING_M.json,d1eca90022cc3b75cf166ebb7a2c6aceeef8c054147095d4481f96d5c8bf50f5,leetcode/3525,ROTATING_M,,,,0.4874643280636519,,
mapper_checkpoint,primary/tasks/leetcode__3527/mapper_loads/9hlpwazgwe1flj_generation_1_1789832656469872527_FIXED_H.json,6127d584c5bf6700303b4cb868fd5bfc7c258df94dc42be5b6bef398af07174d,leetcode/3527,FIXED_H,,,,0.5325724110007286,,
mapper_checkpoint,primary/tasks/leetcode__3527/mapper_loads/9hlpwazgwe1flj_generation_1_1789832656469872527_FIXED_M.json,5cba4da9f3f32e7cce5e1f7f7345c0c77525fd208cb269fde520706dcb16d843,leetcode/3527,FIXED_M,,,,0.5322405979968607,,
mapper_checkpoint,primary/tasks/leetcode__3527/mapper_loads/9hlpwazgwe1flj_generation_1_1789832656469872527_ROTATING_H.json,3c42d52824493fe8246eccdee1d37cf5e5acb12ce8302b41fd71b56fcb8ab85d,leetcode/3527,ROTATING_H,,,,0.5273005201015621,,
mapper_checkpoint,primary/tasks/leetcode__3527/mapper_loads/9hlpwazgwe1flj_generation_1_1789832656469872527_ROTATING_M.json,f9d57d79f6223b0bd5ff97ab1e3fe52f70af43bb1aa1c5815fb2f05d14644e7e,leetcode/3527,ROTATING_M,,,,0.5246934951283038,,
mapper_checkpoint,primary/tasks/leetcode__3528/mapper_loads/9hlpwazgwe1flj_generation_1_1789832656469872527_FIXED_H.json,cbf61b40de5a4ed827fbe32a0608edb1092eb4add04568705b75eb0aaef902e2,leetcode/3528,FIXED_H,,,,0.5350868969690055,,
mapper_checkpoint,primary/tasks/leetcode__3528/mapper_loads/9hlpwazgwe1flj_generation_1_1789832656469872527_ROTATING_H.json,1fb0f93b19c893ffee335c194d240557642a6f827c1568466ec5e24250947bf9,leetcode/3528,ROTATING_H,,,,0.533905188087374,,
mapper_checkpoint,primary/tasks/leetcode__3528/mapper_loads/9hlpwazgwe1flj_generation_1_1789832656469872527_ROTATING_M.json,25d4ed8e0579e3d4b7ea1c6775e924e12571e4b719d734da523df90b93e1f62d,leetcode/3528,ROTATING_M,,,,0.5295412370469421,,
mapper_checkpoint,primary/tasks/leetcode__3532/mapper_loads/nv36660gsdcw11_generation_0_1789824988462409312_FIXED_H.json,cb5fb42fd1eee14c7005816b6989a0c85e912201df2fc6b99ea08452ecb6e58a,leetcode/3532,FIXED_H,,,,0.48677599988877773,,
mapper_checkpoint,primary/tasks/leetcode__3532/mapper_loads/nv36660gsdcw11_generation_0_1789824988462409312_FIXED_M.json,f83fded991512f241933bd6db97c7c8d69d52797d76149b26d759ca397948908,leetcode/3532,FIXED_M,,,,0.5678874868899584,,
mapper_checkpoint,primary/tasks/leetcode__3532/mapper_loads/nv36660gsdcw11_generation_0_1789824988462409312_ROTATING_H.json,3a2221470f3225493884383ffdc31f82e5e3ee34490af01f8f842bb5611c7f71,leetcode/3532,ROTATING_H,,,,0.4505116883665323,,
mapper_checkpoint,primary/tasks/leetcode__3535/mapper_loads/oianuofedm84rt_generation_2_1789824916910890488_FIXED_H.json,458e275954770e19f8450c8bee5de9a390168af3098cb12171d806febe99e774,leetcode/3535,FIXED_H,,,,0.483543966896832,,
mapper_checkpoint,primary/tasks/leetcode__3535/mapper_loads/oianuofedm84rt_generation_2_1789824916910890488_FIXED_M.json,6347d604413253e56538bb31245c949c1e4c7b9c08395478d49c308b0924ee98,leetcode/3535,FIXED_M,,,,0.49160261801443994,,
mapper_checkpoint,primary/tasks/leetcode__3535/mapper_loads/oianuofedm84rt_generation_2_1789824916910890488_ROTATING_M.json,58cfabea66e308fb2c299d5eae1fef91a07a58463e51132e8ae6c305b79e0fae,leetcode/3535,ROTATING_M,,,,0.4887624718248844,,
mapper_checkpoint,primary/tasks/leetcode__3540/mapper_loads/oianuofedm84rt_generation_2_1789824916910890488_FIXED_H.json,8a40f3a7a31e4a42e3002524c8974426cc38b38121e4a9fbb9f28447ef6786a5,leetcode/3540,FIXED_H,,,,0.49336462398059666,,
mapper_checkpoint,primary/tasks/leetcode__3540/mapper_loads/oianuofedm84rt_generation_2_1789824916910890488_FIXED_M.json,1c2d98c956b28e586edced776cbf21ef8a9de5fb204905bf11239c6ae9302ab7,leetcode/3540,FIXED_M,,,,0.4901069509796798,,
mapper_checkpoint,primary/tasks/leetcode__3540/mapper_loads/oianuofedm84rt_generation_2_1789824916910890488_ROTATING_H.json,0090bc43869a1f77e1385280bed8f4b6468d52a27a7b193ba4db82524e4d3f53,leetcode/3540,ROTATING_H,,,,0.4908509459346533,,
mapper_checkpoint,primary/tasks/leetcode__3540/mapper_loads/oianuofedm84rt_generation_2_1789824916910890488_ROTATING_M.json,919fee0180a343fd9ab0acafd1c8cf631ed803c0c471d5a7ca7bfe35dbf1b050,leetcode/3540,ROTATING_M,,,,0.49459876492619514,,
mapper_checkpoint,primary/tasks/leetcode__3543/mapper_loads/nv36660gsdcw11_generation_0_1789824988462409312_FIXED_H.json,c2643529188445590bd020c415fd0c0bf729d66735ecbbaca332bafc23aacad6,leetcode/3543,FIXED_H,,,,0.6643320396542549,,
mapper_checkpoint,primary/tasks/leetcode__3543/mapper_loads/nv36660gsdcw11_generation_0_1789824988462409312_FIXED_M.json,d2f24ee2ab421c707f87ce96acb162ca1d781d6151965049ce42d55a1f7777f8,leetcode/3543,FIXED_M,,,,0.6124422550201416,,
mapper_checkpoint,primary/tasks/leetcode__3543/mapper_loads/nv36660gsdcw11_generation_0_1789824988462409312_ROTATING_H.json,8b5431f9bb831dd95e847df82307e5475d6f0c9e678396ed51aa03b511acf94e,leetcode/3543,ROTATING_H,,,,0.6501561310142279,,
mapper_checkpoint,primary/tasks/leetcode__3548/mapper_loads/108w4mmsquk207_generation_1_1789824975188407083_FIXED_H.json,e2e12460ff8d6028a1461ad5996ddf8ba5ccc0381c444ad2c4207d4bd78e890b,leetcode/3548,FIXED_H,,,,0.5510748061351478,,
mapper_checkpoint,primary/tasks/leetcode__3548/mapper_loads/108w4mmsquk207_generation_1_1789824975188407083_FIXED_M.json,ee6654fba020197e0dd250c7a01a88389e5c1d32da8dab48dd331458d2662081,leetcode/3548,FIXED_M,,,,0.5343343373388052,,
mapper_checkpoint,primary/tasks/leetcode__3548/mapper_loads/108w4mmsquk207_generation_1_1789824975188407083_ROTATING_M.json,540802f2075313873d9954fac3e6e8ef801ec7cadd1e0cabab4e442f070457c5,leetcode/3548,ROTATING_M,,,,1.0324052176438272,,
mapper_checkpoint,primary/tasks/leetcode__3552/mapper_loads/nv36660gsdcw11_generation_0_1789824988462409312_FIXED_H.json,786f5c2080900f87be7fdae06c8fd0e81c0c82090e08b0192826027817eb30d1,leetcode/3552,FIXED_H,,,,0.5781397167593241,,
mapper_checkpoint,primary/tasks/leetcode__3552/mapper_loads/nv36660gsdcw11_generation_0_1789824988462409312_FIXED_M.json,c1efa690e5d46070aca64aebb0b3fed4668987b6e91149e0617cd39eb0b8a6f4,leetcode/3552,FIXED_M,,,,0.7035861779004335,,
mapper_checkpoint,primary/tasks/leetcode__3552/mapper_loads/nv36660gsdcw11_generation_0_1789824988462409312_ROTATING_H.json,272deb7e3b262534c57c72473d842eff381d73ff6e78b22b42d2aa2a2c2f860c,leetcode/3552,ROTATING_H,,,,0.49002543091773987,,
mapper_checkpoint,primary/tasks/leetcode__3552/mapper_loads/nv36660gsdcw11_generation_0_1789824988462409312_ROTATING_M.json,f5893627360441eaab524a2db2cdc2e47cb716080cfee71d594b2409bf80ee83,leetcode/3552,ROTATING_M,,,,0.5028418637812138,,
mapper_checkpoint,primary/tasks/leetcode__3560/mapper_loads/oianuofedm84rt_generation_2_1789824916910890488_FIXED_H.json,8fcf30ecba7c39ef563a29087f19528dd9e34074f43ef123e6724b6f4b2fe62d,leetcode/3560,FIXED_H,,,,0.5062629960011691,,
mapper_checkpoint,primary/tasks/leetcode__3560/mapper_loads/oianuofedm84rt_generation_2_1789824916910890488_FIXED_M.json,ada1b2b74dbdbeea74a8ebbd69118e30cba105b3449ea40abcea0c0ec2eb5015,leetcode/3560,FIXED_M,,,,0.49732521502301097,,
mapper_checkpoint,primary/tasks/leetcode__3560/mapper_loads/oianuofedm84rt_generation_2_1789824916910890488_ROTATING_H.json,866d2d02e4f9dad78b70e574a0bbcd2f78c8c25595610f21e8a86f17c469e25d,leetcode/3560,ROTATING_H,,,,0.505215487908572,,
mapper_checkpoint,primary/tasks/leetcode__3560/mapper_loads/oianuofedm84rt_generation_2_1789824916910890488_ROTATING_M.json,fd7074e2afaca11005983ab3dbcff03d875eb4527cc6a60e52b54807f31d6809,leetcode/3560,ROTATING_M,,,,0.508049292024225,,
mapper_checkpoint,primary/tasks/leetcode__3562/mapper_loads/oianuofedm84rt_generation_2_1789824916910890488_FIXED_H.json,46096180dc17765e480edb7c105fc3a44f2b9202eba1a3122c7b5a58ced48890,leetcode/3562,FIXED_H,,,,0.48319107899442315,,
mapper_checkpoint,primary/tasks/leetcode__3562/mapper_loads/oianuofedm84rt_generation_2_1789824916910890488_FIXED_M.json,e219aa7636b23c9117395ff208fa9f9efdc9382351bd76f510b9bed7526a6269,leetcode/3562,FIXED_M,,,,0.4687908731866628,,
mapper_checkpoint,primary/tasks/leetcode__3562/mapper_loads/oianuofedm84rt_generation_2_1789824916910890488_ROTATING_H.json,da6ec9130e22875fbda7715f1b3e066396d841995ed0f451f80813835f74c42f,leetcode/3562,ROTATING_H,,,,0.4813380769919604,,
mapper_checkpoint,primary/tasks/leetcode__3562/mapper_loads/oianuofedm84rt_generation_2_1789824916910890488_ROTATING_M.json,0659628315af475518b68acfa2f92c58697ccb75aaa9b58c9a44f3f90fdecf04,leetcode/3562,ROTATING_M,,,,0.48913183785043657,,
mapper_checkpoint,primary/tasks/leetcode__3563/mapper_loads/9hlpwazgwe1flj_generation_0_1789832656329658715_FIXED_H.json,96078547e33a7f837a2f2bc224035c49e29fc2a641c8d324fa3aef52ed6b7b95,leetcode/3563,FIXED_H,,,,0.5370516069233418,,
mapper_checkpoint,primary/tasks/leetcode__3563/mapper_loads/9hlpwazgwe1flj_generation_0_1789832656329658715_FIXED_M.json,cb8b0c1eeadfe00705c8b626585211a7bcacb04c366243077126a68782ab51e6,leetcode/3563,FIXED_M,,,,0.524284171871841,,
mapper_checkpoint,primary/tasks/leetcode__3563/mapper_loads/9hlpwazgwe1flj_generation_0_1789832656329658715_ROTATING_H.json,9a0970f4ee6b95f027eabdebdeeb1827f60977c0961d40989e6989f4267b6198,leetcode/3563,ROTATING_H,,,,0.5204511790070683,,
mapper_checkpoint,primary/tasks/leetcode__3563/mapper_loads/9hlpwazgwe1flj_generation_0_1789832656329658715_ROTATING_M.json,763d4db5dd0c774ae0bdbcc12e45807e21b1210dd41e4ff11e10891305342816,leetcode/3563,ROTATING_M,,,,0.531429051188752,,
mapper_checkpoint,primary/tasks/leetcode__3566/mapper_loads/9hlpwazgwe1flj_generation_1_1789832656469872527_FIXED_H.json,9f9c91c6a286043066140b12bb9d49f315ea282dac6aa82be26e56da034ca297,leetcode/3566,FIXED_H,,,,0.5350199779495597,,
mapper_checkpoint,primary/tasks/leetcode__3566/mapper_loads/9hlpwazgwe1flj_generation_1_1789832656469872527_FIXED_M.json,588f1bc260f0b15c4a4afefb6818af5b4d15df4cf5cdd99d8b1b9c14047f9eac,leetcode/3566,FIXED_M,,,,0.5308360899798572,,
mapper_checkpoint,primary/tasks/leetcode__3566/mapper_loads/9hlpwazgwe1flj_generation_1_1789832656469872527_ROTATING_H.json,bc200460a8d35a2b8f31af70f92289769d4c31b65279d29358c59ceafc9b9ca8,leetcode/3566,ROTATING_H,,,,0.5277956239879131,,
mapper_checkpoint,primary/tasks/leetcode__3566/mapper_loads/9hlpwazgwe1flj_generation_1_1789832656469872527_ROTATING_M.json,a0bf97346c0b35c5a3467a67a7356d2564b0a2f6f3804e0a311c6e52ce36f1bd,leetcode/3566,ROTATING_M,,,,0.5249613809864968,,
mapper_checkpoint,primary/tasks/leetcode__3583/mapper_loads/nv36660gsdcw11_generation_0_1789824988462409312_FIXED_M.json,bd1ba9c6763fe8065a68314efd14a6e434c5d536a19d772de60c85379f8a60f9,leetcode/3583,FIXED_M,,,,0.49593169428408146,,
mapper_checkpoint,primary/tasks/leetcode__3583/mapper_loads/nv36660gsdcw11_generation_0_1789824988462409312_ROTATING_H.json,f10da807afa4b5fe0a9dcb28495223a3f0af0cb808319843f72486df0ce33298,leetcode/3583,ROTATING_H,,,,0.5687750447541475,,
mapper_checkpoint,primary/tasks/leetcode__3583/mapper_loads/nv36660gsdcw11_generation_0_1789824988462409312_ROTATING_M.json,b171efea1f88c27e4b802c23bce90b360b01b183a3972a655b23323587daf787,leetcode/3583,ROTATING_M,,,,0.4841834232211113,,
mapper_checkpoint,primary/tasks/leetcode__3587/mapper_loads/9hlpwazgwe1flj_generation_1_1789832656469872527_FIXED_H.json,6518c5129002d216714f40689f576405ead0d6df492f8a91c5980cb755fdd8be,leetcode/3587,FIXED_H,,,,0.5303993499837816,,
mapper_checkpoint,primary/tasks/leetcode__3587/mapper_loads/9hlpwazgwe1flj_generation_1_1789832656469872527_ROTATING_H.json,7be5380206f5df9ad4c4c390fd1c6dc6e45eb2b81d1228a2bb34cdf9c3e12a4c,leetcode/3587,ROTATING_H,,,,0.5254798668902367,,
mapper_checkpoint,primary/tasks/leetcode__3587/mapper_loads/9hlpwazgwe1flj_generation_1_1789832656469872527_ROTATING_M.json,8b4f375fc5cd4b3c17457a1a65d497b9ec9556debb093cb21df0eac134231691,leetcode/3587,ROTATING_M,,,,0.5146013491321355,,
mapper_checkpoint,primary/tasks/leetcode__3588/mapper_loads/9hlpwazgwe1flj_generation_1_1789832656469872527_FIXED_H.json,e835f07b8a1463ee54f37c341cbc694e88407c40d99103439a946900a2e12068,leetcode/3588,FIXED_H,,,,0.5326115721836686,,
mapper_checkpoint,primary/tasks/leetcode__3588/mapper_loads/9hlpwazgwe1flj_generation_1_1789832656469872527_FIXED_M.json,cf96bb26f7b58cc4f89f48f34c305412a38f8e7b96e31f8dd5bfb8c60bb55b12,leetcode/3588,FIXED_M,,,,0.5328096300363541,,
mapper_checkpoint,primary/tasks/leetcode__3588/mapper_loads/9hlpwazgwe1flj_generation_1_1789832656469872527_ROTATING_H.json,a177769779a58b0ef4e8b647ae7410f4fbd00b63e784d689b967f638c725cc1a,leetcode/3588,ROTATING_H,,,,0.5243454359006137,,
mapper_checkpoint,primary/tasks/leetcode__3591/mapper_loads/nv36660gsdcw11_generation_0_1789824988462409312_FIXED_H.json,16f2e4fd67151250af1ac3dedf6ebca28116bd6b346a114bd2d677b91802500e,leetcode/3591,FIXED_H,,,,0.5946542713791132,,
mapper_checkpoint,primary/tasks/leetcode__3591/mapper_loads/nv36660gsdcw11_generation_0_1789824988462409312_FIXED_M.json,bdd11dad450c489ab4281fcaafddc776afedc43edcbf60f13b69f0c22c4cddd5,leetcode/3591,FIXED_M,,,,0.4919835180044174,,
mapper_checkpoint,primary/tasks/leetcode__3591/mapper_loads/nv36660gsdcw11_generation_0_1789824988462409312_ROTATING_H.json,967ac5efc57100b0a5aeb09c7de921b4f524f0f9ce8b8ed78398efcbd96e316f,leetcode/3591,ROTATING_H,,,,0.5433792639523745,,
mapper_checkpoint,primary/tasks/leetcode__3591/mapper_loads/nv36660gsdcw11_generation_0_1789824988462409312_ROTATING_M.json,eba9c0ea0cb4d4e1c488c3ba7c3d56d8ef54f4fc32a5dcecc9475061912e95e5,leetcode/3591,ROTATING_M,,,,0.47665186412632465,,
mapper_checkpoint,primary/tasks/leetcode__3593/mapper_loads/oianuofedm84rt_generation_0_1789824917985484232_FIXED_H.json,12def79983b0de108f3a1f26854c6f4d393da0640be67c1cd95a01cbfd600f22,leetcode/3593,FIXED_H,,,,0.4912229098845273,,
mapper_checkpoint,primary/tasks/leetcode__3593/mapper_loads/oianuofedm84rt_generation_0_1789824917985484232_FIXED_M.json,1099730bd052b76a510a58710954bd73012b6833ad8e2699a91d1139ef6b8d54,leetcode/3593,FIXED_M,,,,0.479524111142382,,
mapper_checkpoint,primary/tasks/leetcode__3593/mapper_loads/oianuofedm84rt_generation_0_1789824917985484232_ROTATING_H.json,b80f18ea22e35e43d62158eefb2ad17946c218bd51468a1bc63278ef5629213b,leetcode/3593,ROTATING_H,,,,0.47940715099684894,,
mapper_checkpoint,primary/tasks/leetcode__3593/mapper_loads/oianuofedm84rt_generation_0_1789824917985484232_ROTATING_M.json,710613b76d1be218b2befee004ee0bea0d30a53a77490b54c2b1148ab24a51fc,leetcode/3593,ROTATING_M,,,,0.4749117239844054,,
mapper_checkpoint,primary/tasks/leetcode__3605/mapper_loads/108w4mmsquk207_generation_1_1789824975188407083_FIXED_H.json,810149618d2669b732dde3dfb933239ee33a9b843453bf7ed59373bd3ca1e367,leetcode/3605,FIXED_H,,,,0.5400552968494594,,
mapper_checkpoint,primary/tasks/leetcode__3605/mapper_loads/108w4mmsquk207_generation_1_1789824975188407083_FIXED_M.json,766304f7ef5aba63bdb9c0cfb80941d72bacfab64fe82cc35d3e6a48a1e1c4b1,leetcode/3605,FIXED_M,,,,0.5452721077017486,,
mapper_checkpoint,primary/tasks/leetcode__3605/mapper_loads/108w4mmsquk207_generation_1_1789824975188407083_ROTATING_H.json,82802cef4bb358c84a6efd496aa7d638ebd8b7432eb776b90e745687606a262b,leetcode/3605,ROTATING_H,,,,0.9937470401637256,,
mapper_checkpoint,primary/tasks/leetcode__3605/mapper_loads/108w4mmsquk207_generation_1_1789824975188407083_ROTATING_M.json,048e696591663bd8d1cbbebb1dfa2896cdf17b72d359a067d932aa20a2ad3fe0,leetcode/3605,ROTATING_M,,,,1.0481888577342033,,
mapper_checkpoint,primary/tasks/leetcode__3607/mapper_loads/oianuofedm84rt_generation_1_1789824917323248946_FIXED_H.json,9611f32f96e03b85ed983b4133a5d871117b5c9daaf738e8b8e56326660b1c8d,leetcode/3607,FIXED_H,,,,0.4438383949454874,,
mapper_checkpoint,primary/tasks/leetcode__3607/mapper_loads/oianuofedm84rt_generation_1_1789824917323248946_FIXED_M.json,485a5efd4676144c91e9f851759f6a6a106f7588399e04e2bfc1da186ffb80f1,leetcode/3607,FIXED_M,,,,0.4454406281001866,,
mapper_checkpoint,primary/tasks/leetcode__3607/mapper_loads/oianuofedm84rt_generation_1_1789824917323248946_ROTATING_H.json,3ccf9a67b56342c3a959ff6c6262b0234535063cbafdf52602c285ca468939d6,leetcode/3607,ROTATING_H,,,,0.446389920078218,,
mapper_checkpoint,primary/tasks/leetcode__3607/mapper_loads/oianuofedm84rt_generation_1_1789824917323248946_ROTATING_M.json,b58d7731dbd1515b866151e5599a4f1b2228c750210aeecb4d76c729373bd69c,leetcode/3607,ROTATING_M,,,,0.4781170377973467,,
mapper_checkpoint,primary/tasks/leetcode__3608/mapper_loads/108w4mmsquk207_generation_1_1789824975188407083_FIXED_H.json,d529d796ab2e55ce46f069c9acd5c1db504ecd81283501da42659467a0bdbbc0,leetcode/3608,FIXED_H,,,,0.5461341040208936,,
mapper_checkpoint,primary/tasks/leetcode__3608/mapper_loads/108w4mmsquk207_generation_1_1789824975188407083_FIXED_M.json,359a640f2390857adf413b39127bff6e72f27ce9f4595e0136619398762c2a4d,leetcode/3608,FIXED_M,,,,0.5346092847175896,,
mapper_checkpoint,primary/tasks/leetcode__3608/mapper_loads/108w4mmsquk207_generation_1_1789824975188407083_ROTATING_H.json,f72a035863f7d42846f0c2085805d79521dd609003b3c258e6eface2dd35b778,leetcode/3608,ROTATING_H,,,,0.990936613176018,,
mapper_checkpoint,primary/tasks/leetcode__3608/mapper_loads/108w4mmsquk207_generation_1_1789824975188407083_ROTATING_M.json,ca7c50b3f6dd190828a5e043e0b48b7ec0a0bf80b4cb0d021082f4c27263ccab,leetcode/3608,ROTATING_M,,,,0.9087638012133539,,
mapper_checkpoint,primary/tasks/leetcode__3610/mapper_loads/oianuofedm84rt_generation_2_1789824916910890488_FIXED_H.json,8be2f19981cade433ebae406039507c9efe9e639514b801d4c10ea9817757288,leetcode/3610,FIXED_H,,,,0.47802751301787794,,
mapper_checkpoint,primary/tasks/leetcode__3610/mapper_loads/oianuofedm84rt_generation_2_1789824916910890488_FIXED_M.json,fe83ef212e201714491faabeb4618a0bfa40b151b8fa6ac8c0a4b03c26be052d,leetcode/3610,FIXED_M,,,,0.48544908105395734,,
mapper_checkpoint,primary/tasks/leetcode__3610/mapper_loads/oianuofedm84rt_generation_2_1789824916910890488_ROTATING_H.json,b85d24e84b303ef267e5f3c625bfedd778d91a859e49512be45cb0f28dcb90e0,leetcode/3610,ROTATING_H,,,,0.48451284202747047,,
mapper_checkpoint,primary/tasks/leetcode__3610/mapper_loads/oianuofedm84rt_generation_2_1789824916910890488_ROTATING_M.json,50bb797a5a9a69632a2ec675402d007fa88c6c9aacf17a80191adcafb19454be,leetcode/3610,ROTATING_M,,,,0.47532313084229827,,
mapper_checkpoint,primary/tasks/leetcode__3616/mapper_loads/nv36660gsdcw11_generation_0_1789824988462409312_FIXED_H.json,792dc22cfc03fc4cbafa88be666ee883ea5e1b091e8f3756ac110824b2dd995c,leetcode/3616,FIXED_H,,,,0.5190485510975122,,
mapper_checkpoint,primary/tasks/leetcode__3616/mapper_loads/nv36660gsdcw11_generation_0_1789824988462409312_FIXED_M.json,adec940a472303a7a6f1ddee85cf4f3d84f18d7b8b7df730eb67f40d0b4c8875,leetcode/3616,FIXED_M,,,,0.5636530965566635,,
mapper_checkpoint,primary/tasks/leetcode__3616/mapper_loads/nv36660gsdcw11_generation_0_1789824988462409312_ROTATING_H.json,de8b3eabbdfb486bb5fd8167a9db62fdd71228a6b3ff853cc7f9b195a4084049,leetcode/3616,ROTATING_H,,,,0.482586158439517,,
mapper_checkpoint,primary/tasks/leetcode__3616/mapper_loads/nv36660gsdcw11_generation_0_1789824988462409312_ROTATING_M.json,c3ae88426fe0de43dc33bc96fc495b9cc109a2980cc8c7a6a62576dbe2244775,leetcode/3616,ROTATING_M,,,,0.47294141724705696,,
mapper_checkpoint,primary/tasks/leetcode__3627/mapper_loads/9hlpwazgwe1flj_generation_1_1789832656469872527_FIXED_H.json,8ddb936f48cb89b28fd8df3e2dd70e53fc441aedaa8181a0e8eb89c1806b28d4,leetcode/3627,FIXED_H,,,,0.5308070220053196,,
mapper_checkpoint,primary/tasks/leetcode__3627/mapper_loads/9hlpwazgwe1flj_generation_1_1789832656469872527_FIXED_M.json,cdbcbee8b02dd82f64f2c2852146792ade64fd2d353d060197769fae85385c8c,leetcode/3627,FIXED_M,,,,0.5274671399965882,,
mapper_checkpoint,primary/tasks/leetcode__3627/mapper_loads/9hlpwazgwe1flj_generation_1_1789832656469872527_ROTATING_H.json,0ced3fa3049de02f08d016e09a8a8289448f57796a8923e7cf1629d2cf95b1a6,leetcode/3627,ROTATING_H,,,,0.5237103609833866,,
mapper_checkpoint,primary/tasks/leetcode__3627/mapper_loads/9hlpwazgwe1flj_generation_1_1789832656469872527_ROTATING_M.json,bfb3343cce2fa840d985b27fa44bff7ee1ab1a0beb6f0a52c94ff4f25933410f,leetcode/3627,ROTATING_M,,,,0.5226629280950874,,
mapper_checkpoint,primary/tasks/leetcode__3634/mapper_loads/oianuofedm84rt_generation_2_1789824916910890488_FIXED_H.json,f385ca139fa8b151768af01eaf46f08ab369e3245b71b0bdf91c567ccf6dd43a,leetcode/3634,FIXED_H,,,,0.4814025769010186,,
mapper_checkpoint,primary/tasks/leetcode__3634/mapper_loads/oianuofedm84rt_generation_2_1789824916910890488_FIXED_M.json,b8f349469bcad81cba20574e8e30174ed60243354a3d35617b6e4f04dbc6351e,leetcode/3634,FIXED_M,,,,0.48719648481346667,,
mapper_checkpoint,primary/tasks/leetcode__3634/mapper_loads/oianuofedm84rt_generation_2_1789824916910890488_ROTATING_H.json,b30732996f3da79ed72706b73261386b37dea988dac2e2aa61bd0466a95e6d4e,leetcode/3634,ROTATING_H,,,,0.4740229449234903,,
mapper_checkpoint,primary/tasks/leetcode__3634/mapper_loads/oianuofedm84rt_generation_2_1789824916910890488_ROTATING_M.json,5e2e6ffbe7264f156589537d151e3c4c6f20b973f61fd75c9e244d9627344fc1,leetcode/3634,ROTATING_M,,,,0.48419685708358884,,
mapper_checkpoint,primary/tasks/leetcode__3637/mapper_loads/108w4mmsquk207_generation_1_1789824975188407083_FIXED_H.json,b5f8d0b113563f54ed1cc43f24a4e5e42ef5490b9f00487b94277bd8f111a26e,leetcode/3637,FIXED_H,,,,0.5381776192225516,,
mapper_checkpoint,primary/tasks/leetcode__3637/mapper_loads/108w4mmsquk207_generation_1_1789824975188407083_ROTATING_H.json,6669ff8dbcc4e67b1334235c517ad8b373ed4d5e7edd0846a8a53e785b14d3a0,leetcode/3637,ROTATING_H,,,,0.9345985790714622,,
mapper_checkpoint,primary/tasks/leetcode__3637/mapper_loads/108w4mmsquk207_generation_1_1789824975188407083_ROTATING_M.json,33ac985c957d140e598bc194a391d3d063cbef0cd8383bfb023552b520b0b0e6,leetcode/3637,ROTATING_M,,,,1.0161664569750428,,
mapper_checkpoint,primary/tasks/leetcode__3639/mapper_loads/9hlpwazgwe1flj_generation_1_1789832656469872527_FIXED_H.json,e1d80f802f17e702ab62ff9dabd9fb0daa19e26edb721210417579ce05aa8fff,leetcode/3639,FIXED_H,,,,0.5242773490026593,,
mapper_checkpoint,primary/tasks/leetcode__3639/mapper_loads/9hlpwazgwe1flj_generation_1_1789832656469872527_FIXED_M.json,a71af953276652ef376867f922dfd8824cef49bb464d4eb3552f340c9b437448,leetcode/3639,FIXED_M,,,,0.5413283850066364,,
mapper_checkpoint,primary/tasks/leetcode__3639/mapper_loads/9hlpwazgwe1flj_generation_1_1789832656469872527_ROTATING_H.json,45b3ffa3e8d20e90160ba9894af17339308503109dcb0c0ff4b37ec8d8f30f57,leetcode/3639,ROTATING_H,,,,0.5304084050003439,,
mapper_checkpoint,primary/tasks/leetcode__3639/mapper_loads/9hlpwazgwe1flj_generation_1_1789832656469872527_ROTATING_M.json,bacc1adbf1169790218ea9dfac568cb2ebe44bf09cf28df57d5e286235ea2f04,leetcode/3639,ROTATING_M,,,,0.5340555619914085,,
mapper_checkpoint,primary/tasks/leetcode__3649/mapper_loads/nv36660gsdcw11_generation_0_1789824988462409312_FIXED_H.json,49c57f8c927780381ae1f578a097e217e15eb562042f6bab8b49e4d590c204b4,leetcode/3649,FIXED_H,,,,0.4966825433075428,,
mapper_checkpoint,primary/tasks/leetcode__3649/mapper_loads/nv36660gsdcw11_generation_0_1789824988462409312_FIXED_M.json,4e3ef8feec23f16abab1e7da02119b402b8fef20c0869684551fa969515c81c6,leetcode/3649,FIXED_M,,,,0.5759880691766739,,
mapper_checkpoint,primary/tasks/leetcode__3649/mapper_loads/nv36660gsdcw11_generation_0_1789824988462409312_ROTATING_H.json,8a73375e745107f9396c310cbd2218dfcd990acd9bb4259f198ddb2a17f204f1,leetcode/3649,ROTATING_H,,,,0.5548592153936625,,
mapper_checkpoint,primary/tasks/leetcode__3649/mapper_loads/nv36660gsdcw11_generation_0_1789824988462409312_ROTATING_M.json,999f3639df986a0f1596b1a666af93ce1db00abd17390fe3f9e577db416858a6,leetcode/3649,ROTATING_M,,,,0.5247627962380648,,
mapper_checkpoint,primary/tasks/leetcode__3651/mapper_loads/oianuofedm84rt_generation_2_1789824916910890488_FIXED_H.json,c5af94089042b03160a1f0bd7df9778ef82a9ebff78815cf6a8ee590372f778c,leetcode/3651,FIXED_H,,,,0.492303169099614,,
mapper_checkpoint,primary/tasks/leetcode__3651/mapper_loads/oianuofedm84rt_generation_2_1789824916910890488_ROTATING_H.json,648036b192aa9112be405f95d73734b7ff8be86025ce098e420d2d9222f8cda2,leetcode/3651,ROTATING_H,,,,0.4835323002189398,,
mapper_checkpoint,primary/tasks/leetcode__3651/mapper_loads/oianuofedm84rt_generation_2_1789824916910890488_ROTATING_M.json,aa2adcc523da6cd4dff8895791f83944a1a86cde2d33d2d80f9203d55c2d49b3,leetcode/3651,ROTATING_M,,,,0.48624528711661696,,
mapper_checkpoint,primary/tasks/leetcode__3654/mapper_loads/108w4mmsquk207_generation_1_1789824975188407083_FIXED_H.json,065bd7072a2f9377ec36be791914bf5e4f2182f8d9bb82f3b166793d7720772f,leetcode/3654,FIXED_H,,,,0.5366523056291044,,
mapper_checkpoint,primary/tasks/leetcode__3654/mapper_loads/108w4mmsquk207_generation_1_1789824975188407083_FIXED_M.json,f035da879b7f12fe32a42be791dabda1243e036bd0c819cff3a735366693c57b,leetcode/3654,FIXED_M,,,,0.5315707200206816,,
mapper_checkpoint,primary/tasks/leetcode__3654/mapper_loads/108w4mmsquk207_generation_1_1789824975188407083_ROTATING_H.json,94c406f0cb0a1ac2338ded4833f9c26d9adbcae1a29a3dd0ea85acb858ecbe23,leetcode/3654,ROTATING_H,,,,1.0777417472563684,,
mapper_checkpoint,primary/tasks/leetcode__3654/mapper_loads/108w4mmsquk207_generation_1_1789824975188407083_ROTATING_M.json,b1f71917723c420a849c9b5db2cc9e526aca5d7e813e309199b783f225e56b7c,leetcode/3654,ROTATING_M,,,,1.0144371050409973,,
mapper_checkpoint,primary/tasks/leetcode__3656/mapper_loads/9hlpwazgwe1flj_generation_1_1789832656469872527_FIXED_H.json,ad32b4c990511117a6857807f4d7993c0885845d9f48fe250e40b49adc5d5aaf,leetcode/3656,FIXED_H,,,,0.5344193379860371,,
mapper_checkpoint,primary/tasks/leetcode__3656/mapper_loads/9hlpwazgwe1flj_generation_1_1789832656469872527_ROTATING_H.json,d9533cbb7b6f437e4434203ddc72a6e1b6a40efabb1e0612942538d4ccff2a6f,leetcode/3656,ROTATING_H,,,,0.5242724469862878,,
mapper_checkpoint,primary/tasks/leetcode__3656/mapper_loads/9hlpwazgwe1flj_generation_1_1789832656469872527_ROTATING_M.json,200d84c348eca9dd0609a5c7ab68905100f0b1e5b9220d2b93b2ea5e32099fb1,leetcode/3656,ROTATING_M,,,,0.5250105580780655,,
mapper_checkpoint,primary/tasks/leetcode__3657/mapper_loads/oianuofedm84rt_generation_2_1789824916910890488_FIXED_H.json,a97c7b3b646575678e249385e539775a784ddefb314bd823f2cd5d47bec279a2,leetcode/3657,FIXED_H,,,,0.49003223702311516,,
mapper_checkpoint,primary/tasks/leetcode__3657/mapper_loads/oianuofedm84rt_generation_2_1789824916910890488_FIXED_M.json,2d27622d858441ef677e41451fbc70f562ed7c419613645ee3cfba84338e9e7b,leetcode/3657,FIXED_M,,,,0.5474608009681106,,
mapper_checkpoint,primary/tasks/leetcode__3657/mapper_loads/oianuofedm84rt_generation_2_1789824916910890488_ROTATING_H.json,4ae755c246802a5e24fb45999f0db8b5ed06a1e6808aeaa0edaa681a7afb222f,leetcode/3657,ROTATING_H,,,,0.4740347668994218,,
mapper_checkpoint,primary/tasks/leetcode__3676/mapper_loads/oianuofedm84rt_generation_0_1789824917985484232_FIXED_H.json,8c91be2c01518da38b292b1188f554d4b25a3681c9eebabda7b788bf60d92448,leetcode/3676,FIXED_H,,,,0.4885732789989561,,
mapper_checkpoint,primary/tasks/leetcode__3676/mapper_loads/oianuofedm84rt_generation_0_1789824917985484232_FIXED_M.json,075d828df1a2edeab7708e4d6f7edafd1045dc3eca4aa461806f506b6c278e15,leetcode/3676,FIXED_M,,,,0.4893913909327239,,
mapper_checkpoint,primary/tasks/leetcode__3676/mapper_loads/oianuofedm84rt_generation_0_1789824917985484232_ROTATING_H.json,1ba129821e33cf5cb6498aff192301596ebd580c084005eb8b5af10f8e317363,leetcode/3676,ROTATING_H,,,,0.4967411789111793,,
mapper_checkpoint,primary/tasks/leetcode__3676/mapper_loads/oianuofedm84rt_generation_0_1789824917985484232_ROTATING_M.json,7c81cc6853c35a6368ee57ee2532739b1727da5e0eaf3ffa732ed947d7bc3423,leetcode/3676,ROTATING_M,,,,0.4841690470930189,,
mapper_checkpoint,primary/tasks/leetcode__3682/mapper_loads/w0ycaqip586bjh_generation_0_1789824951358354911_FIXED_H.json,e0fe2c753badef8bda99b71df1406e08daf077de954f85f1d8d4b6f439bc7f18,leetcode/3682,FIXED_H,,,,0.41842349898070097,,
mapper_checkpoint,primary/tasks/leetcode__3682/mapper_loads/w0ycaqip586bjh_generation_0_1789824951358354911_FIXED_M.json,3b773e37602c206b05f58ab8ba455a9e68d26eeaeb957468f090f9ae460f1c45,leetcode/3682,FIXED_M,,,,0.42800206085667014,,
mapper_checkpoint,primary/tasks/leetcode__3682/mapper_loads/w0ycaqip586bjh_generation_0_1789824951358354911_ROTATING_H.json,d185321b5722807a35953ebd2ecc5f3be6ccbc03aff97f8e91669123e5bd5304,leetcode/3682,ROTATING_H,,,,0.413807176053524,,
mapper_checkpoint,primary/tasks/leetcode__3682/mapper_loads/w0ycaqip586bjh_generation_0_1789824951358354911_ROTATING_M.json,20206e4206437a3798670e393fdc11186a6d86790917159343ea8884c367cc6e,leetcode/3682,ROTATING_M,,,,0.42006706539541483,,
mapper_checkpoint,primary/tasks/leetcode__3687/mapper_loads/9hlpwazgwe1flj_generation_1_1789832656469872527_FIXED_H.json,5b7ed7b970cb5dec40fbddc4ce41392120226c03d9e0bdb3ad724db4e39a49b8,leetcode/3687,FIXED_H,,,,0.5199823880102485,,
mapper_checkpoint,primary/tasks/leetcode__3687/mapper_loads/9hlpwazgwe1flj_generation_1_1789832656469872527_FIXED_M.json,8ab4998ad030a396d54369b67a85aacda6f265daf83e7a852d8b4c7db46f5a75,leetcode/3687,FIXED_M,,,,0.5149550060741603,,
mapper_checkpoint,primary/tasks/leetcode__3687/mapper_loads/9hlpwazgwe1flj_generation_1_1789832656469872527_ROTATING_M.json,51f3160690ea0321d199b8931ac919bac59dfd4e82592e5e0fa2601308ca664d,leetcode/3687,ROTATING_M,,,,0.5128084130119532,,
mapper_checkpoint,primary/tasks/leetcode__3688/mapper_loads/nv36660gsdcw11_generation_0_1789824988462409312_FIXED_H.json,15d8af5d88c3a799bea21d1ff89e19ad4d6825f6986ef3885f44c56b05b3e019,leetcode/3688,FIXED_H,,,,0.5582778938114643,,
mapper_checkpoint,primary/tasks/leetcode__3688/mapper_loads/nv36660gsdcw11_generation_0_1789824988462409312_FIXED_M.json,35d79b5c40085d3a87dc9a07c10986429d5f291a2d77417cfee66ece7e747995,leetcode/3688,FIXED_M,,,,0.4363492429256439,,
mapper_checkpoint,primary/tasks/leetcode__3688/mapper_loads/nv36660gsdcw11_generation_0_1789824988462409312_ROTATING_M.json,03794388e221ca8709ea7b5aeb310900b89d1a5eb84583e6566d10ba8109c522,leetcode/3688,ROTATING_M,,,,0.4157983046025038,,
mapper_checkpoint,primary/tasks/leetcode__3690/mapper_loads/nv36660gsdcw11_generation_0_1789824988462409312_FIXED_H.json,6bfec50cca0fa4f03ff09d6be687a8d30057cf9c044fea68cf28346d26e12a72,leetcode/3690,FIXED_H,,,,0.4042186979204416,,
mapper_checkpoint,primary/tasks/leetcode__3690/mapper_loads/nv36660gsdcw11_generation_0_1789824988462409312_FIXED_M.json,205e33c215c0bb10c38cb880b035ced8a91169b4134c84335b26c5866fcbede1,leetcode/3690,FIXED_M,,,,0.44348322972655296,,
mapper_checkpoint,primary/tasks/leetcode__3690/mapper_loads/nv36660gsdcw11_generation_0_1789824988462409312_ROTATING_H.json,ea472a95bb01f049072aca571fc9134c0553f745c52f7e04a7ab79d7f7655635,leetcode/3690,ROTATING_H,,,,0.5584959499537945,,
mapper_checkpoint,primary/tasks/leetcode__3690/mapper_loads/nv36660gsdcw11_generation_0_1789824988462409312_ROTATING_M.json,0e809a006ecd6b6f0f948d716688566c206011a129869146d7c359ec780df789,leetcode/3690,ROTATING_M,,,,0.503864299505949,,
mapper_checkpoint,primary/tasks/leetcode__3692/mapper_loads/yui7pjyfmcz801_generation_0_1789839242938667638_FIXED_H.json,b5d158fc88a328cddd28471284da541f1f3352b4caff33dac2b80c29619e097f,leetcode/3692,FIXED_H,,,,2.1925705885514617,,
mapper_checkpoint,primary/tasks/leetcode__3692/mapper_loads/yui7pjyfmcz801_generation_0_1789839242938667638_FIXED_M.json,cb1b4553e03c6f3acc33fa634918c9fb0eb52006bd02d277c7caf88ee3092f70,leetcode/3692,FIXED_M,,,,0.5240511931478977,,
mapper_checkpoint,primary/tasks/leetcode__3692/mapper_loads/yui7pjyfmcz801_generation_0_1789839242938667638_ROTATING_H.json,805155ccee013b4f7b10823c0f43536e446dc8bada5dbe3e730e54642548aa21,leetcode/3692,ROTATING_H,,,,2.0509334690868855,,
mapper_checkpoint,primary/tasks/leetcode__3692/mapper_loads/yui7pjyfmcz801_generation_0_1789839242938667638_ROTATING_M.json,3add31a6d8392837ed341005c6350f4f90f24430bb6976ebee19069f39fb0bde,leetcode/3692,ROTATING_M,,,,0.5262665320187807,,
mapper_checkpoint,primary/tasks/leetcode__3701/mapper_loads/9hlpwazgwe1flj_generation_1_1789832656469872527_FIXED_H.json,ace8344f050fbe86c2f8ebf03a02ab5981c2340d96eb52079bdd9f7520b9dd7a,leetcode/3701,FIXED_H,,,,0.5116365379653871,,
mapper_checkpoint,primary/tasks/leetcode__3701/mapper_loads/9hlpwazgwe1flj_generation_1_1789832656469872527_ROTATING_H.json,f76bae32ec0c672ee774b7ca69834f2b5886f02cb9a63aa9181a2732611ea961,leetcode/3701,ROTATING_H,,,,0.5085888979956508,,
mapper_checkpoint,primary/tasks/leetcode__3701/mapper_loads/9hlpwazgwe1flj_generation_1_1789832656469872527_ROTATING_M.json,519fcb925797c4396826a17085edd2c628fe0d0780d5e219f7f2f2f702d26246,leetcode/3701,ROTATING_M,,,,0.5090495650656521,,
mapper_checkpoint,primary/tasks/leetcode__3704/mapper_loads/oianuofedm84rt_generation_2_1789824916910890488_FIXED_M.json,3774c648dcbdba4393aa8852664a06b37a8184845e4790943463239d2a7368e6,leetcode/3704,FIXED_M,,,,0.48535423586145043,,
mapper_checkpoint,primary/tasks/leetcode__3704/mapper_loads/oianuofedm84rt_generation_2_1789824916910890488_ROTATING_H.json,7ebf68d8808878134e1ebdb3cec156912af8f509adb4cecffeb22a5de1b912ef,leetcode/3704,ROTATING_H,,,,0.48230983898974955,,
mapper_checkpoint,primary/tasks/leetcode__3704/mapper_loads/oianuofedm84rt_generation_2_1789824916910890488_ROTATING_M.json,f3c8c2c0fbb693fc250d283ae3a006aeda290b21c6fa216bf8ace5d74a4db0f3,leetcode/3704,ROTATING_M,,,,0.4837428769096732,,
mapper_checkpoint,primary/tasks/leetcode__3709/mapper_loads/9hlpwazgwe1flj_generation_1_1789832656469872527_FIXED_H.json,4c51374e7acfc3cda8d60df9872b21c33e401988f781d65ade8c181656a0515f,leetcode/3709,FIXED_H,,,,0.5275808689184487,,
mapper_checkpoint,primary/tasks/leetcode__3709/mapper_loads/9hlpwazgwe1flj_generation_1_1789832656469872527_FIXED_M.json,37b35d696fad69b18815953e073ce3b3c5f254c88db4e65909933dcb39ecbefb,leetcode/3709,FIXED_M,,,,0.5267392909154296,,
mapper_checkpoint,primary/tasks/leetcode__3709/mapper_loads/9hlpwazgwe1flj_generation_1_1789832656469872527_ROTATING_H.json,bbfb810788f33321659622e1a1666806e13e2fb38fe868ed073c608a4789a286,leetcode/3709,ROTATING_H,,,,0.556585879996419,,
mapper_checkpoint,primary/tasks/leetcode__3709/mapper_loads/9hlpwazgwe1flj_generation_1_1789832656469872527_ROTATING_M.json,e63c01f4a42d66cf63ed208e4e0e988395acaec7ebfb19d82ddd7212489b794f,leetcode/3709,ROTATING_M,,,,0.5258260630071163,,
mapper_checkpoint,primary/tasks/leetcode__3714/mapper_loads/9hlpwazgwe1flj_generation_1_1789832656469872527_FIXED_H.json,7f8c107717eea46adb10bb74a9bdf539d27eba96520f61dfa27d3c2df7e48525,leetcode/3714,FIXED_H,,,,0.5316334241069853,,
mapper_checkpoint,primary/tasks/leetcode__3714/mapper_loads/9hlpwazgwe1flj_generation_1_1789832656469872527_FIXED_M.json,998839cc0edd5c59ae122677dc8df0740fb8c1fa551ac61b9b7f7b00c65f2392,leetcode/3714,FIXED_M,,,,0.5304131240118295,,
mapper_checkpoint,primary/tasks/leetcode__3714/mapper_loads/9hlpwazgwe1flj_generation_1_1789832656469872527_ROTATING_M.json,80079d26df79a778dd27c447999bf73cd2b295a8e27565d56a79dd410ed4c310,leetcode/3714,ROTATING_M,,,,0.5268587621394545,,
mapper_checkpoint,primary/tasks/leetcode__3731/mapper_loads/108w4mmsquk207_generation_1_1789824975188407083_FIXED_H.json,e42226079593484db976f4d2778b95d4a6dd89ecbc8f033d00ed57f71c057e2b,leetcode/3731,FIXED_H,,,,0.551607508212328,,
mapper_checkpoint,primary/tasks/leetcode__3731/mapper_loads/108w4mmsquk207_generation_1_1789824975188407083_FIXED_M.json,743ea9c0dcb8edf733dcdd0d655fb1ac97253b2e7a77ab7c9860a1cbab9b9c99,leetcode/3731,FIXED_M,,,,0.5387326027266681,,
mapper_checkpoint,primary/tasks/leetcode__3731/mapper_loads/108w4mmsquk207_generation_1_1789824975188407083_ROTATING_H.json,f0a919e929de4f1898ca1d8001d48f8bc7d1ebf612b794c5b2df5f915fd2cbbc,leetcode/3731,ROTATING_H,,,,0.9539844440296292,,
mapper_checkpoint,primary/tasks/leetcode__3731/mapper_loads/108w4mmsquk207_generation_1_1789824975188407083_ROTATING_M.json,02c8a9fc94536078e39ebef3e934ec2f9bcda616990ccca6d93a573d21346177,leetcode/3731,ROTATING_M,,,,0.9803558229468763,,
mapper_checkpoint,primary/tasks/leetcode__3733/mapper_loads/nv36660gsdcw11_generation_0_1789824988462409312_FIXED_M.json,2e07bdd099033794cfc7c5de8614176290093aa1920a602090089772587d96e0,leetcode/3733,FIXED_M,,,,0.43850055523216724,,
mapper_checkpoint,primary/tasks/leetcode__3733/mapper_loads/nv36660gsdcw11_generation_0_1789824988462409312_ROTATING_H.json,b2b4fa431dfc28f65a64a876a101ef52005873de8ab8ff6a2b4962a24321ce03,leetcode/3733,ROTATING_H,,,,0.5598434209823608,,
mapper_checkpoint,primary/tasks/leetcode__3733/mapper_loads/nv36660gsdcw11_generation_0_1789824988462409312_ROTATING_M.json,c31cf7b900f26b643e1d5276b3ca759a4901074c0fe7a9138416a53eecd5aa2b,leetcode/3733,ROTATING_M,,,,0.5544034708291292,,
mapper_checkpoint,primary/tasks/leetcode__3736/mapper_loads/w0ycaqip586bjh_generation_0_1789824951358354911_FIXED_H.json,9632f75905a89afcefd1fadf9b730a2c18287d1280d4b5e3b729a8464a2e6b9f,leetcode/3736,FIXED_H,,,,0.42785933008417487,,
mapper_checkpoint,primary/tasks/leetcode__3736/mapper_loads/w0ycaqip586bjh_generation_0_1789824951358354911_ROTATING_H.json,deefd28589a52d2ad2409c89e27d8f136e5ed2325031adef67e51ae0adf75f71,leetcode/3736,ROTATING_H,,,,0.41474150214344263,,
mapper_checkpoint,primary/tasks/leetcode__3736/mapper_loads/w0ycaqip586bjh_generation_0_1789824951358354911_ROTATING_M.json,f49c188732072b203fb44aad6abc995f40c4564b3d48338edaf8121db01a9230,leetcode/3736,ROTATING_M,,,,0.4163672192953527,,
mapper_checkpoint,primary/tasks/leetcode__3737/mapper_loads/9hlpwazgwe1flj_generation_1_1789832656469872527_FIXED_H.json,10159ca9b4e96e9b0d224ce588bcf79c367ec5561f23b13202b2ce3380b350e5,leetcode/3737,FIXED_H,,,,0.5274169549811631,,
mapper_checkpoint,primary/tasks/leetcode__3737/mapper_loads/9hlpwazgwe1flj_generation_1_1789832656469872527_FIXED_M.json,96ef37416a2b58eeaab9c95083cbceac2697efacd986ca355e79171ad276684a,leetcode/3737,FIXED_M,,,,0.5237346859648824,,
mapper_checkpoint,primary/tasks/leetcode__3737/mapper_loads/9hlpwazgwe1flj_generation_1_1789832656469872527_ROTATING_H.json,ae6977c67f51e58c5149f88b0679c31350a131552b84b82e9b8cfa8f34e12669,leetcode/3737,ROTATING_H,,,,0.5106870611198246,,
mapper_checkpoint,primary/tasks/leetcode__3737/mapper_loads/9hlpwazgwe1flj_generation_1_1789832656469872527_ROTATING_M.json,d9ba844c76abb8a7c4215d31674847ce4c2db79a5f9b1fb8d59fc46eef6df460,leetcode/3737,ROTATING_M,,,,0.5192521759308875,,
mapper_checkpoint,primary/tasks/leetcode__3744/mapper_loads/w0ycaqip586bjh_generation_0_1789824951358354911_FIXED_H.json,3f415fd0c1a63aa0599f8105b7abcf26151052d1d2d44cebb938f6c02e3aaede,leetcode/3744,FIXED_H,,,,0.424212209880352,,
mapper_checkpoint,primary/tasks/leetcode__3744/mapper_loads/w0ycaqip586bjh_generation_0_1789824951358354911_FIXED_M.json,ea612992c8c1bb90cffc77c68d4ffa466e404a8b40713d316ba24a38ddb1fe73,leetcode/3744,FIXED_M,,,,0.42406765185296535,,
mapper_checkpoint,primary/tasks/leetcode__3744/mapper_loads/w0ycaqip586bjh_generation_0_1789824951358354911_ROTATING_H.json,81e9acde552f1073026fd55ef11a73852f4dbeb9b2ce5b1d5ec2c372c2a28881,leetcode/3744,ROTATING_H,,,,0.4120098231360316,,
mapper_checkpoint,primary/tasks/leetcode__3744/mapper_loads/w0ycaqip586bjh_generation_0_1789824951358354911_ROTATING_M.json,a2877fe0f90061678c0ba3ba0b367af5ae1770eb76f523459f4f9326909a2b81,leetcode/3744,ROTATING_M,,,,0.4144003218971193,,
mapper_checkpoint,primary/tasks/leetcode__3748/mapper_loads/oianuofedm84rt_generation_2_1789824916910890488_FIXED_H.json,2162e6f369562569f98b0d6d2412901e8935c8652259d9c4051aa84e4448d461,leetcode/3748,FIXED_H,,,,0.49057298502884805,,
mapper_checkpoint,primary/tasks/leetcode__3748/mapper_loads/oianuofedm84rt_generation_2_1789824916910890488_FIXED_M.json,85c367892c3896beaec8f3a2334397ef49e407fb7ff90f59ef01018f2fcc3653,leetcode/3748,FIXED_M,,,,0.49175400007516146,,
mapper_checkpoint,primary/tasks/leetcode__3748/mapper_loads/oianuofedm84rt_generation_2_1789824916910890488_ROTATING_H.json,7466e4712f21e7927b5a2c4626e93adba1ccb0dc0b7b678bb517e9abdf0f477b,leetcode/3748,ROTATING_H,,,,0.4845646251924336,,
mapper_checkpoint,primary/tasks/leetcode__3748/mapper_loads/oianuofedm84rt_generation_2_1789824916910890488_ROTATING_M.json,cb32208c031765ce1abff47dec5869e2a1614d67ccd2380dbfe8338acf77b463,leetcode/3748,ROTATING_M,,,,0.48868783307261765,,
mapper_checkpoint,primary/tasks/leetcode__3750/mapper_loads/oianuofedm84rt_generation_2_1789824916910890488_FIXED_H.json,ca0b6187b17b7ccd87819e4c55abba39b92dc972ab1131b9f63e14e12ee01057,leetcode/3750,FIXED_H,,,,0.4794241050258279,,
mapper_checkpoint,primary/tasks/leetcode__3750/mapper_loads/oianuofedm84rt_generation_2_1789824916910890488_ROTATING_H.json,2a4ff00c720e793b06dcbafd07ae9d3cf5afd3c659e29952676f64709391c9dd,leetcode/3750,ROTATING_H,,,,0.4863170951139182,,
mapper_checkpoint,primary/tasks/leetcode__3750/mapper_loads/oianuofedm84rt_generation_2_1789824916910890488_ROTATING_M.json,61506c7e8448922865a11b087f277c259042868e4f82cda41607aa0144172790,leetcode/3750,ROTATING_M,,,,0.47652215394191444,,
mapper_checkpoint,primary/tasks/leetcode__3751/mapper_loads/hrtrqibwru06o6_generation_0_1789827321632969286_FIXED_H.json,3924ceb417df4cb4b01d296b5e5e09bde83b704678b38a7a02281976f89f7c76,leetcode/3751,FIXED_H,,,,0.4530398668721318,,
mapper_checkpoint,primary/tasks/leetcode__3751/mapper_loads/hrtrqibwru06o6_generation_0_1789827321632969286_FIXED_M.json,e5437af9a8d6e845ccdf4111147a3fe3927877ad71c607629270a872538477be,leetcode/3751,FIXED_M,,,,0.4481731723062694,,
mapper_checkpoint,primary/tasks/leetcode__3751/mapper_loads/hrtrqibwru06o6_generation_0_1789827321632969286_ROTATING_H.json,ac4f53549e1619a14c2c700fd2a3cb6648c87b39c6f98dd2a872c17a86d84f77,leetcode/3751,ROTATING_H,,,,0.5419449866749346,,
mapper_checkpoint,primary/tasks/leetcode__3751/mapper_loads/hrtrqibwru06o6_generation_0_1789827321632969286_ROTATING_M.json,0949f23f2a21fe3fa309c98ef8863c80003b1a36173dbd186e9ab780e47b49a9,leetcode/3751,ROTATING_M,,,,0.4339168989099562,,
mapper_checkpoint,primary/tasks/leetcode__3754/mapper_loads/9hlpwazgwe1flj_generation_1_1789832656469872527_FIXED_H.json,fb58a9da4ed40fdf02090b3b1dcb655127ea27b426b89fd80e10d7f0e40efe1e,leetcode/3754,FIXED_H,,,,0.5112802810035646,,
mapper_checkpoint,primary/tasks/leetcode__3754/mapper_loads/9hlpwazgwe1flj_generation_1_1789832656469872527_FIXED_M.json,8974b88824ad71d88817ebeecbc640bd6783b843ad8bad1630f567c27e8c83d9,leetcode/3754,FIXED_M,,,,0.5156629849225283,,
mapper_checkpoint,primary/tasks/leetcode__3754/mapper_loads/9hlpwazgwe1flj_generation_1_1789832656469872527_ROTATING_M.json,fad605041d5aaab9860ea6515c04ff896f2a8ed1451da23f12b1c209b423558b,leetcode/3754,ROTATING_M,,,,0.5110337289515883,,
mapper_checkpoint,primary/tasks/leetcode__3759/mapper_loads/oianuofedm84rt_generation_2_1789824916910890488_FIXED_H.json,df68e069ad9cad93fb5d1f8091a1b4ae6fdcac33053e1540a261672f6d5d29a7,leetcode/3759,FIXED_H,,,,0.4883605930954218,,
mapper_checkpoint,primary/tasks/leetcode__3759/mapper_loads/oianuofedm84rt_generation_2_1789824916910890488_FIXED_M.json,cca35498900c4b5a3a9f3fbe2daef621c50553c63aea591e8babe57388edb5df,leetcode/3759,FIXED_M,,,,0.4887858550064266,,
mapper_checkpoint,primary/tasks/leetcode__3759/mapper_loads/oianuofedm84rt_generation_2_1789824916910890488_ROTATING_H.json,32cbb3a6567fd377063600c9d1bda017c55205dfc7f7522b705e692b63f91104,leetcode/3759,ROTATING_H,,,,0.4884268930181861,,
mapper_checkpoint,primary/tasks/leetcode__3759/mapper_loads/oianuofedm84rt_generation_2_1789824916910890488_ROTATING_M.json,751b6bb07b7e8e7185f8b93a02ee9a4d3c3657910d69587c89e55ae33120db2c,leetcode/3759,ROTATING_M,,,,0.47078877012245357,,
mapper_checkpoint,primary/tasks/leetcode__3763/mapper_loads/108w4mmsquk207_generation_1_1789824975188407083_FIXED_H.json,ddcb3f12daeefff6b00047e3d1a98986206ec9057d5ae229e5a40aa5212a587b,leetcode/3763,FIXED_H,,,,0.5358981098979712,,
mapper_checkpoint,primary/tasks/leetcode__3763/mapper_loads/108w4mmsquk207_generation_1_1789824975188407083_FIXED_M.json,c6cabf073a1212b7c193e163a8c637217aa1a022591d70b50a6ebf64bbc7df14,leetcode/3763,FIXED_M,,,,0.531649115961045,,
mapper_checkpoint,primary/tasks/leetcode__3763/mapper_loads/108w4mmsquk207_generation_1_1789824975188407083_ROTATING_H.json,5d0fa2c5453ee9f4669d9a4e6e988e22aee7b1addd59e659c48783980aca7ee2,leetcode/3763,ROTATING_H,,,,1.0229067006148398,,
mapper_checkpoint,primary/tasks/leetcode__3763/mapper_loads/108w4mmsquk207_generation_1_1789824975188407083_ROTATING_M.json,208b47ee2a05502d3640eca7c01c1f0ca30c6e4c320833835284dd5442f4b7de,leetcode/3763,ROTATING_M,,,,0.9949018047191203,,
mapper_checkpoint,primary/tasks/leetcode__3764/mapper_loads/oianuofedm84rt_generation_2_1789824916910890488_FIXED_H.json,989760bc926cff6efed1c6f6d6774ba23c42e6ef95049a07af1ad61475a55e01,leetcode/3764,FIXED_H,,,,0.4885208089835942,,
mapper_checkpoint,primary/tasks/leetcode__3764/mapper_loads/oianuofedm84rt_generation_2_1789824916910890488_FIXED_M.json,a528a6811a3b43c32b6b155ee721720bbade35791c353a624799c854e92534bf,leetcode/3764,FIXED_M,,,,0.4970106070395559,,
mapper_checkpoint,primary/tasks/leetcode__3764/mapper_loads/oianuofedm84rt_generation_2_1789824916910890488_ROTATING_H.json,6b1ff5df9d65834ef35578c3f42fe15afe791888c770a3ca99cbe721530a4fe9,leetcode/3764,ROTATING_H,,,,0.4979506859090179,,
mapper_checkpoint,primary/tasks/leetcode__3764/mapper_loads/oianuofedm84rt_generation_2_1789824916910890488_ROTATING_M.json,64cf01b0c67a1167649f1110b8f40b3af5672a1dec9900c0f56b573e37aecbac,leetcode/3764,ROTATING_M,,,,0.4837209170218557,,
mapper_checkpoint,primary/tasks/leetcode__3765/mapper_loads/oianuofedm84rt_generation_2_1789824916910890488_FIXED_H.json,a6b86585a48e88947c66e125f14a7275797f24327eedaafdf4afb44c6f9c5c6b,leetcode/3765,FIXED_H,,,,0.5322330510243773,,
mapper_checkpoint,primary/tasks/leetcode__3765/mapper_loads/oianuofedm84rt_generation_2_1789824916910890488_FIXED_M.json,c9e048c6280620c83ee5b770fd8b2b225489b8bee9f9191d31b498a7d7695cd1,leetcode/3765,FIXED_M,,,,0.5298536489717662,,
mapper_checkpoint,primary/tasks/leetcode__3765/mapper_loads/oianuofedm84rt_generation_2_1789824916910890488_ROTATING_H.json,cde3095bfd6f18e89e65ca5d9208b14797cf9b3a41e9c899fcbf848aa0a40b5b,leetcode/3765,ROTATING_H,,,,0.5275149419903755,,
mapper_checkpoint,primary/tasks/leetcode__3765/mapper_loads/oianuofedm84rt_generation_2_1789824916910890488_ROTATING_M.json,3e0f5549637ae900af702f4e6fcc8b99dd02792e1bce954a7db26ec2556b0d6a,leetcode/3765,ROTATING_M,,,,0.5332703168969601,,
mapper_checkpoint,primary/tasks/leetcode__3771/mapper_loads/oianuofedm84rt_generation_2_1789824916910890488_FIXED_H.json,b6fc6f23b055bc5e9c296959c4429accb8f276970781559ecfc9d6ab2f9f2c8b,leetcode/3771,FIXED_H,,,,0.48277798807248473,,
mapper_checkpoint,primary/tasks/leetcode__3771/mapper_loads/oianuofedm84rt_generation_2_1789824916910890488_ROTATING_H.json,7903955d3d91ce8164c8b5f790c838e8c71a61872955e4e95146e0ac89ca27e0,leetcode/3771,ROTATING_H,,,,0.48414973192848265,,
mapper_checkpoint,primary/tasks/leetcode__3771/mapper_loads/oianuofedm84rt_generation_2_1789824916910890488_ROTATING_M.json,51e3c966e95386560e215a11dc5dd475124857867b30d7152bbe6a36092e3e69,leetcode/3771,ROTATING_M,,,,0.4898846261203289,,
mapper_checkpoint,primary/tasks/leetcode__3773/mapper_loads/xnm5v7v3p05b0x_generation_0_1789852543547327728_FIXED_H.json,5349fbd6e297a5a1f3bb9922a53aa865ede1008a9d64f670c7f3f7ea601f99cc,leetcode/3773,FIXED_H,,,,0.4750682911835611,,
mapper_checkpoint,primary/tasks/leetcode__3773/mapper_loads/xnm5v7v3p05b0x_generation_0_1789852543547327728_FIXED_M.json,8b6f2231a7fe8dd49f937877c5db3eacda21a55323d4b26b2cc97e62af2c493c,leetcode/3773,FIXED_M,,,,0.4825840899720788,,
mapper_checkpoint,primary/tasks/leetcode__3773/mapper_loads/xnm5v7v3p05b0x_generation_0_1789852543547327728_ROTATING_H.json,b7e403c9de9f64de4c174f8065ee07fc1c2f19ba179080be5dbc8b0872bf48b1,leetcode/3773,ROTATING_H,,,,0.47072598012164235,,
mapper_checkpoint,primary/tasks/leetcode__3777/mapper_loads/108w4mmsquk207_generation_1_1789824975188407083_FIXED_H.json,17ce55ffe66581eea62c5402d4b52698dd32a419bde93d0ad03eda82602788ce,leetcode/3777,FIXED_H,,,,0.5307288249023259,,
mapper_checkpoint,primary/tasks/leetcode__3777/mapper_loads/108w4mmsquk207_generation_1_1789824975188407083_ROTATING_H.json,be1f0545b24b447a5741959ba6a46ee6aa338965b2163cb6b718dd916391132e,leetcode/3777,ROTATING_H,,,,1.025088069960475,,
mapper_checkpoint,primary/tasks/leetcode__3777/mapper_loads/108w4mmsquk207_generation_1_1789824975188407083_ROTATING_M.json,3df67e97d0543d44189ef1a884a72daf4ebb2b7f9e54118a99f7476becdaad49,leetcode/3777,ROTATING_M,,,,0.8870054204016924,,
mapper_checkpoint,primary/tasks/leetcode__3778/mapper_loads/nv36660gsdcw11_generation_0_1789824988462409312_FIXED_H.json,2d6a83c428ab4b0a43d17dcaaeb8a85fb3063a004485a48032976e1c20e25eb6,leetcode/3778,FIXED_H,,,,0.38785215467214584,,
mapper_checkpoint,primary/tasks/leetcode__3778/mapper_loads/nv36660gsdcw11_generation_0_1789824988462409312_ROTATING_H.json,66de0ab0ec223b5163c1a11cfda25a59ff69a7deb5d19c249962f2391e79bea2,leetcode/3778,ROTATING_H,,,,0.48748911917209625,,
mapper_checkpoint,primary/tasks/leetcode__3778/mapper_loads/nv36660gsdcw11_generation_0_1789824988462409312_ROTATING_M.json,e400ac71c4a23c6cef29607155971e83be7dbc2fc419132e73e6483d3c9388eb,leetcode/3778,ROTATING_M,,,,0.5477031040936708,,
mapper_checkpoint,primary/tasks/leetcode__3781/mapper_loads/oianuofedm84rt_generation_2_1789824916910890488_FIXED_H.json,7dbe81c36a3cd11f0e96c434f7efe1236095758cb881ee4d15adbe577f9c48d1,leetcode/3781,FIXED_H,,,,0.4800998349674046,,
mapper_checkpoint,primary/tasks/leetcode__3781/mapper_loads/oianuofedm84rt_generation_2_1789824916910890488_FIXED_M.json,1deb7b3c0cabf792bcf956e1b3b6a4fbdd5fcbc6b31899958240d2aa53225dcd,leetcode/3781,FIXED_M,,,,0.4912426720838994,,
mapper_checkpoint,primary/tasks/leetcode__3781/mapper_loads/oianuofedm84rt_generation_2_1789824916910890488_ROTATING_M.json,7958fef45b22ba93d194ca947ce29a3e2bc449a258cacaa818df8671b0ff46a3,leetcode/3781,ROTATING_M,,,,0.4838962550275028,,
mapper_checkpoint,primary/tasks/leetcode__3784/mapper_loads/nv36660gsdcw11_generation_0_1789824988462409312_FIXED_H.json,b137801fc8658ff93b05805a7ccd2f376998b785aaaa0afea8423b8b922bdc10,leetcode/3784,FIXED_H,,,,0.5341109745204449,,
mapper_checkpoint,primary/tasks/leetcode__3784/mapper_loads/nv36660gsdcw11_generation_0_1789824988462409312_ROTATING_H.json,e783ccf09042b9d355a71d10b3142fec9f19d12156eb1ee542a81e31649dfe7e,leetcode/3784,ROTATING_H,,,,0.37388698756694794,,
mapper_checkpoint,primary/tasks/leetcode__3784/mapper_loads/nv36660gsdcw11_generation_0_1789824988462409312_ROTATING_M.json,d890ea8800250f34a904a7e1887d8f81dce711bd289370be76bc5e18331ad1f5,leetcode/3784,ROTATING_M,,,,0.3875679597258568,,
mapper_checkpoint,primary/tasks/leetcode__3785/mapper_loads/oianuofedm84rt_generation_2_1789824916910890488_FIXED_H.json,641c22b2dea0a111ce8c570e7ff37943f580bb3d02329d102322e8814512972c,leetcode/3785,FIXED_H,,,,0.477115613874048,,
mapper_checkpoint,primary/tasks/leetcode__3785/mapper_loads/oianuofedm84rt_generation_2_1789824916910890488_FIXED_M.json,7ae23796d61d148e1b354e78bd72b130009bbfb491010760fe790ebe1bc208e1,leetcode/3785,FIXED_M,,,,0.4884340630378574,,
mapper_checkpoint,primary/tasks/leetcode__3785/mapper_loads/oianuofedm84rt_generation_2_1789824916910890488_ROTATING_H.json,47d5449c09bc1965ca5a4b8ee559fe4662d11ba9e26511054e748c59a0a1519d,leetcode/3785,ROTATING_H,,,,0.4774021040648222,,
mapper_checkpoint,primary/tasks/leetcode__3788/mapper_loads/w0ycaqip586bjh_generation_0_1789824951358354911_FIXED_H.json,430ff0b28ef809b37e77b3834ea7a965e078467b6fbb12a25e362abb2a08f0ae,leetcode/3788,FIXED_H,,,,0.43343149591237307,,
mapper_checkpoint,primary/tasks/leetcode__3788/mapper_loads/w0ycaqip586bjh_generation_0_1789824951358354911_FIXED_M.json,63cc16c3cff7c0b075d711dac137711d62cc7a7365f5b6a7651c6f6929bfaa7d,leetcode/3788,FIXED_M,,,,0.5146437902003527,,
mapper_checkpoint,primary/tasks/leetcode__3788/mapper_loads/w0ycaqip586bjh_generation_0_1789824951358354911_ROTATING_H.json,87467d31e30b982b40725f6c98e461906bd0082469a30166e855709f8d9c4bf9,leetcode/3788,ROTATING_H,,,,0.4119440200738609,,
mapper_checkpoint,primary/tasks/leetcode__3788/mapper_loads/w0ycaqip586bjh_generation_0_1789824951358354911_ROTATING_M.json,df9e808dba35cb00c6df7059b925bce1c3cc4c6f96fabbfabfe18d359c6acdba,leetcode/3788,ROTATING_M,,,,0.5070485519245267,,
mapper_checkpoint,primary/tasks/leetcode__3789/mapper_loads/w0ycaqip586bjh_generation_0_1789824951358354911_FIXED_H.json,6ef97d6b02add6c32c78846ea9ae0daa3fe18b12db0d22148356476ed1ad5f58,leetcode/3789,FIXED_H,,,,0.4286072659306228,,
mapper_checkpoint,primary/tasks/leetcode__3789/mapper_loads/w0ycaqip586bjh_generation_0_1789824951358354911_ROTATING_H.json,4061cf218579253c1fc9852576f4db246839da9f298a137a205fb3f64a8b2cef,leetcode/3789,ROTATING_H,,,,0.5117437760345638,,
mapper_checkpoint,primary/tasks/leetcode__3789/mapper_loads/w0ycaqip586bjh_generation_0_1789824951358354911_ROTATING_M.json,2bac3fceed840bd54d49a01858f7291fe94f5891ace374fabf4b62d73471c398,leetcode/3789,ROTATING_M,,,,0.4147985437884927,,
mapper_checkpoint,primary/tasks/leetcode__3791/mapper_loads/oianuofedm84rt_generation_2_1789824916910890488_FIXED_H.json,b4227ef754ba604990fb2469bb36983b0e19c44140d2f1b3801a8e9c40a048d9,leetcode/3791,FIXED_H,,,,0.484722597990185,,
mapper_checkpoint,primary/tasks/leetcode__3791/mapper_loads/oianuofedm84rt_generation_2_1789824916910890488_FIXED_M.json,cb211e36e9d1d2a0d2817b6dda8a7364f8b5aec169e63182ce364d5d84f468c2,leetcode/3791,FIXED_M,,,,0.48422891506925225,,
mapper_checkpoint,primary/tasks/leetcode__3791/mapper_loads/oianuofedm84rt_generation_2_1789824916910890488_ROTATING_H.json,b2f2980f62b63bc56baf32cc7b69d05f3553b179b4b416332881a0bddd724d6f,leetcode/3791,ROTATING_H,,,,0.4898860591929406,,
mapper_checkpoint,primary/tasks/leetcode__3791/mapper_loads/oianuofedm84rt_generation_2_1789824916910890488_ROTATING_M.json,bc40abefb3035476e1a6f86aef030f0b12296e9248a6499799ea0601c3a2faef,leetcode/3791,ROTATING_M,,,,0.4880486268084496,,
mapper_checkpoint,primary/tasks/leetcode__3793/mapper_loads/9hlpwazgwe1flj_generation_1_1789832656469872527_FIXED_M.json,06f044eba16cdf3a88a476d30b537c6c6703d5e8ee7545c0ba7e6fba806826d9,leetcode/3793,FIXED_M,,,,0.5294054760597646,,
mapper_checkpoint,primary/tasks/leetcode__3793/mapper_loads/9hlpwazgwe1flj_generation_1_1789832656469872527_ROTATING_H.json,1e86c3cb841aab015dc61584e14bd1d4d14adf4e26cc85aa15cd9c8641253a4a,leetcode/3793,ROTATING_H,,,,0.5225244399625808,,
mapper_checkpoint,primary/tasks/leetcode__3793/mapper_loads/9hlpwazgwe1flj_generation_1_1789832656469872527_ROTATING_M.json,3d791205e1a9333cf5347fcd525eeeffdb1adc5a61912228de34533a0126ff74,leetcode/3793,ROTATING_M,,,,0.5192394279874861,,
mapper_checkpoint,primary/tasks/leetcode__3794/mapper_loads/nv36660gsdcw11_generation_0_1789824988462409312_FIXED_H.json,5ee29cd57dcf2b06e4d90758d1af5a376fbe76ed8c8de8c3e8bf49ff0ea37f35,leetcode/3794,FIXED_H,,,,0.4312657695263624,,
mapper_checkpoint,primary/tasks/leetcode__3794/mapper_loads/nv36660gsdcw11_generation_0_1789824988462409312_FIXED_M.json,16402fb9018539d6fc4c80036562969cf67916d30f571976d76157ff3f4c9576,leetcode/3794,FIXED_M,,,,0.5635098163038492,,
mapper_checkpoint,primary/tasks/leetcode__3794/mapper_loads/nv36660gsdcw11_generation_0_1789824988462409312_ROTATING_H.json,9755be89cb486f134fec49284d110df8ec8ea8743b52846a7e52f9229c75a31d,leetcode/3794,ROTATING_H,,,,0.5086615029722452,,
mapper_checkpoint,primary/tasks/leetcode__3794/mapper_loads/nv36660gsdcw11_generation_0_1789824988462409312_ROTATING_M.json,b754e724eb723bc341fab38a9706574f5a7d7523b955d51ea701709f023eed11,leetcode/3794,ROTATING_M,,,,0.4861271567642689,,
mapper_checkpoint,primary/tasks/leetcode__3799/mapper_loads/nv36660gsdcw11_generation_0_1789824988462409312_FIXED_H.json,9a4f53e3872cac005ef2aea506fda8e47141bf7213903a1283ed6baba1120ce0,leetcode/3799,FIXED_H,,,,0.5049870908260345,,
mapper_checkpoint,primary/tasks/leetcode__3799/mapper_loads/nv36660gsdcw11_generation_0_1789824988462409312_FIXED_M.json,129be0999f10fb8ee0addd3ea22b3279f63d61a418e31e157a0476e3d973dad7,leetcode/3799,FIXED_M,,,,0.5716569051146507,,
mapper_checkpoint,primary/tasks/leetcode__3799/mapper_loads/nv36660gsdcw11_generation_0_1789824988462409312_ROTATING_M.json,bb0a325e6e5a4b227a1b83693f28b9951c3e32c9a7993bdee51f7294fd591ce6,leetcode/3799,ROTATING_M,,,,0.4959891103208065,,
mapper_checkpoint,primary/tasks/leetcode__3805/mapper_loads/108w4mmsquk207_generation_1_1789824975188407083_FIXED_H.json,6fbb4bb151535d45d51a783b60e6c6f7e9f3d2709354634dc146cfcf03835c6c,leetcode/3805,FIXED_H,,,,0.5350954998284578,,
mapper_checkpoint,primary/tasks/leetcode__3805/mapper_loads/108w4mmsquk207_generation_1_1789824975188407083_FIXED_M.json,ad040fd519fa95a9575cef18a9498e580e12f62ae24e0a57c6b7429def20d49a,leetcode/3805,FIXED_M,,,,0.5527236866764724,,
mapper_checkpoint,primary/tasks/leetcode__3805/mapper_loads/108w4mmsquk207_generation_1_1789824975188407083_ROTATING_H.json,5d733ed9fcc3e07b92f883799d575b969778f88e34be1ea9a6be8f433fde799b,leetcode/3805,ROTATING_H,,,,1.2973992391489446,,
mapper_checkpoint,primary/tasks/leetcode__3811/mapper_loads/hrtrqibwru06o6_generation_1_1789827321680860919_FIXED_H.json,b6c722293090eab1ec4bc5b8f8e42271b1822df3eb33eac55a38ec7a9f89bb2d,leetcode/3811,FIXED_H,,,,0.4120218218304217,,
mapper_checkpoint,primary/tasks/leetcode__3811/mapper_loads/hrtrqibwru06o6_generation_1_1789827321680860919_FIXED_M.json,d2226e4b8cd600a85e7eca648adc87e5d18f33b2c9a3ce45ff3c65dbe04e11fa,leetcode/3811,FIXED_M,,,,0.41420002095401287,,
mapper_checkpoint,primary/tasks/leetcode__3811/mapper_loads/hrtrqibwru06o6_generation_1_1789827321680860919_ROTATING_H.json,32685479e2f42004c08cc3359e8c7e9c1aff8c3042663a56ae113b131a356cad,leetcode/3811,ROTATING_H,,,,0.4088249858468771,,
mapper_checkpoint,primary/tasks/leetcode__3811/mapper_loads/hrtrqibwru06o6_generation_1_1789827321680860919_ROTATING_M.json,4b578010084db1bdae5f20a3aba0aa7074122dd411e85eca4f689168a33db66b,leetcode/3811,ROTATING_M,,,,0.41176401171833277,,
mapper_checkpoint,primary/tasks/leetcode__3832/mapper_loads/108w4mmsquk207_generation_1_1789824975188407083_FIXED_H.json,bb97c05a4d00e9d434a232ac673f1c96befdad1eeb3735f8b568eb8fb0ce4c09,leetcode/3832,FIXED_H,,,,0.5368307721801102,,
mapper_checkpoint,primary/tasks/leetcode__3832/mapper_loads/108w4mmsquk207_generation_1_1789824975188407083_FIXED_M.json,8c67ce2a7ec081fc017707188a4bfc36f2ecf9df9550c13fdfab3a69e01f58ff,leetcode/3832,FIXED_M,,,,0.5238885967992246,,
mapper_checkpoint,primary/tasks/leetcode__3832/mapper_loads/108w4mmsquk207_generation_1_1789824975188407083_ROTATING_H.json,190f8589188890d362bbbaf69c59db1533d9edb9af02a9d767c56835252c6b93,leetcode/3832,ROTATING_H,,,,1.107982053887099,,
mapper_checkpoint,primary/tasks/leetcode__3832/mapper_loads/108w4mmsquk207_generation_1_1789824975188407083_ROTATING_M.json,ad79446fcb2e0ff0593a60658abf4baaf4e3ff544cd3511d5d353c97bb9dd1e5,leetcode/3832,ROTATING_M,,,,1.0701278350315988,,
worker_models,workers/108w4mmsquk207_generation_0/attempts/108w4mmsquk207_generation_0_1789824974811030339/model_setup.json,b47896cf6ca9bc1d97a6b75b468741f6f74f74e4c9de7da32238bf0cb2c3dbaa,,,41.90210189810023,7.8283417178317904,0.016461954917758703,,1789824975.773282,1789825026.4701476
worker_models,workers/108w4mmsquk207_generation_1/attempts/108w4mmsquk207_generation_1_1789824975188407083/model_setup.json,1a5c3926e9e391eb7fc7e940439d9557226e78e91fdd2565cda84025bd6302b5,,,38.94741216581315,6.536989415064454,0.016108260955661535,,1789824976.2611885,1789825022.3971539
worker_models,workers/9hlpwazgwe1flj_generation_0/attempts/9hlpwazgwe1flj_generation_0_1789832656329658715/model_setup.json,5a243ce4193c3139da02ef1ac92e802251b6a0e306453e5dfe773ce9c2f36ecd,,,17.841020427877083,4.885836997069418,0.009301198879256845,,1789832657.2854924,1789832681.0536726
worker_models,workers/9hlpwazgwe1flj_generation_1/attempts/9hlpwazgwe1flj_generation_1_1789832656469872527/model_setup.json,77ef3c2f0344970d6be25d3686cbbf67cc467dfd03f32329899448f06d755265,,,19.213719301857054,5.391392702003941,0.009031031979247928,,1789832657.7054253,1789832682.9526956
worker_models,workers/hrtrqibwru06o6_generation_0/attempts/hrtrqibwru06o6_generation_0_1789827321632969286/model_setup.json,f5c4f96de6324d44d001f23566d56dd9b26988edb88fd513e59775c175192ee0,,,306.0496789398603,79.96248504985124,0.008661956992000341,,1789827322.3192296,1789827709.221403
worker_models,workers/hrtrqibwru06o6_generation_1/attempts/hrtrqibwru06o6_generation_1_1789827321680860919/model_setup.json,43f0a2d3f13b59bd32bf15007aa02917641c9f39a3fceee5de256ee72535045a,,,306.0408174097538,79.96763961296529,0.011380225885659456,,1789827322.680522,1789827709.3058505
worker_models,workers/mytncdi1st3sjc_generation_0/attempts/mytncdi1st3sjc_generation_0_1789829479706277413/model_setup.json,8abe4e7f4ddc45e32c22eace1bd881adcec673c1b24521f5d225dbb47765d365,,,159.8443355616182,37.92205024883151,0.01435728371143341,,1789829481.0449107,1789829679.5900257
worker_models,workers/nv36660gsdcw11_generation_0/attempts/nv36660gsdcw11_generation_0_1789824988462409312/model_setup.json,b1e48ec9429ed3f76e1ec5cbaa6502d68f10ea699b046e81cf81447dd84f8664,,,147.52417885698378,34.64085337333381,0.011871563270688057,,1789824989.6213844,1789825172.5406263
worker_models,workers/oianuofedm84rt_generation_0/attempts/oianuofedm84rt_generation_0_1789824917985484232/model_setup.json,49175490bf5ea305281b5dfc2247f69b65b36bd19c8ddb1d347645d8642cb693,,,19.01997813093476,4.94507898692973,0.011429626028984785,,1789824919.4704509,1789824944.158308
worker_models,workers/oianuofedm84rt_generation_1/attempts/oianuofedm84rt_generation_1_1789824917323248946/model_setup.json,2f0a9bac831c84ad6fc375ef665465e0aaed84bfb7509f55ab5da9c488a72668,,,19.729257964063436,5.042045833077282,0.009472928009927273,,1789824918.3342137,1789824944.752527
worker_models,workers/oianuofedm84rt_generation_2/attempts/oianuofedm84rt_generation_2_1789824916910890488/model_setup.json,9634abe7004be9502103e28212bcc56654ce329d5b9d0539ad2a07d84fc777af,,,21.395058887079358,5.751659265020862,0.009716430911794305,,1789824917.7373154,1789824945.4416652
worker_models,workers/oianuofedm84rt_generation_3/attempts/oianuofedm84rt_generation_3_1789824917649469632/model_setup.json,bd7df1b948dc3c3a4e0986381bab421c75464b6e602aba2963a6f24178edb80f,,,21.643735215067863,5.4269989579916,0.009222144028171897,,1789824918.9931223,1789824947.2447877
worker_models,workers/v7ud2o1wx86y9e_generation_0/attempts/v7ud2o1wx86y9e_generation_0_1789818824225652223/model_setup.json,837d03332fe88fd81043ee44b126e3fe365c7e6825b1707c88bfdf0ec9028551,,,401.81308729574084,101.74458832805976,0.01601007580757141,,1789818825.4443352,1789819329.8039355
worker_models,workers/v7ud2o1wx86y9e_generation_1/attempts/v7ud2o1wx86y9e_generation_1_1789818823940080836/model_setup.json,7a9f808b6e5394990f211fd8e6c9c7bcf4dee0c72819a8ab1cb505c5d4a1d592,,,401.88469494879246,101.75409266585484,0.015893685165792704,,1789818824.9517252,1789819329.7912042
worker_models,workers/w0ycaqip586bjh_generation_0/attempts/w0ycaqip586bjh_generation_0_1789824951358354911/model_setup.json,8099d5d3b4ec9c2648a9e403df44bb47646a8d9e80c883cc12dd89ca4380c191,,,17.962190248072147,4.526925830170512,0.008249834179878235,,1789824952.035868,1789824974.996632
worker_models,workers/x6jy63vp7jvx6n_generation_0/attempts/x6jy63vp7jvx6n_generation_0_1789818812994792696/model_setup.json,a09ac351044014875a9436ac8dda8ea306c6db2a37e6a15dcbb866e1f72fecdb,,,23.779109776951373,5.772035665344447,0.009470094926655293,,1789818813.9081886,1789818844.012699
worker_models,workers/x6jy63vp7jvx6n_generation_1/attempts/x6jy63vp7jvx6n_generation_1_1789818812486414518/model_setup.json,8eefdf2fcaa56d3d02de1e3380530805c72c937eb3d693a2613696959ffed6c6,,,23.667606401257217,6.146733677946031,0.010618225671350956,,1789818813.3004835,1789818843.8392289
worker_models,workers/xnm5v7v3p05b0x_generation_0/attempts/xnm5v7v3p05b0x_generation_0_1789852543547327728/model_setup.json,76098fe9e64cf5e5106a48f0d0d6c45de3cbebeb5483335b87c5ccab8a614a15,,,17.76318351388909,4.984168102964759,0.009542349958792329,,1789852544.363826,1789852567.63395
worker_models,workers/yui7pjyfmcz801_generation_0/attempts/yui7pjyfmcz801_generation_0_1789839242938667638/model_setup.json,ee292c20273a0ff9cbe78a4d41c7d3df013754b0985e9527d0b281e98b6e3775,,,248.89785090088844,62.969120632857084,0.017135173082351685,,1789839243.6494088,1789839556.046907
